episode,total_reward,unstable_frac,mean_mah,epsilon,n_steps,frac_stable,frac_exploratory,frac_adaptive,frac_unstable,agent_id
0,472.0,0.028056112224448898,2.779037946851502,1.0,499,0.5150300601202404,0.21442885771543085,0.24248496993987975,0.028056112224448898,agent_0000
1,481.0,0.022044088176352707,2.6429064236647277,0.97,499,0.4729458917835671,0.23246492985971945,0.2725450901803607,0.022044088176352707,agent_0000
2,472.0,0.03406813627254509,3.0511955592450506,0.9409,499,0.4168336673346693,0.2685370741482966,0.280561122244489,0.03406813627254509,agent_0000
3,484.0,0.02404809619238477,2.7588445091617455,0.912673,499,0.48096192384769537,0.2745490981963928,0.22044088176352705,0.02404809619238477,agent_0000
4,493.0,0.012024048096192385,2.624594038948652,0.8852928099999999,499,0.5110220440881763,0.24048096192384769,0.23647294589178355,0.012024048096192385,agent_0000
5,454.0,0.03807615230460922,2.840240627262805,0.8587340256999999,499,0.45691382765531063,0.2625250501002004,0.24248496993987975,0.03807615230460922,agent_0000
6,484.0,0.018036072144288578,2.6732145247896786,0.8329720049289999,499,0.46693386773547096,0.24649298597194388,0.2685370741482966,0.018036072144288578,agent_0000
7,490.0,0.012024048096192385,2.6534109774228694,0.8079828447811299,499,0.46092184368737477,0.23446893787575152,0.2925851703406814,0.012024048096192385,agent_0000
8,478.0,0.026052104208416832,2.669605794834126,0.783743359437696,499,0.48697394789579157,0.23647294589178355,0.250501002004008,0.026052104208416832,agent_0000
9,472.0,0.03206412825651302,2.9117850217262795,0.7602310586545651,499,0.4649298597194389,0.28256513026052105,0.22044088176352705,0.03206412825651302,agent_0000
10,457.0,0.04008016032064128,3.0847779953415237,0.7374241268949281,499,0.45490981963927857,0.27655310621242485,0.22845691382765532,0.04008016032064128,agent_0000
11,463.0,0.03206412825651302,2.784665690730203,0.7153014030880802,499,0.46292585170340683,0.24448897795591182,0.2605210420841683,0.03206412825651302,agent_0000
12,490.0,0.012024048096192385,2.639206194794834,0.6938423609954378,499,0.45090180360721444,0.2685370741482966,0.2685370741482966,0.012024048096192385,agent_0000
13,469.0,0.036072144288577156,3.0415911327590113,0.6730270901655747,499,0.45691382765531063,0.218436873747495,0.28857715430861725,0.036072144288577156,agent_0000
14,493.0,0.01002004008016032,2.563858666291809,0.6528362774606075,499,0.4589178356713427,0.2665330661322645,0.26452905811623245,0.01002004008016032,agent_0000
15,469.0,0.03006012024048096,2.7857277879649356,0.6332511891367892,499,0.45090180360721444,0.20841683366733466,0.3106212424849699,0.03006012024048096,agent_0000
16,481.0,0.02004008016032064,2.769187146876456,0.6142536534626856,499,0.44288577154308617,0.2565130260521042,0.280561122244489,0.02004008016032064,agent_0000
17,466.0,0.03206412825651302,2.774054950759687,0.595826043858805,499,0.4468937875751503,0.23246492985971945,0.28857715430861725,0.03206412825651302,agent_0000
18,451.0,0.04408817635270541,3.1741877869179014,0.5779512625430409,499,0.41082164328657317,0.2985971943887776,0.24649298597194388,0.04408817635270541,agent_0000
19,484.0,0.02004008016032064,2.688245297912554,0.5606127246667496,499,0.49298597194388777,0.2785571142284569,0.20841683366733466,0.02004008016032064,agent_0000
20,436.0,0.05410821643286573,3.144174747630927,0.5437943429267471,499,0.42685370741482964,0.2625250501002004,0.2565130260521042,0.05410821643286573,agent_0000
21,472.0,0.03406813627254509,2.912644093505461,0.5274805126389447,499,0.5290581162324649,0.21442885771543085,0.22244488977955912,0.03406813627254509,agent_0000
22,481.0,0.028056112224448898,2.773232626539185,0.5116560972597763,499,0.4969939879759519,0.24448897795591182,0.23046092184368738,0.028056112224448898,agent_0000
23,442.0,0.06012024048096192,3.3025652810958084,0.496306414341983,499,0.5150300601202404,0.218436873747495,0.20641282565130262,0.06012024048096192,agent_0000
24,466.0,0.03006012024048096,2.753406693819702,0.48141722191172354,499,0.46292585170340683,0.24448897795591182,0.2625250501002004,0.03006012024048096,agent_0000
25,481.0,0.018036072144288578,2.6167654270414795,0.4669747052543718,499,0.5250501002004008,0.2124248496993988,0.24448897795591182,0.018036072144288578,agent_0000
26,481.0,0.028056112224448898,2.7246774466649843,0.4529654640967406,499,0.5110220440881763,0.22645290581162325,0.23446893787575152,0.028056112224448898,agent_0000
27,469.0,0.028056112224448898,2.752750726938129,0.4393765001738384,499,0.4589178356713427,0.24248496993987975,0.27054108216432865,0.028056112224448898,agent_0000
28,466.0,0.036072144288577156,2.9535535544592415,0.42619520516862325,499,0.45090180360721444,0.2725450901803607,0.24048096192384769,0.036072144288577156,agent_0000
29,490.0,0.008016032064128256,2.5222605192900267,0.4134093490135645,499,0.42685370741482964,0.250501002004008,0.31462925851703405,0.008016032064128256,agent_0000
30,475.0,0.028056112224448898,2.7848396491200336,0.4010070685431576,499,0.5070140280561122,0.25250501002004005,0.2124248496993988,0.028056112224448898,agent_0000
31,484.0,0.02004008016032064,2.703464407373822,0.38897685648686287,499,0.4749498997995992,0.25250501002004005,0.25250501002004005,0.02004008016032064,agent_0000
32,475.0,0.018036072144288578,2.588131405932845,0.377307550792257,499,0.5050100200400801,0.23647294589178355,0.24048096192384769,0.018036072144288578,agent_0000
33,466.0,0.03807615230460922,3.113262289478672,0.36598832426848926,499,0.49498997995991983,0.23246492985971945,0.23446893787575152,0.03807615230460922,agent_0000
34,481.0,0.022044088176352707,2.916100772747714,0.35500867454043455,499,0.3907815631262525,0.27054108216432865,0.3166332665330661,0.022044088176352707,agent_0000
35,496.0,0.006012024048096192,2.522385726839306,0.3443584143042215,499,0.501002004008016,0.250501002004008,0.24248496993987975,0.006012024048096192,agent_0000
36,484.0,0.014028056112224449,2.560085090942041,0.3340276618750948,499,0.48096192384769537,0.24048096192384769,0.26452905811623245,0.014028056112224449,agent_0000
37,478.0,0.022044088176352707,2.7213995608565797,0.32400683201884195,499,0.5170340681362725,0.21442885771543085,0.24649298597194388,0.022044088176352707,agent_0000
38,493.0,0.01603206412825651,2.607982972418343,0.3142866270582767,499,0.47695390781563124,0.26452905811623245,0.24248496993987975,0.01603206412825651,agent_0000
39,478.0,0.02404809619238477,2.717102165665473,0.3048580282465284,499,0.5551102204408818,0.22244488977955912,0.19839679358717435,0.02404809619238477,agent_0000
40,493.0,0.012024048096192385,2.464896423542244,0.2957122873991326,499,0.4729458917835671,0.22244488977955912,0.2925851703406814,0.012024048096192385,agent_0000
41,490.0,0.01002004008016032,2.4851767997943455,0.2868409187771586,499,0.4589178356713427,0.25851703406813625,0.2725450901803607,0.01002004008016032,agent_0000
42,469.0,0.026052104208416832,2.7340259531721314,0.27823569121384384,499,0.5350701402805611,0.23647294589178355,0.20240480961923848,0.026052104208416832,agent_0000
43,469.0,0.026052104208416832,2.8029530850408513,0.2698886204774285,499,0.44288577154308617,0.280561122244489,0.250501002004008,0.026052104208416832,agent_0000
44,499.0,0.01002004008016032,2.682666331608947,0.26179196186310566,499,0.42685370741482964,0.2785571142284569,0.2845691382765531,0.01002004008016032,agent_0000
45,469.0,0.03006012024048096,2.942774832391404,0.2539382030072125,499,0.3687374749498998,0.27054108216432865,0.3306613226452906,0.03006012024048096,agent_0000
46,478.0,0.026052104208416832,2.8477061124399587,0.2463200569169961,499,0.4729458917835671,0.2745490981963928,0.22645290581162325,0.026052104208416832,agent_0000
47,463.0,0.04008016032064128,3.0372893818900195,0.23893045520948622,499,0.4408817635270541,0.26452905811623245,0.2545090180360721,0.04008016032064128,agent_0000
48,478.0,0.03006012024048096,2.9141462840633663,0.23176254155320164,499,0.5571142284569138,0.21643286573146292,0.1963927855711423,0.03006012024048096,agent_0000
49,469.0,0.03206412825651302,2.8639472411846754,0.2248096653066056,499,0.5731462925851704,0.20641282565130262,0.18837675350701402,0.03206412825651302,agent_0000
50,496.0,0.018036072144288578,2.982283619714732,0.21806537534740741,499,0.37074148296593185,0.2785571142284569,0.33266533066132264,0.018036072144288578,agent_0000
51,472.0,0.03206412825651302,2.8429047524852042,0.2115234140869852,499,0.43687374749499,0.24649298597194388,0.2845691382765531,0.03206412825651302,agent_0000
52,490.0,0.01603206412825651,2.8436796899315167,0.20517771166437562,499,0.4408817635270541,0.27054108216432865,0.2725450901803607,0.01603206412825651,agent_0000
53,466.0,0.03006012024048096,2.881659572104966,0.19902238031444436,499,0.5230460921843687,0.218436873747495,0.22845691382765532,0.03006012024048096,agent_0000
54,478.0,0.02404809619238477,2.7476480099816363,0.19305170890501103,499,0.45090180360721444,0.2725450901803607,0.25250501002004005,0.02404809619238477,agent_0000
55,478.0,0.026052104208416832,3.0743099230777866,0.1872601576378607,499,0.3667334669338677,0.312625250501002,0.29458917835671344,0.026052104208416832,agent_0000
56,481.0,0.03006012024048096,3.1143207795345167,0.18164235290872485,499,0.374749498997996,0.3246492985971944,0.27054108216432865,0.03006012024048096,agent_0000
57,490.0,0.012024048096192385,2.4432300008320826,0.1761930823214631,499,0.6132264529058116,0.17835671342685372,0.1963927855711423,0.012024048096192385,agent_0000
58,466.0,0.03406813627254509,2.888993354151842,0.17090728985181922,499,0.4789579158316633,0.24248496993987975,0.24448897795591182,0.03406813627254509,agent_0000
59,496.0,0.006012024048096192,2.517970279759673,0.16578007115626464,499,0.5230460921843687,0.21643286573146292,0.2545090180360721,0.006012024048096192,agent_0000
60,475.0,0.028056112224448898,2.8893025128497896,0.1608066690215767,499,0.4248496993987976,0.2605210420841683,0.2865731462925852,0.028056112224448898,agent_0000
61,493.0,0.006012024048096192,2.4419754698879212,0.1559824689509294,499,0.4589178356713427,0.250501002004008,0.2845691382765531,0.006012024048096192,agent_0000
62,475.0,0.02004008016032064,2.8009242897039037,0.1513029948824015,499,0.4288577154308617,0.27054108216432865,0.280561122244489,0.02004008016032064,agent_0000
63,496.0,0.01002004008016032,2.7197954126240975,0.14676390503592945,499,0.3046092184368738,0.3246492985971944,0.36072144288577157,0.01002004008016032,agent_0000
64,469.0,0.03006012024048096,3.0593694162341127,0.14236098788485158,499,0.3627254509018036,0.30861723446893785,0.2985971943887776,0.03006012024048096,agent_0000
65,487.0,0.01002004008016032,2.646513055144251,0.13809015824830603,499,0.39478957915831664,0.2965931863727455,0.2985971943887776,0.01002004008016032,agent_0000
66,487.0,0.014028056112224449,2.4783415945748617,0.13394745350085685,499,0.5711422845691383,0.1963927855711423,0.218436873747495,0.014028056112224449,agent_0000
67,493.0,0.01002004008016032,2.610283546200365,0.12992902989583113,499,0.48096192384769537,0.2745490981963928,0.23446893787575152,0.01002004008016032,agent_0000
68,466.0,0.03406813627254509,3.00119955312184,0.1260311589989562,499,0.43887775551102204,0.2625250501002004,0.26452905811623245,0.03406813627254509,agent_0000
69,457.0,0.04008016032064128,2.93728402248146,0.12225022422898751,499,0.4468937875751503,0.28857715430861725,0.22444889779559118,0.04008016032064128,agent_0000
70,487.0,0.018036072144288578,3.009451495785487,0.11858271750211788,499,0.3306613226452906,0.34468937875751504,0.3066132264529058,0.018036072144288578,agent_0000
71,475.0,0.03807615230460922,3.0655928602490037,0.11502523597705434,499,0.4248496993987976,0.2865731462925852,0.250501002004008,0.03807615230460922,agent_0000
72,472.0,0.03206412825651302,2.828409515484937,0.1115744788977427,499,0.49498997995991983,0.23046092184368738,0.24248496993987975,0.03206412825651302,agent_0000
73,490.0,0.012024048096192385,2.6027224891000262,0.10822724453081042,499,0.4649298597194389,0.24048096192384769,0.28256513026052105,0.012024048096192385,agent_0000
74,490.0,0.02404809619238477,2.7760259883759155,0.10498042719488611,499,0.48897795591182364,0.23847695390781562,0.24849699398797595,0.02404809619238477,agent_0000
75,475.0,0.028056112224448898,3.02024553416028,0.10183101437903952,499,0.35671342685370744,0.2965931863727455,0.3186372745490982,0.028056112224448898,agent_0000
76,478.0,0.022044088176352707,2.7349215400752005,0.09877608394766833,499,0.4228456913827655,0.2745490981963928,0.280561122244489,0.022044088176352707,agent_0000
77,481.0,0.02404809619238477,2.6399215240280216,0.09581280142923829,499,0.4729458917835671,0.24849699398797595,0.2545090180360721,0.02404809619238477,agent_0000
78,469.0,0.03206412825651302,2.8690175473802793,0.09293841738636113,499,0.5070140280561122,0.24048096192384769,0.22044088176352705,0.03206412825651302,agent_0000
79,457.0,0.04408817635270541,2.9124666627225975,0.09015026486477029,499,0.6312625250501002,0.15030060120240482,0.1743486973947896,0.04408817635270541,agent_0000
80,478.0,0.02004008016032064,2.621955350445566,0.08744575691882718,499,0.5430861723446894,0.25250501002004005,0.1843687374749499,0.02004008016032064,agent_0000
81,487.0,0.018036072144288578,2.7313835170085925,0.08482238421126237,499,0.4909819639278557,0.26452905811623245,0.22645290581162325,0.018036072144288578,agent_0000
82,487.0,0.02004008016032064,2.7519799929740856,0.0822777126849245,499,0.4729458917835671,0.22645290581162325,0.280561122244489,0.02004008016032064,agent_0000
83,472.0,0.028056112224448898,2.912894587967108,0.07980938130437676,499,0.3046092184368738,0.312625250501002,0.35470941883767537,0.028056112224448898,agent_0000
84,496.0,0.006012024048096192,2.647540249227841,0.07741509986524546,499,0.44889779559118237,0.2865731462925852,0.25851703406813625,0.006012024048096192,agent_0000
85,490.0,0.014028056112224449,2.724083640525533,0.0750926468692881,499,0.3867735470941884,0.2845691382765531,0.31462925851703405,0.014028056112224449,agent_0000
86,475.0,0.026052104208416832,2.9113722637566815,0.07283986746320946,499,0.4729458917835671,0.2605210420841683,0.24048096192384769,0.026052104208416832,agent_0000
87,481.0,0.022044088176352707,2.823836476030361,0.07065467143931317,499,0.40681362725450904,0.28857715430861725,0.28256513026052105,0.022044088176352707,agent_0000
88,463.0,0.03807615230460922,2.8487363394603293,0.06853503129613378,499,0.5050100200400801,0.22645290581162325,0.23046092184368738,0.03807615230460922,agent_0000
89,496.0,0.004008016032064128,2.172733536240709,0.06647898035724976,499,0.6352705410821643,0.19839679358717435,0.1623246492985972,0.004008016032064128,agent_0000
90,481.0,0.022044088176352707,2.573421051984973,0.06448461094653227,499,0.5511022044088176,0.20841683366733466,0.218436873747495,0.022044088176352707,agent_0000
91,487.0,0.014028056112224449,2.3754619235689125,0.06255007261813629,499,0.6392785571142284,0.17635270541082165,0.17034068136272545,0.014028056112224449,agent_0000
92,490.0,0.014028056112224449,2.5524125032024387,0.0606735704395922,499,0.5591182364729459,0.20040080160320642,0.22645290581162325,0.014028056112224449,agent_0000
93,493.0,0.006012024048096192,2.4044682204785714,0.05885336332640443,499,0.5551102204408818,0.22044088176352705,0.218436873747495,0.006012024048096192,agent_0000
94,487.0,0.02404809619238477,2.6534478217923745,0.057087762426612294,499,0.5671342685370742,0.18837675350701402,0.22044088176352705,0.02404809619238477,agent_0000
95,472.0,0.028056112224448898,2.8238332187381094,0.05537512955381393,499,0.44889779559118237,0.23446893787575152,0.28857715430861725,0.028056112224448898,agent_0000
96,499.0,0.004008016032064128,2.7141692890775055,0.053713875667199505,499,0.38276553106212424,0.3166332665330661,0.2965931863727455,0.004008016032064128,agent_0000
97,481.0,0.02404809619238477,2.889018993539974,0.05210245939718352,499,0.4028056112224449,0.2865731462925852,0.2865731462925852,0.02404809619238477,agent_0000
98,454.0,0.04208416833667335,3.0610943051283073,0.05053938561526801,499,0.35470941883767537,0.2785571142284569,0.3246492985971944,0.04208416833667335,agent_0000
99,481.0,0.022044088176352707,3.0099462818481237,0.05,499,0.3587174348697395,0.2745490981963928,0.34468937875751504,0.022044088176352707,agent_0000
100,484.0,0.022044088176352707,2.8692173111729757,0.05,499,0.3346693386773547,0.3106212424849699,0.33266533066132264,0.022044088176352707,agent_0000
101,493.0,0.01002004008016032,2.7755187389525338,0.05,499,0.27655310621242485,0.3466933867735471,0.3667334669338677,0.01002004008016032,agent_0000
102,466.0,0.028056112224448898,2.769167057936197,0.05,499,0.43687374749499,0.2565130260521042,0.2785571142284569,0.028056112224448898,agent_0000
103,484.0,0.022044088176352707,2.98546850697681,0.05,499,0.3687374749498998,0.30060120240480964,0.30861723446893785,0.022044088176352707,agent_0000
104,487.0,0.01603206412825651,2.82913190178352,0.05,499,0.3787575150300601,0.3406813627254509,0.26452905811623245,0.01603206412825651,agent_0000
105,487.0,0.014028056112224449,2.6467410111207834,0.05,499,0.43887775551102204,0.2925851703406814,0.2545090180360721,0.014028056112224449,agent_0000
106,487.0,0.014028056112224449,2.778031665167613,0.05,499,0.42685370741482964,0.2725450901803607,0.2865731462925852,0.014028056112224449,agent_0000
107,484.0,0.014028056112224449,2.2506005648920913,0.05,499,0.6933867735470942,0.13226452905811623,0.16032064128256512,0.014028056112224449,agent_0000
108,469.0,0.03006012024048096,2.7093164107424097,0.05,499,0.5390781563126252,0.21442885771543085,0.21643286573146292,0.03006012024048096,agent_0000
109,457.0,0.04208416833667335,3.0218966584491143,0.05,499,0.48296593186372744,0.20440881763527055,0.27054108216432865,0.04208416833667335,agent_0000
110,481.0,0.022044088176352707,2.8452095782153717,0.05,499,0.42084168336673344,0.29458917835671344,0.2625250501002004,0.022044088176352707,agent_0000
111,475.0,0.03406813627254509,2.9827217259679206,0.05,499,0.3867735470941884,0.26452905811623245,0.31462925851703405,0.03406813627254509,agent_0000
112,490.0,0.01603206412825651,2.4612614118933784,0.05,499,0.6192384769539078,0.17234468937875752,0.19238476953907815,0.01603206412825651,agent_0000
113,487.0,0.018036072144288578,2.502433681932791,0.05,499,0.6452905811623246,0.15831663326653306,0.17835671342685372,0.018036072144288578,agent_0000
114,475.0,0.028056112224448898,2.3504014196990535,0.05,499,0.8196392785571143,0.06412825651302605,0.08817635270541083,0.028056112224448898,agent_0000
115,496.0,0.01002004008016032,2.5324132788483498,0.05,499,0.39478957915831664,0.2865731462925852,0.30861723446893785,0.01002004008016032,agent_0000
116,475.0,0.026052104208416832,3.0217466965699447,0.05,499,0.36472945891783565,0.2965931863727455,0.312625250501002,0.026052104208416832,agent_0000
117,469.0,0.028056112224448898,2.918190721527995,0.05,499,0.280561122244489,0.3466933867735471,0.34468937875751504,0.028056112224448898,agent_0000
118,463.0,0.036072144288577156,3.0234138922100264,0.05,499,0.29458917835671344,0.3366733466933868,0.33266533066132264,0.036072144288577156,agent_0000
119,499.0,0.004008016032064128,2.696068463480127,0.05,499,0.3286573146292585,0.2985971943887776,0.3687374749498998,0.004008016032064128,agent_0000
0,481.0,0.022044088176352707,2.6927915192183094,1.0,499,0.4649298597194389,0.23647294589178355,0.27655310621242485,0.022044088176352707,agent_0001
1,472.0,0.03406813627254509,3.001980224498346,0.97,499,0.4468937875751503,0.24448897795591182,0.2745490981963928,0.03406813627254509,agent_0001
2,484.0,0.02404809619238477,2.689123901971505,0.9409,499,0.49298597194388777,0.24849699398797595,0.23446893787575152,0.02404809619238477,agent_0001
3,490.0,0.014028056112224449,2.6358807557811605,0.912673,499,0.4729458917835671,0.25250501002004005,0.2605210420841683,0.014028056112224449,agent_0001
4,454.0,0.03807615230460922,2.9667274908168375,0.8852928099999999,499,0.39478957915831664,0.3046092184368738,0.2625250501002004,0.03807615230460922,agent_0001
5,484.0,0.018036072144288578,2.718704839665483,0.8587340256999999,499,0.4248496993987976,0.27655310621242485,0.280561122244489,0.018036072144288578,agent_0001
6,487.0,0.014028056112224449,2.646281267366885,0.8329720049289999,499,0.46693386773547096,0.22845691382765532,0.2905811623246493,0.014028056112224449,agent_0001
7,478.0,0.026052104208416832,2.7069433205646862,0.8079828447811299,499,0.4649298597194389,0.24448897795591182,0.26452905811623245,0.026052104208416832,agent_0001
8,460.0,0.03807615230460922,3.019635683799761,0.783743359437696,499,0.43687374749499,0.2925851703406814,0.23246492985971945,0.03807615230460922,agent_0001
9,457.0,0.04008016032064128,3.0307117121590523,0.7602310586545651,499,0.46092184368737477,0.2605210420841683,0.23847695390781562,0.04008016032064128,agent_0001
10,463.0,0.03206412825651302,2.8233670901715393,0.7374241268949281,499,0.4228456913827655,0.26452905811623245,0.280561122244489,0.03206412825651302,agent_0001
11,484.0,0.02004008016032064,2.7961420524990244,0.7153014030880802,499,0.4028056112224449,0.30861723446893785,0.2685370741482966,0.02004008016032064,agent_0001
12,472.0,0.03406813627254509,3.0466720224073307,0.6938423609954378,499,0.43887775551102204,0.23647294589178355,0.2905811623246493,0.03406813627254509,agent_0001
13,493.0,0.01002004008016032,2.5890450709443145,0.6730270901655747,499,0.4468937875751503,0.2745490981963928,0.2685370741482966,0.01002004008016032,agent_0001
14,469.0,0.03006012024048096,2.880600024732829,0.6528362774606075,499,0.3787575150300601,0.2565130260521042,0.3346693386773547,0.03006012024048096,agent_0001
15,490.0,0.01002004008016032,2.6602971379276443,0.6332511891367892,499,0.4088176352705411,0.2845691382765531,0.2965931863727455,0.01002004008016032,agent_0001
16,466.0,0.03206412825651302,2.8445013404602504,0.6142536534626856,499,0.42084168336673344,0.250501002004008,0.2965931863727455,0.03206412825651302,agent_0001
17,454.0,0.04008016032064128,3.0014141499358336,0.595826043858805,499,0.44889779559118237,0.2665330661322645,0.24448897795591182,0.04008016032064128,agent_0001
18,484.0,0.02004008016032064,2.728090449518477,0.5779512625430409,499,0.46893787575150303,0.29458917835671344,0.21643286573146292,0.02004008016032064,agent_0001
19,454.0,0.04208416833667335,2.9799140219912506,0.5606127246667496,499,0.45691382765531063,0.23847695390781562,0.2625250501002004,0.04208416833667335,agent_0001
20,481.0,0.028056112224448898,2.853323032617755,0.5437943429267471,499,0.5190380761523046,0.23046092184368738,0.22244488977955912,0.028056112224448898,agent_0001
21,481.0,0.028056112224448898,2.678908667889573,0.5274805126389447,499,0.5430861723446894,0.21442885771543085,0.21442885771543085,0.028056112224448898,agent_0001
22,445.0,0.05811623246492986,3.281935291893744,0.5116560972597763,499,0.5450901803607214,0.2124248496993988,0.1843687374749499,0.05811623246492986,agent_0001
23,466.0,0.03006012024048096,2.6075058012841246,0.496306414341983,499,0.5551102204408818,0.20641282565130262,0.20841683366733466,0.03006012024048096,agent_0001
24,481.0,0.018036072144288578,2.6282341063739803,0.48141722191172354,499,0.5350701402805611,0.20641282565130262,0.24048096192384769,0.018036072144288578,agent_0001
25,481.0,0.028056112224448898,2.827066954937994,0.4669747052543718,499,0.45490981963927857,0.2745490981963928,0.24248496993987975,0.028056112224448898,agent_0001
26,469.0,0.028056112224448898,2.7509862233684164,0.4529654640967406,499,0.4468937875751503,0.23847695390781562,0.2865731462925852,0.028056112224448898,agent_0001
27,466.0,0.036072144288577156,2.9780175468568006,0.4393765001738384,499,0.4749498997995992,0.2625250501002004,0.22645290581162325,0.036072144288577156,agent_0001
28,490.0,0.008016032064128256,2.541197667984935,0.42619520516862325,499,0.41082164328657317,0.2565130260521042,0.3246492985971944,0.008016032064128256,agent_0001
29,478.0,0.026052104208416832,2.8978247487917024,0.4134093490135645,499,0.45090180360721444,0.2845691382765531,0.23847695390781562,0.026052104208416832,agent_0001
30,484.0,0.02004008016032064,2.680848954816139,0.4010070685431576,499,0.4729458917835671,0.2565130260521042,0.250501002004008,0.02004008016032064,agent_0001
31,475.0,0.018036072144288578,2.5745122374553415,0.38897685648686287,499,0.5050100200400801,0.24248496993987975,0.23446893787575152,0.018036072144288578,agent_0001
32,469.0,0.036072144288577156,3.1577408964557225,0.377307550792257,499,0.46693386773547096,0.24849699398797595,0.24849699398797595,0.036072144288577156,agent_0001
33,472.0,0.03006012024048096,3.020993614637593,0.36598832426848926,499,0.40480961923847697,0.2685370741482966,0.2965931863727455,0.03006012024048096,agent_0001
34,496.0,0.006012024048096192,2.544033975234266,0.35500867454043455,499,0.46893787575150303,0.2565130260521042,0.2685370741482966,0.006012024048096192,agent_0001
35,481.0,0.01603206412825651,2.5366022014519087,0.3443584143042215,499,0.501002004008016,0.23246492985971945,0.250501002004008,0.01603206412825651,agent_0001
36,478.0,0.022044088176352707,2.7509822923822225,0.3340276618750948,499,0.47695390781563124,0.23847695390781562,0.2625250501002004,0.022044088176352707,agent_0001
37,493.0,0.01603206412825651,2.6033775527103207,0.32400683201884195,499,0.4849699398797595,0.24649298597194388,0.25250501002004005,0.01603206412825651,agent_0001
38,475.0,0.026052104208416832,2.706985144614432,0.3142866270582767,499,0.531062124248497,0.22444889779559118,0.218436873747495,0.026052104208416832,agent_0001
39,484.0,0.02004008016032064,2.6470660199928804,0.3048580282465284,499,0.44288577154308617,0.2565130260521042,0.280561122244489,0.02004008016032064,agent_0001
40,484.0,0.01603206412825651,2.5690943753999274,0.2957122873991326,499,0.43286573146292584,0.25851703406813625,0.2925851703406814,0.01603206412825651,agent_0001
41,463.0,0.03006012024048096,2.613624526713256,0.2868409187771586,499,0.6032064128256514,0.20440881763527055,0.1623246492985972,0.03006012024048096,agent_0001
42,469.0,0.026052104208416832,2.883405200293794,0.27823569121384384,499,0.3927855711422846,0.3046092184368738,0.27655310621242485,0.026052104208416832,agent_0001
43,499.0,0.01002004008016032,2.697492431369307,0.2698886204774285,499,0.38877755511022044,0.2965931863727455,0.3046092184368738,0.01002004008016032,agent_0001
44,466.0,0.03206412825651302,2.922795630232066,0.26179196186310566,499,0.4308617234468938,0.25851703406813625,0.2785571142284569,0.03206412825651302,agent_0001
45,478.0,0.026052104208416832,2.692734992605402,0.2539382030072125,499,0.5230460921843687,0.22044088176352705,0.23046092184368738,0.026052104208416832,agent_0001
46,472.0,0.03406813627254509,2.8513175118563994,0.2463200569169961,499,0.49498997995991983,0.24448897795591182,0.22645290581162325,0.03406813627254509,agent_0001
47,478.0,0.028056112224448898,2.9598006501677903,0.23893045520948622,499,0.5070140280561122,0.24448897795591182,0.22044088176352705,0.028056112224448898,agent_0001
48,475.0,0.026052104208416832,2.7848749032190625,0.23176254155320164,499,0.591182364729459,0.20440881763527055,0.17835671342685372,0.026052104208416832,agent_0001
49,496.0,0.018036072144288578,2.962916587882183,0.2248096653066056,499,0.37074148296593185,0.2725450901803607,0.33867735470941884,0.018036072144288578,agent_0001
50,472.0,0.03206412825651302,2.8872675338096676,0.21806537534740741,499,0.3967935871743487,0.2785571142284569,0.2925851703406814,0.03206412825651302,agent_0001
51,493.0,0.012024048096192385,2.770476144786591,0.2115234140869852,499,0.42685370741482964,0.280561122244489,0.280561122244489,0.012024048096192385,agent_0001
52,475.0,0.022044088176352707,2.623939768250049,0.20517771166437562,499,0.5551102204408818,0.20040080160320642,0.22244488977955912,0.022044088176352707,agent_0001
53,478.0,0.02404809619238477,2.53871191225849,0.19902238031444436,499,0.5971943887775552,0.1903807615230461,0.18837675350701402,0.02404809619238477,agent_0001
54,478.0,0.026052104208416832,2.7000139256115827,0.19305170890501103,499,0.56312625250501,0.19438877755511022,0.21643286573146292,0.026052104208416832,agent_0001
55,475.0,0.03206412825651302,2.992182634279063,0.1872601576378607,499,0.503006012024048,0.24248496993987975,0.22244488977955912,0.03206412825651302,agent_0001
56,487.0,0.01603206412825651,2.8086749586404554,0.18164235290872485,499,0.4408817635270541,0.2545090180360721,0.28857715430861725,0.01603206412825651,agent_0001
57,469.0,0.028056112224448898,2.8583787126411284,0.1761930823214631,499,0.4589178356713427,0.24649298597194388,0.2665330661322645,0.028056112224448898,agent_0001
58,496.0,0.006012024048096192,2.509119076339883,0.17090728985181922,499,0.5070140280561122,0.2124248496993988,0.2745490981963928,0.006012024048096192,agent_0001
59,475.0,0.026052104208416832,2.6486555876998223,0.16578007115626464,499,0.6032064128256514,0.17835671342685372,0.19238476953907815,0.026052104208416832,agent_0001
60,493.0,0.006012024048096192,2.293533570791706,0.1608066690215767,499,0.5470941883767535,0.20641282565130262,0.24048096192384769,0.006012024048096192,agent_0001
61,463.0,0.026052104208416832,2.5182777254388573,0.1559824689509294,499,0.6032064128256514,0.15831663326653306,0.2124248496993988,0.026052104208416832,agent_0001
62,496.0,0.008016032064128256,2.3765345228927663,0.1513029948824015,499,0.5290581162324649,0.21643286573146292,0.24649298597194388,0.008016032064128256,agent_0001
63,463.0,0.036072144288577156,2.9253800458783275,0.14676390503592945,499,0.5450901803607214,0.23046092184368738,0.18837675350701402,0.036072144288577156,agent_0001
64,493.0,0.006012024048096192,2.4182954212717935,0.14236098788485158,499,0.5230460921843687,0.23847695390781562,0.23246492985971945,0.006012024048096192,agent_0001
65,484.0,0.01603206412825651,2.7030225246076527,0.13809015824830603,499,0.4789579158316633,0.23847695390781562,0.2665330661322645,0.01603206412825651,agent_0001
66,493.0,0.01002004008016032,2.4803586757433247,0.13394745350085685,499,0.5771543086172345,0.22845691382765532,0.1843687374749499,0.01002004008016032,agent_0001
67,466.0,0.03406813627254509,2.9241943357245543,0.12992902989583113,499,0.5110220440881763,0.22244488977955912,0.23246492985971945,0.03406813627254509,agent_0001
68,457.0,0.04008016032064128,2.9003179883344683,0.1260311589989562,499,0.4729458917835671,0.24649298597194388,0.24048096192384769,0.04008016032064128,agent_0001
69,487.0,0.018036072144288578,2.8537144223952478,0.12225022422898751,499,0.40681362725450904,0.280561122244489,0.29458917835671344,0.018036072144288578,agent_0001
70,472.0,0.04008016032064128,3.0478761422719343,0.11858271750211788,499,0.4288577154308617,0.28256513026052105,0.24849699398797595,0.04008016032064128,agent_0001
71,472.0,0.03406813627254509,2.862634143104325,0.11502523597705434,499,0.48897795591182364,0.22244488977955912,0.2545090180360721,0.03406813627254509,agent_0001
72,490.0,0.012024048096192385,2.6953555505594964,0.1115744788977427,499,0.39879759519038077,0.27054108216432865,0.3186372745490982,0.012024048096192385,agent_0001
73,490.0,0.02404809619238477,2.9009265773564246,0.10822724453081042,499,0.39879759519038077,0.2905811623246493,0.2865731462925852,0.02404809619238477,agent_0001
74,475.0,0.028056112224448898,3.0502667974678523,0.10498042719488611,499,0.3346693386773547,0.2965931863727455,0.3406813627254509,0.028056112224448898,agent_0001
75,478.0,0.022044088176352707,2.9543769091045147,0.10183101437903952,499,0.2625250501002004,0.3346693386773547,0.3807615230460922,0.022044088176352707,agent_0001
76,481.0,0.02404809619238477,3.024343432963249,0.09877608394766833,499,0.27054108216432865,0.3587174348697395,0.3466933867735471,0.02404809619238477,agent_0001
77,469.0,0.03206412825651302,2.923109227488048,0.09581280142923829,499,0.44889779559118237,0.22845691382765532,0.2905811623246493,0.03206412825651302,agent_0001
78,454.0,0.04609218436873747,3.0890285148803085,0.09293841738636113,499,0.5150300601202404,0.21643286573146292,0.22244488977955912,0.04609218436873747,agent_0001
79,478.0,0.02004008016032064,2.712717281908013,0.09015026486477029,499,0.4188376753507014,0.3026052104208417,0.25851703406813625,0.02004008016032064,agent_0001
80,487.0,0.02004008016032064,2.9511720812415554,0.08744575691882718,499,0.3587174348697395,0.3366733466933868,0.2845691382765531,0.02004008016032064,agent_0001
81,487.0,0.02004008016032064,2.8414683536682004,0.08482238421126237,499,0.4228456913827655,0.24649298597194388,0.3106212424849699,0.02004008016032064,agent_0001
82,487.0,0.012024048096192385,2.6688689514186064,0.0822777126849245,499,0.3486973947895792,0.2785571142284569,0.36072144288577157,0.012024048096192385,agent_0001
83,496.0,0.006012024048096192,2.605801248324115,0.07980938130437676,499,0.46092184368737477,0.27054108216432865,0.2625250501002004,0.006012024048096192,agent_0001
84,493.0,0.01002004008016032,2.5416496105010205,0.07741509986524546,499,0.45691382765531063,0.250501002004008,0.28256513026052105,0.01002004008016032,agent_0001
85,475.0,0.026052104208416832,3.0054699724149843,0.0750926468692881,499,0.39879759519038077,0.29458917835671344,0.280561122244489,0.026052104208416832,agent_0001
86,481.0,0.022044088176352707,2.7675017587605684,0.07283986746320946,499,0.4288577154308617,0.2725450901803607,0.27655310621242485,0.022044088176352707,agent_0001
87,463.0,0.03807615230460922,2.9276910940816516,0.07065467143931317,499,0.43887775551102204,0.24849699398797595,0.2745490981963928,0.03807615230460922,agent_0001
88,496.0,0.004008016032064128,2.4467132484482295,0.06853503129613378,499,0.4589178356713427,0.2745490981963928,0.2625250501002004,0.004008016032064128,agent_0001
89,484.0,0.018036072144288578,2.7015543786552496,0.06647898035724976,499,0.4168336673346693,0.25851703406813625,0.3066132264529058,0.018036072144288578,agent_0001
90,490.0,0.01002004008016032,2.71083126864195,0.06448461094653227,499,0.3907815631262525,0.2985971943887776,0.30060120240480964,0.01002004008016032,agent_0001
91,490.0,0.01603206412825651,2.7832183491210083,0.06255007261813629,499,0.3727454909819639,0.2725450901803607,0.33867735470941884,0.01603206412825651,agent_0001
92,493.0,0.006012024048096192,2.5845252521100477,0.0606735704395922,499,0.39879759519038077,0.3026052104208417,0.2925851703406814,0.006012024048096192,agent_0001
93,487.0,0.02404809619238477,2.758623623810311,0.05885336332640443,499,0.5070140280561122,0.22645290581162325,0.24248496993987975,0.02404809619238477,agent_0001
94,469.0,0.03006012024048096,2.832992926673653,0.057087762426612294,499,0.46893787575150303,0.24248496993987975,0.25851703406813625,0.03006012024048096,agent_0001
95,499.0,0.004008016032064128,2.601759476594423,0.05537512955381393,499,0.46092184368737477,0.2925851703406814,0.24248496993987975,0.004008016032064128,agent_0001
96,481.0,0.02404809619238477,2.753091629918098,0.053713875667199505,499,0.4749498997995992,0.25250501002004005,0.24849699398797595,0.02404809619238477,agent_0001
97,451.0,0.04609218436873747,3.037773218970331,0.05210245939718352,499,0.48697394789579157,0.23246492985971945,0.23446893787575152,0.04609218436873747,agent_0001
98,481.0,0.022044088176352707,2.9272075841418608,0.05053938561526801,499,0.40681362725450904,0.25250501002004005,0.3186372745490982,0.022044088176352707,agent_0001
99,490.0,0.01603206412825651,2.7753515249130825,0.05,499,0.342685370741483,0.30861723446893785,0.33266533066132264,0.01603206412825651,agent_0001
100,490.0,0.012024048096192385,2.660125604868303,0.05,499,0.3847695390781563,0.30060120240480964,0.3026052104208417,0.012024048096192385,agent_0001
101,466.0,0.028056112224448898,2.9552799480686605,0.05,499,0.30060120240480964,0.32665330661322645,0.34468937875751504,0.028056112224448898,agent_0001
102,490.0,0.014028056112224449,2.6632434234577964,0.05,499,0.47695390781563124,0.250501002004008,0.25851703406813625,0.014028056112224449,agent_0001
103,487.0,0.01603206412825651,2.3474363733264996,0.05,499,0.7074148296593187,0.13226452905811623,0.14428857715430862,0.01603206412825651,agent_0001
104,487.0,0.014028056112224449,2.5675569331664003,0.05,499,0.5190380761523046,0.2725450901803607,0.19438877755511022,0.014028056112224449,agent_0001
105,487.0,0.014028056112224449,2.594760884825,0.05,499,0.5050100200400801,0.22044088176352705,0.2605210420841683,0.014028056112224449,agent_0001
106,484.0,0.014028056112224449,2.6026949214058837,0.05,499,0.42685370741482964,0.2665330661322645,0.2925851703406814,0.014028056112224449,agent_0001
107,478.0,0.022044088176352707,2.902868697049891,0.05,499,0.2925851703406814,0.3066132264529058,0.3787575150300601,0.022044088176352707,agent_0001
108,457.0,0.04208416833667335,3.2222725507225785,0.05,499,0.342685370741483,0.25250501002004005,0.3627254509018036,0.04208416833667335,agent_0001
109,481.0,0.022044088176352707,3.0574534003801825,0.05,499,0.250501002004008,0.36472945891783565,0.3627254509018036,0.022044088176352707,agent_0001
110,454.0,0.04609218436873747,3.279853098763906,0.05,499,0.30060120240480964,0.30060120240480964,0.3527054108216433,0.04609218436873747,agent_0001
111,490.0,0.01603206412825651,2.7502883186389298,0.05,499,0.39478957915831664,0.2685370741482966,0.32064128256513025,0.01603206412825651,agent_0001
112,466.0,0.03006012024048096,2.8841874919219133,0.05,499,0.4589178356713427,0.24849699398797595,0.2625250501002004,0.03006012024048096,agent_0001
113,481.0,0.022044088176352707,2.794160660993871,0.05,499,0.501002004008016,0.2605210420841683,0.21643286573146292,0.022044088176352707,agent_0001
114,496.0,0.01002004008016032,2.0840079195752006,0.05,499,0.7394789579158316,0.12224448897795591,0.1282565130260521,0.01002004008016032,agent_0001
115,475.0,0.028056112224448898,2.8345143295031563,0.05,499,0.5430861723446894,0.22044088176352705,0.20841683366733466,0.028056112224448898,agent_0001
116,469.0,0.028056112224448898,2.6714519034548294,0.05,499,0.48096192384769537,0.27655310621242485,0.21442885771543085,0.028056112224448898,agent_0001
117,460.0,0.036072144288577156,2.7197234061502753,0.05,499,0.5511022044088176,0.22645290581162325,0.18637274549098196,0.036072144288577156,agent_0001
118,499.0,0.004008016032064128,2.254154106096349,0.05,499,0.6132264529058116,0.19238476953907815,0.1903807615230461,0.004008016032064128,agent_0001
119,499.0,0.014028056112224449,2.7187261566898737,0.05,499,0.5290581162324649,0.24649298597194388,0.21042084168336672,0.014028056112224449,agent_0001
0,472.0,0.036072144288577156,3.012597569897317,1.0,499,0.44889779559118237,0.24849699398797595,0.2665330661322645,0.036072144288577156,agent_0002
1,481.0,0.03206412825651302,2.856982822617747,0.97,499,0.48296593186372744,0.2565130260521042,0.22845691382765532,0.03206412825651302,agent_0002
2,490.0,0.014028056112224449,2.6437303844681046,0.9409,499,0.4529058116232465,0.2665330661322645,0.2665330661322645,0.014028056112224449,agent_0002
3,454.0,0.03807615230460922,2.866253813024928,0.912673,499,0.45691382765531063,0.2845691382765531,0.22044088176352705,0.03807615230460922,agent_0002
4,484.0,0.018036072144288578,2.653631980061933,0.8852928099999999,499,0.4849699398797595,0.23446893787575152,0.2625250501002004,0.018036072144288578,agent_0002
5,490.0,0.012024048096192385,2.5895825934937076,0.8587340256999999,499,0.48897795591182364,0.21643286573146292,0.28256513026052105,0.012024048096192385,agent_0002
6,478.0,0.026052104208416832,2.7383600873399363,0.8329720049289999,499,0.4468937875751503,0.2625250501002004,0.26452905811623245,0.026052104208416832,agent_0002
7,460.0,0.03807615230460922,2.961951251147472,0.8079828447811299,499,0.47695390781563124,0.280561122244489,0.20440881763527055,0.03807615230460922,agent_0002
8,460.0,0.03807615230460922,2.986931140119058,0.783743359437696,499,0.4729458917835671,0.25851703406813625,0.23046092184368738,0.03807615230460922,agent_0002
9,463.0,0.03206412825651302,2.780251487937191,0.7602310586545651,499,0.46893787575150303,0.24849699398797595,0.250501002004008,0.03206412825651302,agent_0002
10,490.0,0.012024048096192385,2.677726539982325,0.7374241268949281,499,0.4348697394789579,0.2905811623246493,0.2625250501002004,0.012024048096192385,agent_0002
11,472.0,0.036072144288577156,3.0329488533917766,0.7153014030880802,499,0.46893787575150303,0.22444889779559118,0.27054108216432865,0.036072144288577156,agent_0002
12,493.0,0.01002004008016032,2.4986168305438157,0.6938423609954378,499,0.5090180360721442,0.23246492985971945,0.24849699398797595,0.01002004008016032,agent_0002
13,469.0,0.03006012024048096,2.735167477175817,0.6730270901655747,499,0.4849699398797595,0.19238476953907815,0.2925851703406814,0.03006012024048096,agent_0002
14,490.0,0.012024048096192385,2.6989447678557976,0.6528362774606075,499,0.45090180360721444,0.26452905811623245,0.2725450901803607,0.012024048096192385,agent_0002
15,466.0,0.03206412825651302,2.7250873459103304,0.6332511891367892,499,0.4709418837675351,0.22645290581162325,0.27054108216432865,0.03206412825651302,agent_0002
16,454.0,0.03807615230460922,2.983394506898122,0.6142536534626856,499,0.43887775551102204,0.27054108216432865,0.25250501002004005,0.03807615230460922,agent_0002
17,484.0,0.02004008016032064,2.7739318311883063,0.595826043858805,499,0.4348697394789579,0.3066132264529058,0.23847695390781562,0.02004008016032064,agent_0002
18,454.0,0.04008016032064128,2.8956091546388083,0.5779512625430409,499,0.47695390781563124,0.25250501002004005,0.23046092184368738,0.04008016032064128,agent_0002
19,481.0,0.028056112224448898,2.8160761933993275,0.5606127246667496,499,0.5350701402805611,0.2124248496993988,0.22444889779559118,0.028056112224448898,agent_0002
20,481.0,0.028056112224448898,2.80785946320135,0.5437943429267471,499,0.46092184368737477,0.2725450901803607,0.23847695390781562,0.028056112224448898,agent_0002
21,445.0,0.05811623246492986,3.29704027344409,0.5274805126389447,499,0.4789579158316633,0.24048096192384769,0.22244488977955912,0.05811623246492986,agent_0002
22,484.0,0.01603206412825651,2.6707109387081487,0.5116560972597763,499,0.39478957915831664,0.2745490981963928,0.31462925851703405,0.01603206412825651,agent_0002
23,481.0,0.018036072144288578,2.5941857246485736,0.496306414341983,499,0.5270541082164328,0.218436873747495,0.23647294589178355,0.018036072144288578,agent_0002
24,484.0,0.02404809619238477,2.7024877347340364,0.48141722191172354,499,0.4969939879759519,0.2625250501002004,0.21643286573146292,0.02404809619238477,agent_0002
25,469.0,0.028056112224448898,2.7576770914538002,0.4669747052543718,499,0.4468937875751503,0.24248496993987975,0.28256513026052105,0.028056112224448898,agent_0002
26,466.0,0.036072144288577156,2.852832233793277,0.4529654640967406,499,0.5170340681362725,0.22244488977955912,0.22444889779559118,0.036072144288577156,agent_0002
27,490.0,0.008016032064128256,2.3978525927309318,0.4393765001738384,499,0.5170340681362725,0.218436873747495,0.2565130260521042,0.008016032064128256,agent_0002
28,478.0,0.026052104208416832,2.7225119149848416,0.42619520516862325,499,0.56312625250501,0.2124248496993988,0.19839679358717435,0.026052104208416832,agent_0002
29,475.0,0.028056112224448898,2.753677142612287,0.4134093490135645,499,0.48296593186372744,0.23246492985971945,0.2565130260521042,0.028056112224448898,agent_0002
30,475.0,0.018036072144288578,2.7475854090343987,0.4010070685431576,499,0.4288577154308617,0.2865731462925852,0.2665330661322645,0.018036072144288578,agent_0002
31,475.0,0.03006012024048096,3.0737239423675176,0.38897685648686287,499,0.3907815631262525,0.27655310621242485,0.3026052104208417,0.03006012024048096,agent_0002
32,481.0,0.022044088176352707,2.886934723999088,0.377307550792257,499,0.39879759519038077,0.2685370741482966,0.3106212424849699,0.022044088176352707,agent_0002
33,493.0,0.008016032064128256,2.5575188706358913,0.36598832426848926,499,0.46693386773547096,0.250501002004008,0.2745490981963928,0.008016032064128256,agent_0002
34,481.0,0.01603206412825651,2.5967015614256908,0.35500867454043455,499,0.4709418837675351,0.250501002004008,0.2625250501002004,0.01603206412825651,agent_0002
35,478.0,0.022044088176352707,2.8284904782669487,0.3443584143042215,499,0.4348697394789579,0.2625250501002004,0.280561122244489,0.022044088176352707,agent_0002
36,493.0,0.01603206412825651,2.7934638648259082,0.3340276618750948,499,0.39879759519038077,0.30060120240480964,0.2845691382765531,0.01603206412825651,agent_0002
37,478.0,0.022044088176352707,2.8682185855382643,0.32400683201884195,499,0.38276553106212424,0.29458917835671344,0.30060120240480964,0.022044088176352707,agent_0002
38,493.0,0.012024048096192385,2.634898797352864,0.3142866270582767,499,0.3667334669338677,0.28857715430861725,0.33266533066132264,0.012024048096192385,agent_0002
39,490.0,0.012024048096192385,2.637226235275422,0.3048580282465284,499,0.37074148296593185,0.2845691382765531,0.33266533066132264,0.012024048096192385,agent_0002
40,463.0,0.03006012024048096,2.850060794170546,0.2957122873991326,499,0.47695390781563124,0.2785571142284569,0.21442885771543085,0.03006012024048096,agent_0002
41,469.0,0.02404809619238477,2.880664614951652,0.2868409187771586,499,0.3727454909819639,0.3046092184368738,0.2985971943887776,0.02404809619238477,agent_0002
42,499.0,0.01002004008016032,2.7125869674165313,0.27823569121384384,499,0.3627254509018036,0.2905811623246493,0.3366733466933868,0.01002004008016032,agent_0002
43,466.0,0.03206412825651302,2.9631143578677723,0.2698886204774285,499,0.40480961923847697,0.2625250501002004,0.30060120240480964,0.03206412825651302,agent_0002
44,478.0,0.026052104208416832,2.8486753420618247,0.26179196186310566,499,0.46292585170340683,0.2605210420841683,0.250501002004008,0.026052104208416832,agent_0002
45,466.0,0.04008016032064128,3.1356312848499233,0.2539382030072125,499,0.3927855711422846,0.280561122244489,0.2865731462925852,0.04008016032064128,agent_0002
46,478.0,0.03006012024048096,3.14475372455891,0.2463200569169961,499,0.3927855711422846,0.28857715430861725,0.28857715430861725,0.03006012024048096,agent_0002
47,475.0,0.028056112224448898,2.9250348487111313,0.23893045520948622,499,0.4709418837675351,0.25250501002004005,0.24849699398797595,0.028056112224448898,agent_0002
48,496.0,0.01603206412825651,2.8627329399838164,0.23176254155320164,499,0.4148296593186373,0.24849699398797595,0.32064128256513025,0.01603206412825651,agent_0002
49,469.0,0.03406813627254509,2.9381563946707745,0.2248096653066056,499,0.3967935871743487,0.2745490981963928,0.29458917835671344,0.03406813627254509,agent_0002
50,493.0,0.012024048096192385,2.9046645709521917,0.21806537534740741,499,0.32665330661322645,0.32064128256513025,0.3406813627254509,0.012024048096192385,agent_0002
51,475.0,0.022044088176352707,2.7049521732257773,0.2115234140869852,499,0.5050100200400801,0.21643286573146292,0.2565130260521042,0.022044088176352707,agent_0002
52,478.0,0.02404809619238477,2.830837738451436,0.20517771166437562,499,0.4148296593186373,0.2905811623246493,0.27054108216432865,0.02404809619238477,agent_0002
53,478.0,0.026052104208416832,2.9792578761075053,0.19902238031444436,499,0.38877755511022044,0.2905811623246493,0.29458917835671344,0.026052104208416832,agent_0002
54,466.0,0.03807615230460922,3.1314951650175766,0.19305170890501103,499,0.4088176352705411,0.28256513026052105,0.27054108216432865,0.03807615230460922,agent_0002
55,490.0,0.012024048096192385,2.750881504914841,0.1872601576378607,499,0.4288577154308617,0.25851703406813625,0.30060120240480964,0.012024048096192385,agent_0002
56,469.0,0.028056112224448898,3.018172661349553,0.18164235290872485,499,0.3226452905811623,0.3246492985971944,0.3246492985971944,0.028056112224448898,agent_0002
57,496.0,0.006012024048096192,2.655830098100905,0.1761930823214631,499,0.4308617234468938,0.2665330661322645,0.2965931863727455,0.006012024048096192,agent_0002
58,475.0,0.028056112224448898,2.8983292159207217,0.17090728985181922,499,0.4028056112224449,0.2685370741482966,0.30060120240480964,0.028056112224448898,agent_0002
59,499.0,0.0,2.379155411644417,0.16578007115626464,499,0.42084168336673344,0.24849699398797595,0.3306613226452906,0.0,agent_0002
60,463.0,0.026052104208416832,2.785926755518406,0.1608066690215767,499,0.43887775551102204,0.25250501002004005,0.28256513026052105,0.026052104208416832,agent_0002
61,496.0,0.008016032064128256,2.6642348105430793,0.1559824689509294,499,0.342685370741483,0.312625250501002,0.3366733466933868,0.008016032064128256,agent_0002
62,460.0,0.036072144288577156,3.160615488243064,0.1513029948824015,499,0.35070140280561124,0.3166332665330661,0.2965931863727455,0.036072144288577156,agent_0002
63,487.0,0.01002004008016032,2.765907745300634,0.14676390503592945,499,0.3286573146292585,0.3406813627254509,0.32064128256513025,0.01002004008016032,agent_0002
64,484.0,0.02004008016032064,2.968533168308387,0.14236098788485158,499,0.3246492985971944,0.33266533066132264,0.3226452905811623,0.02004008016032064,agent_0002
65,493.0,0.01002004008016032,2.63226853222453,0.13809015824830603,499,0.4288577154308617,0.280561122244489,0.280561122244489,0.01002004008016032,agent_0002
66,466.0,0.03406813627254509,3.031911074638925,0.13394745350085685,499,0.40480961923847697,0.2725450901803607,0.28857715430861725,0.03406813627254509,agent_0002
67,457.0,0.04008016032064128,2.8929975464319533,0.12992902989583113,499,0.4729458917835671,0.2565130260521042,0.23046092184368738,0.04008016032064128,agent_0002
68,487.0,0.018036072144288578,2.98802258686121,0.1260311589989562,499,0.3306613226452906,0.3406813627254509,0.3106212424849699,0.018036072144288578,agent_0002
69,472.0,0.03807615230460922,2.973369328168736,0.12225022422898751,499,0.4308617234468938,0.2545090180360721,0.27655310621242485,0.03807615230460922,agent_0002
70,457.0,0.04208416833667335,3.187318088096236,0.11858271750211788,499,0.35671342685370744,0.312625250501002,0.28857715430861725,0.04208416833667335,agent_0002
71,490.0,0.012024048096192385,2.7501625639872485,0.11502523597705434,499,0.3907815631262525,0.2865731462925852,0.3106212424849699,0.012024048096192385,agent_0002
72,490.0,0.02404809619238477,2.88357093000991,0.1115744788977427,499,0.44288577154308617,0.2745490981963928,0.25851703406813625,0.02404809619238477,agent_0002
73,466.0,0.04008016032064128,2.8583853696704526,0.10822724453081042,499,0.5450901803607214,0.17234468937875752,0.24248496993987975,0.04008016032064128,agent_0002
74,478.0,0.022044088176352707,2.6020639133356847,0.10498042719488611,499,0.5230460921843687,0.22044088176352705,0.23446893787575152,0.022044088176352707,agent_0002
75,478.0,0.026052104208416832,2.8227305118228805,0.10183101437903952,499,0.4188376753507014,0.2925851703406814,0.2625250501002004,0.026052104208416832,agent_0002
76,469.0,0.03206412825651302,2.9400671992283085,0.09877608394766833,499,0.46893787575150303,0.24248496993987975,0.2565130260521042,0.03206412825651302,agent_0002
77,457.0,0.04408817635270541,3.1463639609934937,0.09581280142923829,499,0.49498997995991983,0.23046092184368738,0.23046092184368738,0.04408817635270541,agent_0002
78,478.0,0.02004008016032064,2.7461665090032468,0.09293841738636113,499,0.4028056112224449,0.3166332665330661,0.2605210420841683,0.02004008016032064,agent_0002
79,487.0,0.018036072144288578,2.7877680757365653,0.09015026486477029,499,0.4248496993987976,0.2905811623246493,0.2665330661322645,0.018036072144288578,agent_0002
80,487.0,0.02004008016032064,2.8470488425071374,0.08744575691882718,499,0.4188376753507014,0.27655310621242485,0.2845691382765531,0.02004008016032064,agent_0002
81,472.0,0.026052104208416832,2.8845531226911185,0.08482238421126237,499,0.3366733466933868,0.3066132264529058,0.3306613226452906,0.026052104208416832,agent_0002
82,496.0,0.006012024048096192,2.677746594325694,0.0822777126849245,499,0.3967935871743487,0.32064128256513025,0.27655310621242485,0.006012024048096192,agent_0002
83,493.0,0.01002004008016032,2.7079639763900385,0.07980938130437676,499,0.33867735470941884,0.3046092184368738,0.3466933867735471,0.01002004008016032,agent_0002
84,487.0,0.01603206412825651,2.9014561329775295,0.07741509986524546,499,0.37074148296593185,0.3026052104208417,0.3106212424849699,0.01603206412825651,agent_0002
85,481.0,0.022044088176352707,2.7824579608215747,0.0750926468692881,499,0.39478957915831664,0.280561122244489,0.3026052104208417,0.022044088176352707,agent_0002
86,475.0,0.03006012024048096,2.9455846161768307,0.07283986746320946,499,0.33867735470941884,0.2845691382765531,0.3466933867735471,0.03006012024048096,agent_0002
87,496.0,0.004008016032064128,2.4496470679494027,0.07065467143931317,499,0.4168336673346693,0.27054108216432865,0.30861723446893785,0.004008016032064128,agent_0002
88,481.0,0.02004008016032064,2.7734177496806196,0.06853503129613378,499,0.3366733466933868,0.2925851703406814,0.35070140280561124,0.02004008016032064,agent_0002
89,490.0,0.01002004008016032,2.717282958067144,0.06647898035724976,499,0.3847695390781563,0.30861723446893785,0.2965931863727455,0.01002004008016032,agent_0002
90,490.0,0.014028056112224449,2.826358295093157,0.06448461094653227,499,0.33867735470941884,0.2865731462925852,0.36072144288577157,0.014028056112224449,agent_0002
91,493.0,0.006012024048096192,2.62859965486265,0.06255007261813629,499,0.33867735470941884,0.312625250501002,0.342685370741483,0.006012024048096192,agent_0002
92,487.0,0.02404809619238477,3.0596048219241703,0.0606735704395922,499,0.36072144288577157,0.3346693386773547,0.280561122244489,0.02404809619238477,agent_0002
93,472.0,0.028056112224448898,2.893483403215528,0.05885336332640443,499,0.44288577154308617,0.25851703406813625,0.27054108216432865,0.028056112224448898,agent_0002
94,499.0,0.004008016032064128,2.454603250923412,0.057087762426612294,499,0.5210420841683366,0.23847695390781562,0.23647294589178355,0.004008016032064128,agent_0002
95,478.0,0.026052104208416832,2.80002685798748,0.05537512955381393,499,0.5571142284569138,0.22044088176352705,0.1963927855711423,0.026052104208416832,agent_0002
96,454.0,0.04208416833667335,2.9390444823211372,0.053713875667199505,499,0.5130260521042084,0.21643286573146292,0.22845691382765532,0.04208416833667335,agent_0002
97,481.0,0.022044088176352707,2.861069932218256,0.05210245939718352,499,0.48897795591182364,0.22244488977955912,0.2665330661322645,0.022044088176352707,agent_0002
98,481.0,0.026052104208416832,2.5144943308450474,0.05053938561526801,499,0.6172344689378757,0.17234468937875752,0.1843687374749499,0.026052104208416832,agent_0002
99,493.0,0.01002004008016032,2.490264687999933,0.05,499,0.5190380761523046,0.23847695390781562,0.23246492985971945,0.01002004008016032,agent_0002
100,466.0,0.03006012024048096,2.5991162004212,0.05,499,0.6152304609218436,0.1843687374749499,0.17034068136272545,0.03006012024048096,agent_0002
101,490.0,0.01603206412825651,2.6090182915526032,0.05,499,0.5350701402805611,0.218436873747495,0.23046092184368738,0.01603206412825651,agent_0002
102,487.0,0.01603206412825651,2.7075910922738546,0.05,499,0.46693386773547096,0.2925851703406814,0.22444889779559118,0.01603206412825651,agent_0002
103,481.0,0.018036072144288578,2.7446083285336016,0.05,499,0.40480961923847697,0.31462925851703405,0.2625250501002004,0.018036072144288578,agent_0002
104,487.0,0.014028056112224449,2.6340202156825154,0.05,499,0.4749498997995992,0.23647294589178355,0.2745490981963928,0.014028056112224449,agent_0002
105,484.0,0.014028056112224449,2.588364474061562,0.05,499,0.4408817635270541,0.24849699398797595,0.2965931863727455,0.014028056112224449,agent_0002
106,478.0,0.022044088176352707,2.743145456925302,0.05,499,0.4348697394789579,0.24448897795591182,0.2985971943887776,0.022044088176352707,agent_0002
107,457.0,0.04609218436873747,3.218317229185497,0.05,499,0.374749498997996,0.24248496993987975,0.3366733466933868,0.04609218436873747,agent_0002
108,472.0,0.03006012024048096,2.7652177484894516,0.05,499,0.5130260521042084,0.24048096192384769,0.21643286573146292,0.03006012024048096,agent_0002
109,466.0,0.03807615230460922,3.0413060029574304,0.05,499,0.38276553106212424,0.2665330661322645,0.312625250501002,0.03807615230460922,agent_0002
110,490.0,0.01603206412825651,2.706746023376156,0.05,499,0.42084168336673344,0.2685370741482966,0.29458917835671344,0.01603206412825651,agent_0002
111,490.0,0.014028056112224449,2.9150920723402565,0.05,499,0.3346693386773547,0.33867735470941884,0.312625250501002,0.014028056112224449,agent_0002
112,481.0,0.022044088176352707,3.0714334240203276,0.05,499,0.29458917835671344,0.34468937875751504,0.33867735470941884,0.022044088176352707,agent_0002
113,496.0,0.01002004008016032,2.560931291336296,0.05,499,0.3927855711422846,0.2985971943887776,0.2985971943887776,0.01002004008016032,agent_0002
114,478.0,0.022044088176352707,2.751039189121014,0.05,499,0.4529058116232465,0.23647294589178355,0.28857715430861725,0.022044088176352707,agent_0002
115,469.0,0.028056112224448898,2.7610351802188946,0.05,499,0.4148296593186373,0.2985971943887776,0.25851703406813625,0.028056112224448898,agent_0002
116,463.0,0.03406813627254509,2.6870740773707102,0.05,499,0.5290581162324649,0.23246492985971945,0.20440881763527055,0.03406813627254509,agent_0002
117,499.0,0.004008016032064128,2.2729850706121866,0.05,499,0.5991983967935872,0.1743486973947896,0.22244488977955912,0.004008016032064128,agent_0002
118,499.0,0.01603206412825651,2.894532154680659,0.05,499,0.4529058116232465,0.25250501002004005,0.2785571142284569,0.01603206412825651,agent_0002
119,484.0,0.02004008016032064,2.83412981191368,0.05,499,0.42685370741482964,0.2845691382765531,0.2685370741482966,0.02004008016032064,agent_0002
0,484.0,0.02404809619238477,2.738581943883678,1.0,499,0.4789579158316633,0.2625250501002004,0.23446893787575152,0.02404809619238477,agent_0003
1,490.0,0.014028056112224449,2.6345952089801887,0.97,499,0.4729458917835671,0.2565130260521042,0.2565130260521042,0.014028056112224449,agent_0003
2,454.0,0.03807615230460922,2.873965074404762,0.9409,499,0.43887775551102204,0.280561122244489,0.24248496993987975,0.03807615230460922,agent_0003
3,484.0,0.018036072144288578,2.715873252363319,0.912673,499,0.44288577154308617,0.2625250501002004,0.27655310621242485,0.018036072144288578,agent_0003
4,490.0,0.012024048096192385,2.7108367017875783,0.8852928099999999,499,0.43286573146292584,0.25250501002004005,0.3026052104208417,0.012024048096192385,agent_0003
5,478.0,0.026052104208416832,2.7860663791447555,0.8587340256999999,499,0.4088176352705411,0.2725450901803607,0.2925851703406814,0.026052104208416832,agent_0003
6,472.0,0.03206412825651302,2.8931576160170076,0.8329720049289999,499,0.48897795591182364,0.2725450901803607,0.20641282565130262,0.03206412825651302,agent_0003
7,460.0,0.04008016032064128,3.0040213191300817,0.8079828447811299,499,0.5070140280561122,0.24649298597194388,0.20641282565130262,0.04008016032064128,agent_0003
8,469.0,0.028056112224448898,2.7286177394449957,0.783743359437696,499,0.47695390781563124,0.23046092184368738,0.26452905811623245,0.028056112224448898,agent_0003
9,490.0,0.012024048096192385,2.6641811043277324,0.7602310586545651,499,0.4288577154308617,0.28857715430861725,0.27054108216432865,0.012024048096192385,agent_0003
10,472.0,0.03406813627254509,3.0504243663862938,0.7374241268949281,499,0.44288577154308617,0.23446893787575152,0.28857715430861725,0.03406813627254509,agent_0003
11,493.0,0.01002004008016032,2.575974075485685,0.7153014030880802,499,0.4709418837675351,0.2565130260521042,0.2625250501002004,0.01002004008016032,agent_0003
12,469.0,0.03006012024048096,2.8043765607915487,0.6938423609954378,499,0.45090180360721444,0.20641282565130262,0.312625250501002,0.03006012024048096,agent_0003
13,487.0,0.012024048096192385,2.5549344193939576,0.6730270901655747,499,0.46693386773547096,0.23847695390781562,0.28256513026052105,0.012024048096192385,agent_0003
14,466.0,0.03206412825651302,2.7496107272344945,0.6528362774606075,499,0.4729458917835671,0.22444889779559118,0.27054108216432865,0.03206412825651302,agent_0003
15,454.0,0.04008016032064128,2.9664720843577057,0.6332511891367892,499,0.43887775551102204,0.27655310621242485,0.24448897795591182,0.04008016032064128,agent_0003
16,484.0,0.02004008016032064,2.716993019025557,0.6142536534626856,499,0.4789579158316633,0.28857715430861725,0.2124248496993988,0.02004008016032064,agent_0003
17,454.0,0.04008016032064128,2.9325611373021014,0.595826043858805,499,0.44288577154308617,0.2625250501002004,0.2545090180360721,0.04008016032064128,agent_0003
18,472.0,0.03406813627254509,2.998139161087133,0.5779512625430409,499,0.4589178356713427,0.24649298597194388,0.2605210420841683,0.03406813627254509,agent_0003
19,481.0,0.028056112224448898,2.82786246391095,0.5606127246667496,499,0.46292585170340683,0.27054108216432865,0.23847695390781562,0.028056112224448898,agent_0003
20,457.0,0.050100200400801605,3.1588742824601743,0.5437943429267471,499,0.49899799599198397,0.23647294589178355,0.21442885771543085,0.050100200400801605,agent_0003
21,481.0,0.018036072144288578,2.5531320300058096,0.5274805126389447,499,0.503006012024048,0.22645290581162325,0.25250501002004005,0.018036072144288578,agent_0003
22,481.0,0.018036072144288578,2.6745570403042542,0.5116560972597763,499,0.4909819639278557,0.23847695390781562,0.25250501002004005,0.018036072144288578,agent_0003
23,481.0,0.026052104208416832,2.794981904667294,0.496306414341983,499,0.46693386773547096,0.2725450901803607,0.23446893787575152,0.026052104208416832,agent_0003
24,469.0,0.028056112224448898,2.838088702090838,0.48141722191172354,499,0.39478957915831664,0.25851703406813625,0.3186372745490982,0.028056112224448898,agent_0003
25,466.0,0.036072144288577156,2.976492328907196,0.4669747052543718,499,0.44488977955911824,0.27054108216432865,0.24849699398797595,0.036072144288577156,agent_0003
26,490.0,0.008016032064128256,2.505753315598278,0.4529654640967406,499,0.43286573146292584,0.24048096192384769,0.3186372745490982,0.008016032064128256,agent_0003
27,478.0,0.026052104208416832,2.7390768265308005,0.4393765001738384,499,0.5170340681362725,0.22244488977955912,0.23446893787575152,0.026052104208416832,agent_0003
28,484.0,0.02004008016032064,2.7419960718125593,0.42619520516862325,499,0.46092184368737477,0.2685370741482966,0.250501002004008,0.02004008016032064,agent_0003
29,475.0,0.018036072144288578,2.5203954069573973,0.4134093490135645,499,0.5731462925851704,0.218436873747495,0.1903807615230461,0.018036072144288578,agent_0003
30,475.0,0.03006012024048096,2.9620455387393076,0.4010070685431576,499,0.49498997995991983,0.23847695390781562,0.23647294589178355,0.03006012024048096,agent_0003
31,472.0,0.028056112224448898,3.117957331777666,0.38897685648686287,499,0.35470941883767537,0.2965931863727455,0.32064128256513025,0.028056112224448898,agent_0003
32,493.0,0.008016032064128256,2.5929005225099018,0.377307550792257,499,0.45490981963927857,0.26452905811623245,0.2725450901803607,0.008016032064128256,agent_0003
33,481.0,0.01603206412825651,2.5956909049299255,0.36598832426848926,499,0.48897795591182364,0.24248496993987975,0.25250501002004005,0.01603206412825651,agent_0003
34,478.0,0.022044088176352707,2.854624017311908,0.35500867454043455,499,0.4348697394789579,0.2685370741482966,0.2745490981963928,0.022044088176352707,agent_0003
35,484.0,0.02404809619238477,2.8678783737936016,0.3443584143042215,499,0.45090180360721444,0.27054108216432865,0.2545090180360721,0.02404809619238477,agent_0003
36,475.0,0.026052104208416832,2.6940199182332445,0.3340276618750948,499,0.5511022044088176,0.21042084168336672,0.2124248496993988,0.026052104208416832,agent_0003
37,493.0,0.012024048096192385,2.5697821786794246,0.32400683201884195,499,0.40480961923847697,0.2545090180360721,0.3286573146292585,0.012024048096192385,agent_0003
38,490.0,0.01002004008016032,2.492914874719585,0.3142866270582767,499,0.4589178356713427,0.24649298597194388,0.2845691382765531,0.01002004008016032,agent_0003
39,469.0,0.026052104208416832,2.846976157596081,0.3048580282465284,499,0.48096192384769537,0.28256513026052105,0.21042084168336672,0.026052104208416832,agent_0003
40,469.0,0.02404809619238477,2.8702116817737235,0.2957122873991326,499,0.37675350701402804,0.3106212424849699,0.28857715430861725,0.02404809619238477,agent_0003
41,499.0,0.01002004008016032,2.6176735270004095,0.2868409187771586,499,0.4308617234468938,0.2665330661322645,0.2925851703406814,0.01002004008016032,agent_0003
42,466.0,0.03206412825651302,2.8655181736954813,0.27823569121384384,499,0.4589178356713427,0.23246492985971945,0.27655310621242485,0.03206412825651302,agent_0003
43,478.0,0.026052104208416832,2.8023692583469995,0.2698886204774285,499,0.46292585170340683,0.2605210420841683,0.250501002004008,0.026052104208416832,agent_0003
44,454.0,0.04609218436873747,3.1543580646741107,0.26179196186310566,499,0.4028056112224449,0.26452905811623245,0.2865731462925852,0.04609218436873747,agent_0003
45,466.0,0.036072144288577156,3.268608464117565,0.2539382030072125,499,0.35470941883767537,0.312625250501002,0.2965931863727455,0.036072144288577156,agent_0003
46,475.0,0.026052104208416832,3.0816356538569702,0.2463200569169961,499,0.3687374749498998,0.312625250501002,0.2925851703406814,0.026052104208416832,agent_0003
47,496.0,0.018036072144288578,2.794292952417114,0.23893045520948622,499,0.503006012024048,0.218436873747495,0.2605210420841683,0.018036072144288578,agent_0003
48,454.0,0.04408817635270541,2.8924037211085594,0.23176254155320164,499,0.5370741482965932,0.20841683366733466,0.21042084168336672,0.04408817635270541,agent_0003
49,493.0,0.012024048096192385,2.746420335298245,0.2248096653066056,499,0.43286573146292584,0.2565130260521042,0.2985971943887776,0.012024048096192385,agent_0003
50,475.0,0.022044088176352707,2.701478863809592,0.21806537534740741,499,0.5090180360721442,0.21442885771543085,0.2545090180360721,0.022044088176352707,agent_0003
51,478.0,0.02404809619238477,2.9744200154059963,0.2115234140869852,499,0.3166332665330661,0.3366733466933868,0.3226452905811623,0.02404809619238477,agent_0003
52,478.0,0.026052104208416832,3.0956016862603595,0.20517771166437562,499,0.33266533066132264,0.33266533066132264,0.30861723446893785,0.026052104208416832,agent_0003
53,475.0,0.03006012024048096,3.064392363969996,0.19902238031444436,499,0.374749498997996,0.3106212424849699,0.2845691382765531,0.03006012024048096,agent_0003
54,490.0,0.012024048096192385,2.7042079766688167,0.19305170890501103,499,0.44488977955911824,0.23446893787575152,0.30861723446893785,0.012024048096192385,agent_0003
55,469.0,0.028056112224448898,2.9484852294094166,0.1872601576378607,499,0.40080160320641284,0.2925851703406814,0.2785571142284569,0.028056112224448898,agent_0003
56,496.0,0.006012024048096192,2.6226989508172256,0.18164235290872485,499,0.4468937875751503,0.2605210420841683,0.2865731462925852,0.006012024048096192,agent_0003
57,475.0,0.026052104208416832,2.8007735998522327,0.1761930823214631,499,0.4529058116232465,0.24048096192384769,0.280561122244489,0.026052104208416832,agent_0003
58,493.0,0.006012024048096192,2.2495015306442756,0.17090728985181922,499,0.5751503006012024,0.1903807615230461,0.22845691382765532,0.006012024048096192,agent_0003
59,472.0,0.022044088176352707,2.6587962715834776,0.16578007115626464,499,0.5551102204408818,0.20440881763527055,0.218436873747495,0.022044088176352707,agent_0003
60,496.0,0.008016032064128256,2.5538374159319344,0.1608066690215767,499,0.3907815631262525,0.2865731462925852,0.31462925851703405,0.008016032064128256,agent_0003
61,460.0,0.036072144288577156,3.1170943974048706,0.1559824689509294,499,0.3727454909819639,0.3066132264529058,0.2845691382765531,0.036072144288577156,agent_0003
62,493.0,0.006012024048096192,2.6286936873307387,0.1513029948824015,499,0.3847695390781563,0.3106212424849699,0.2985971943887776,0.006012024048096192,agent_0003
63,481.0,0.022044088176352707,2.943326497844274,0.14676390503592945,499,0.4148296593186373,0.27054108216432865,0.2925851703406814,0.022044088176352707,agent_0003
64,493.0,0.01002004008016032,2.6177058273758105,0.14236098788485158,499,0.48096192384769537,0.2725450901803607,0.23647294589178355,0.01002004008016032,agent_0003
65,463.0,0.036072144288577156,3.089487325325919,0.13809015824830603,499,0.4148296593186373,0.2565130260521042,0.2925851703406814,0.036072144288577156,agent_0003
66,463.0,0.036072144288577156,2.8728681328765813,0.13394745350085685,499,0.46893787575150303,0.26452905811623245,0.23046092184368738,0.036072144288577156,agent_0003
67,487.0,0.018036072144288578,2.58928563360557,0.12992902989583113,499,0.5511022044088176,0.20240480961923848,0.22845691382765532,0.018036072144288578,agent_0003
68,475.0,0.03807615230460922,3.167353537456865,0.1260311589989562,499,0.3406813627254509,0.3306613226452906,0.2905811623246493,0.03807615230460922,agent_0003
69,463.0,0.03807615230460922,3.168766977395023,0.12225022422898751,499,0.342685370741483,0.32064128256513025,0.2985971943887776,0.03807615230460922,agent_0003
70,490.0,0.012024048096192385,2.7994092857428363,0.11858271750211788,499,0.3687374749498998,0.2965931863727455,0.3226452905811623,0.012024048096192385,agent_0003
71,490.0,0.02404809619238477,2.789256765764605,0.11502523597705434,499,0.49498997995991983,0.24649298597194388,0.23446893787575152,0.02404809619238477,agent_0003
72,469.0,0.03406813627254509,3.019396500659346,0.1115744788977427,499,0.3927855711422846,0.2685370741482966,0.3046092184368738,0.03406813627254509,agent_0003
73,475.0,0.026052104208416832,2.977295640784916,0.10822724453081042,499,0.37675350701402804,0.2745490981963928,0.3226452905811623,0.026052104208416832,agent_0003
74,481.0,0.02404809619238477,2.8924056245455185,0.10498042719488611,499,0.3527054108216433,0.312625250501002,0.3106212424849699,0.02404809619238477,agent_0003
75,469.0,0.03206412825651302,2.943731293669873,0.10183101437903952,499,0.4408817635270541,0.23847695390781562,0.28857715430861725,0.03206412825651302,agent_0003
76,463.0,0.03807615230460922,3.016733962760063,0.09877608394766833,499,0.49498997995991983,0.21442885771543085,0.25250501002004005,0.03807615230460922,agent_0003
77,478.0,0.02004008016032064,2.783601565253883,0.09581280142923829,499,0.4308617234468938,0.3166332665330661,0.23246492985971945,0.02004008016032064,agent_0003
78,487.0,0.02004008016032064,2.671642480445311,0.09293841738636113,499,0.5250501002004008,0.23446893787575152,0.22044088176352705,0.02004008016032064,agent_0003
79,487.0,0.02004008016032064,2.7554662602209152,0.09015026486477029,499,0.45691382765531063,0.23446893787575152,0.28857715430861725,0.02004008016032064,agent_0003
80,469.0,0.03006012024048096,2.6963600188820025,0.08744575691882718,499,0.501002004008016,0.22044088176352705,0.24849699398797595,0.03006012024048096,agent_0003
81,490.0,0.012024048096192385,2.2687825887744006,0.08482238421126237,499,0.7334669338677354,0.12625250501002003,0.1282565130260521,0.012024048096192385,agent_0003
82,466.0,0.03206412825651302,2.6918648625592145,0.0822777126849245,499,0.5490981963927856,0.20240480961923848,0.21643286573146292,0.03206412825651302,agent_0003
83,475.0,0.026052104208416832,2.744078311765433,0.07980938130437676,499,0.5691382765531062,0.21643286573146292,0.18837675350701402,0.026052104208416832,agent_0003
84,481.0,0.022044088176352707,2.470904654340398,0.07741509986524546,499,0.5991983967935872,0.19238476953907815,0.18637274549098196,0.022044088176352707,agent_0003
85,475.0,0.03006012024048096,2.65753811198073,0.0750926468692881,499,0.5711422845691383,0.18036072144288579,0.218436873747495,0.03006012024048096,agent_0003
86,496.0,0.004008016032064128,2.3295901899883122,0.07283986746320946,499,0.531062124248497,0.22845691382765532,0.23647294589178355,0.004008016032064128,agent_0003
87,484.0,0.018036072144288578,2.70335666324219,0.07065467143931317,499,0.4408817635270541,0.2685370741482966,0.2725450901803607,0.018036072144288578,agent_0003
88,490.0,0.01002004008016032,2.5466717275266233,0.06853503129613378,499,0.5130260521042084,0.23647294589178355,0.24048096192384769,0.01002004008016032,agent_0003
89,490.0,0.01603206412825651,2.635524358903171,0.06647898035724976,499,0.4969939879759519,0.22044088176352705,0.2665330661322645,0.01603206412825651,agent_0003
90,493.0,0.006012024048096192,2.5139942576709187,0.06448461094653227,499,0.4408817635270541,0.2745490981963928,0.2785571142284569,0.006012024048096192,agent_0003
91,484.0,0.026052104208416832,3.0005495977949277,0.06255007261813629,499,0.3907815631262525,0.2925851703406814,0.2905811623246493,0.026052104208416832,agent_0003
92,472.0,0.028056112224448898,2.868054645412232,0.0606735704395922,499,0.44488977955911824,0.250501002004008,0.27655310621242485,0.028056112224448898,agent_0003
93,499.0,0.004008016032064128,2.614491702943032,0.05885336332640443,499,0.4468937875751503,0.28857715430861725,0.2605210420841683,0.004008016032064128,agent_0003
94,481.0,0.02404809619238477,2.9433734873198825,0.057087762426612294,499,0.3587174348697395,0.2785571142284569,0.33867735470941884,0.02404809619238477,agent_0003
95,457.0,0.03807615230460922,2.9721763036369557,0.05537512955381393,499,0.3907815631262525,0.280561122244489,0.2905811623246493,0.03807615230460922,agent_0003
96,481.0,0.022044088176352707,2.846309966876875,0.053713875667199505,499,0.44889779559118237,0.23446893787575152,0.29458917835671344,0.022044088176352707,agent_0003
97,490.0,0.01603206412825651,2.6310326537224857,0.05210245939718352,499,0.4749498997995992,0.2605210420841683,0.24849699398797595,0.01603206412825651,agent_0003
98,490.0,0.012024048096192385,2.726227324474909,0.05053938561526801,499,0.3727454909819639,0.3186372745490982,0.2965931863727455,0.012024048096192385,agent_0003
99,466.0,0.03006012024048096,2.758050378683734,0.05,499,0.5110220440881763,0.22444889779559118,0.23446893787575152,0.03006012024048096,agent_0003
100,490.0,0.014028056112224449,2.8212537345943156,0.05,499,0.3927855711422846,0.27655310621242485,0.3166332665330661,0.014028056112224449,agent_0003
101,487.0,0.01603206412825651,2.893579595974756,0.05,499,0.3787575150300601,0.342685370741483,0.2625250501002004,0.01603206412825651,agent_0003
102,487.0,0.014028056112224449,2.773143443831716,0.05,499,0.3587174348697395,0.2985971943887776,0.3286573146292585,0.014028056112224449,agent_0003
103,487.0,0.014028056112224449,2.848481383649724,0.05,499,0.35470941883767537,0.29458917835671344,0.3366733466933868,0.014028056112224449,agent_0003
104,478.0,0.018036072144288578,2.7288145734233367,0.05,499,0.4188376753507014,0.280561122244489,0.28256513026052105,0.018036072144288578,agent_0003
105,478.0,0.022044088176352707,2.71359827933366,0.05,499,0.47695390781563124,0.24649298597194388,0.2545090180360721,0.022044088176352707,agent_0003
106,457.0,0.04408817635270541,3.1528097972864386,0.05,499,0.4408817635270541,0.22845691382765532,0.2865731462925852,0.04408817635270541,agent_0003
107,481.0,0.022044088176352707,2.9125479766987423,0.05,499,0.37675350701402804,0.30861723446893785,0.2925851703406814,0.022044088176352707,agent_0003
108,469.0,0.036072144288577156,2.869010062697708,0.05,499,0.44288577154308617,0.22645290581162325,0.29458917835671344,0.036072144288577156,agent_0003
109,490.0,0.01603206412825651,2.754436070354916,0.05,499,0.4408817635270541,0.25250501002004005,0.2905811623246493,0.01603206412825651,agent_0003
110,472.0,0.026052104208416832,3.0493950048397487,0.05,499,0.33266533066132264,0.3186372745490982,0.3226452905811623,0.026052104208416832,agent_0003
111,481.0,0.022044088176352707,2.978772725673458,0.05,499,0.3246492985971944,0.3166332665330661,0.3366733466933868,0.022044088176352707,agent_0003
112,496.0,0.01002004008016032,2.6146896982172416,0.05,499,0.3807615230460922,0.3226452905811623,0.2865731462925852,0.01002004008016032,agent_0003
113,478.0,0.022044088176352707,2.831470044278629,0.05,499,0.42685370741482964,0.28256513026052105,0.2685370741482966,0.022044088176352707,agent_0003
114,469.0,0.028056112224448898,2.7242646861192927,0.05,499,0.43887775551102204,0.3046092184368738,0.22845691382765532,0.028056112224448898,agent_0003
115,460.0,0.03807615230460922,2.825291089871264,0.05,499,0.4529058116232465,0.2685370741482966,0.24048096192384769,0.03807615230460922,agent_0003
116,499.0,0.004008016032064128,2.65732955351274,0.05,499,0.35671342685370744,0.28857715430861725,0.35070140280561124,0.004008016032064128,agent_0003
117,499.0,0.01603206412825651,3.0694906198129503,0.05,499,0.3286573146292585,0.3246492985971944,0.3306613226452906,0.01603206412825651,agent_0003
118,484.0,0.02004008016032064,2.9160078223732113,0.05,499,0.3787575150300601,0.312625250501002,0.28857715430861725,0.02004008016032064,agent_0003
119,472.0,0.028056112224448898,3.04526056286986,0.05,499,0.3867735470941884,0.3466933867735471,0.23847695390781562,0.028056112224448898,agent_0003
0,490.0,0.014028056112224449,2.58683320435011,1.0,499,0.5090180360721442,0.23847695390781562,0.23847695390781562,0.014028056112224449,agent_0004
1,454.0,0.03807615230460922,2.8709151626880565,0.97,499,0.4589178356713427,0.2725450901803607,0.23046092184368738,0.03807615230460922,agent_0004
2,484.0,0.018036072144288578,2.6951157194341198,0.9409,499,0.46893787575150303,0.2665330661322645,0.24649298597194388,0.018036072144288578,agent_0004
3,490.0,0.012024048096192385,2.734498050260014,0.912673,499,0.4028056112224449,0.2625250501002004,0.3226452905811623,0.012024048096192385,agent_0004
4,478.0,0.026052104208416832,2.6634265183766153,0.8852928099999999,499,0.4789579158316633,0.22244488977955912,0.2725450901803607,0.026052104208416832,agent_0004
5,460.0,0.03807615230460922,2.9451117523720667,0.8587340256999999,499,0.4729458917835671,0.280561122244489,0.20841683366733466,0.03807615230460922,agent_0004
6,457.0,0.04008016032064128,3.1053652508713454,0.8329720049289999,499,0.42685370741482964,0.2845691382765531,0.24849699398797595,0.04008016032064128,agent_0004
7,469.0,0.028056112224448898,2.761512115568578,0.8079828447811299,499,0.46893787575150303,0.24048096192384769,0.2625250501002004,0.028056112224448898,agent_0004
8,490.0,0.012024048096192385,2.6804451064714185,0.783743359437696,499,0.4348697394789579,0.2905811623246493,0.2625250501002004,0.012024048096192385,agent_0004
9,472.0,0.03406813627254509,3.013572203732281,0.7602310586545651,499,0.47695390781563124,0.21442885771543085,0.2745490981963928,0.03406813627254509,agent_0004
10,493.0,0.01002004008016032,2.561125543160784,0.7374241268949281,499,0.4749498997995992,0.26452905811623245,0.250501002004008,0.01002004008016032,agent_0004
11,469.0,0.03006012024048096,2.8435835082617085,0.7153014030880802,499,0.44288577154308617,0.21442885771543085,0.312625250501002,0.03006012024048096,agent_0004
12,487.0,0.012024048096192385,2.668767308300423,0.6938423609954378,499,0.4348697394789579,0.2685370741482966,0.2845691382765531,0.012024048096192385,agent_0004
13,457.0,0.03807615230460922,2.8235390603885944,0.6730270901655747,499,0.44288577154308617,0.24048096192384769,0.2785571142284569,0.03807615230460922,agent_0004
14,454.0,0.04008016032064128,3.017780569397214,0.6528362774606075,499,0.4188376753507014,0.27655310621242485,0.26452905811623245,0.04008016032064128,agent_0004
15,484.0,0.02004008016032064,2.663560500879261,0.6332511891367892,499,0.501002004008016,0.2625250501002004,0.21643286573146292,0.02004008016032064,agent_0004
16,454.0,0.04008016032064128,2.7978531590105566,0.6142536534626856,499,0.5691382765531062,0.19438877755511022,0.1963927855711423,0.04008016032064128,agent_0004
17,472.0,0.03206412825651302,2.794250990898812,0.595826043858805,499,0.5771543086172345,0.18637274549098196,0.20440881763527055,0.03206412825651302,agent_0004
18,481.0,0.028056112224448898,2.725943615362602,0.5779512625430409,499,0.5170340681362725,0.23046092184368738,0.22444889779559118,0.028056112224448898,agent_0004
19,445.0,0.05811623246492986,3.347340945258674,0.5606127246667496,499,0.48296593186372744,0.250501002004008,0.20841683366733466,0.05811623246492986,agent_0004
20,466.0,0.028056112224448898,2.8088113652005573,0.5437943429267471,499,0.4168336673346693,0.2665330661322645,0.28857715430861725,0.028056112224448898,agent_0004
21,481.0,0.018036072144288578,2.6002504553315173,0.5274805126389447,499,0.5370741482965932,0.20440881763527055,0.24048096192384769,0.018036072144288578,agent_0004
22,481.0,0.028056112224448898,2.727066114183079,0.5116560972597763,499,0.5090180360721442,0.22444889779559118,0.23847695390781562,0.028056112224448898,agent_0004
23,469.0,0.028056112224448898,2.7384854058073915,0.496306414341983,499,0.49298597194388777,0.22845691382765532,0.250501002004008,0.028056112224448898,agent_0004
24,466.0,0.036072144288577156,2.9146713401850333,0.48141722191172354,499,0.4849699398797595,0.24849699398797595,0.23046092184368738,0.036072144288577156,agent_0004
25,490.0,0.008016032064128256,2.569960564782845,0.4669747052543718,499,0.40480961923847697,0.2785571142284569,0.30861723446893785,0.008016032064128256,agent_0004
26,478.0,0.026052104208416832,2.888814254560873,0.4529654640967406,499,0.4228456913827655,0.2865731462925852,0.26452905811623245,0.026052104208416832,agent_0004
27,478.0,0.026052104208416832,2.8550691438159777,0.4393765001738384,499,0.4148296593186373,0.2665330661322645,0.2925851703406814,0.026052104208416832,agent_0004
28,475.0,0.018036072144288578,2.653874881236122,0.42619520516862325,499,0.48296593186372744,0.25851703406813625,0.24048096192384769,0.018036072144288578,agent_0004
29,475.0,0.03006012024048096,3.061928993995734,0.4134093490135645,499,0.4248496993987976,0.27054108216432865,0.2745490981963928,0.03006012024048096,agent_0004
30,481.0,0.022044088176352707,2.8974557929197604,0.4010070685431576,499,0.4288577154308617,0.2625250501002004,0.2865731462925852,0.022044088176352707,agent_0004
31,496.0,0.006012024048096192,2.6494428927958307,0.38897685648686287,499,0.4088176352705411,0.2985971943887776,0.2865731462925852,0.006012024048096192,agent_0004
32,484.0,0.014028056112224449,2.5636560880886887,0.377307550792257,499,0.48096192384769537,0.25250501002004005,0.25250501002004005,0.014028056112224449,agent_0004
33,478.0,0.022044088176352707,2.739261569467132,0.36598832426848926,499,0.503006012024048,0.22645290581162325,0.24849699398797595,0.022044088176352707,agent_0004
34,493.0,0.01603206412825651,2.625380953939491,0.35500867454043455,499,0.5150300601202404,0.25851703406813625,0.21042084168336672,0.01603206412825651,agent_0004
35,469.0,0.03006012024048096,2.792344452528353,0.3443584143042215,499,0.501002004008016,0.24048096192384769,0.22845691382765532,0.03006012024048096,agent_0004
36,493.0,0.01002004008016032,2.4260542634999696,0.3340276618750948,499,0.4709418837675351,0.23647294589178355,0.28256513026052105,0.01002004008016032,agent_0004
37,484.0,0.018036072144288578,2.6946974652465143,0.32400683201884195,499,0.4088176352705411,0.280561122244489,0.2925851703406814,0.018036072144288578,agent_0004
38,469.0,0.026052104208416832,2.8559022860070526,0.3142866270582767,499,0.45490981963927857,0.28857715430861725,0.23046092184368738,0.026052104208416832,agent_0004
39,469.0,0.02404809619238477,2.8259748344850824,0.3048580282465284,499,0.4088176352705411,0.29458917835671344,0.2725450901803607,0.02404809619238477,agent_0004
40,493.0,0.01603206412825651,2.747404706172251,0.2957122873991326,499,0.3787575150300601,0.2665330661322645,0.33867735470941884,0.01603206412825651,agent_0004
41,469.0,0.03006012024048096,2.8846183151485016,0.2868409187771586,499,0.4408817635270541,0.24248496993987975,0.2865731462925852,0.03006012024048096,agent_0004
42,478.0,0.026052104208416832,2.822803763937214,0.27823569121384384,499,0.45490981963927857,0.27054108216432865,0.24849699398797595,0.026052104208416832,agent_0004
43,460.0,0.04208416833667335,2.8977308632440275,0.2698886204774285,499,0.5450901803607214,0.21042084168336672,0.20240480961923848,0.04208416833667335,agent_0004
44,469.0,0.03406813627254509,3.151716221200056,0.26179196186310566,499,0.44288577154308617,0.2665330661322645,0.2565130260521042,0.03406813627254509,agent_0004
45,475.0,0.028056112224448898,2.911613411937748,0.2539382030072125,499,0.501002004008016,0.24649298597194388,0.22444889779559118,0.028056112224448898,agent_0004
46,496.0,0.01603206412825651,2.9440903370054543,0.2463200569169961,499,0.37074148296593185,0.280561122244489,0.33266533066132264,0.01603206412825651,agent_0004
47,469.0,0.03406813627254509,2.734339084996016,0.23893045520948622,499,0.533066132264529,0.218436873747495,0.21442885771543085,0.03406813627254509,agent_0004
48,493.0,0.014028056112224449,2.682376802939948,0.23176254155320164,499,0.49298597194388777,0.24248496993987975,0.250501002004008,0.014028056112224449,agent_0004
49,475.0,0.022044088176352707,2.874224071763375,0.2248096653066056,499,0.3907815631262525,0.3046092184368738,0.28256513026052105,0.022044088176352707,agent_0004
50,478.0,0.02404809619238477,2.966004967547486,0.21806537534740741,499,0.3306613226452906,0.3406813627254509,0.3046092184368738,0.02404809619238477,agent_0004
51,478.0,0.026052104208416832,3.136636110060648,0.2115234140869852,499,0.3106212424849699,0.342685370741483,0.32064128256513025,0.026052104208416832,agent_0004
52,475.0,0.03006012024048096,2.944972367494027,0.20517771166437562,499,0.44889779559118237,0.25851703406813625,0.2625250501002004,0.03006012024048096,agent_0004
53,493.0,0.014028056112224449,2.6241313276561287,0.19902238031444436,499,0.5270541082164328,0.19839679358717435,0.2605210420841683,0.014028056112224449,agent_0004
54,469.0,0.028056112224448898,2.7741568386984063,0.19305170890501103,499,0.47695390781563124,0.23647294589178355,0.25851703406813625,0.028056112224448898,agent_0004
55,496.0,0.006012024048096192,2.597119648314152,0.1872601576378607,499,0.46292585170340683,0.24649298597194388,0.2845691382765531,0.006012024048096192,agent_0004
56,475.0,0.026052104208416832,2.7855992233604376,0.18164235290872485,499,0.46893787575150303,0.22645290581162325,0.2785571142284569,0.026052104208416832,agent_0004
57,493.0,0.006012024048096192,2.465317152656542,0.1761930823214631,499,0.43286573146292584,0.2605210420841683,0.30060120240480964,0.006012024048096192,agent_0004
58,460.0,0.028056112224448898,2.749114237125839,0.17090728985181922,499,0.4909819639278557,0.22444889779559118,0.2565130260521042,0.028056112224448898,agent_0004
59,496.0,0.008016032064128256,2.4554221989460276,0.16578007115626464,499,0.4649298597194389,0.24649298597194388,0.280561122244489,0.008016032064128256,agent_0004
60,469.0,0.03006012024048096,3.0038889550727284,0.1608066690215767,499,0.4088176352705411,0.280561122244489,0.280561122244489,0.03006012024048096,agent_0004
61,487.0,0.01002004008016032,2.5699161927233907,0.1559824689509294,499,0.4709418837675351,0.25851703406813625,0.2605210420841683,0.01002004008016032,agent_0004
62,484.0,0.01603206412825651,2.7437288046759627,0.1513029948824015,499,0.46092184368737477,0.28256513026052105,0.24048096192384769,0.01603206412825651,agent_0004
63,493.0,0.01002004008016032,2.727739429028174,0.14676390503592945,499,0.43286573146292584,0.2925851703406814,0.26452905811623245,0.01002004008016032,agent_0004
64,466.0,0.03406813627254509,2.81694079921908,0.14236098788485158,499,0.5410821643286573,0.18637274549098196,0.23847695390781562,0.03406813627254509,agent_0004
65,457.0,0.04008016032064128,2.9065439998757867,0.13809015824830603,499,0.46292585170340683,0.2605210420841683,0.23647294589178355,0.04008016032064128,agent_0004
66,487.0,0.018036072144288578,2.756529661855802,0.13394745350085685,499,0.4789579158316633,0.24849699398797595,0.2545090180360721,0.018036072144288578,agent_0004
67,475.0,0.03807615230460922,2.952011073255098,0.12992902989583113,499,0.49498997995991983,0.23246492985971945,0.23446893787575152,0.03807615230460922,agent_0004
68,472.0,0.03206412825651302,2.8487319790329915,0.1260311589989562,499,0.4749498997995992,0.23446893787575152,0.25851703406813625,0.03206412825651302,agent_0004
69,490.0,0.012024048096192385,2.8041762732555586,0.12225022422898751,499,0.3486973947895792,0.3066132264529058,0.33266533066132264,0.012024048096192385,agent_0004
70,490.0,0.02404809619238477,2.882391302607462,0.11858271750211788,499,0.42685370741482964,0.280561122244489,0.2685370741482966,0.02404809619238477,agent_0004
71,469.0,0.036072144288577156,2.7652821719621814,0.11502523597705434,499,0.6032064128256514,0.16032064128256512,0.20040080160320642,0.036072144288577156,agent_0004
72,478.0,0.022044088176352707,2.5822495801645133,0.1115744788977427,499,0.5350701402805611,0.21442885771543085,0.22845691382765532,0.022044088176352707,agent_0004
73,481.0,0.02404809619238477,2.4917317278415267,0.10822724453081042,499,0.5651302605210421,0.1903807615230461,0.22044088176352705,0.02404809619238477,agent_0004
74,469.0,0.03206412825651302,2.820913223028162,0.10498042719488611,499,0.5511022044088176,0.2124248496993988,0.20440881763527055,0.03206412825651302,agent_0004
75,460.0,0.04208416833667335,2.883474117893064,0.10183101437903952,499,0.6032064128256514,0.1623246492985972,0.19238476953907815,0.04208416833667335,agent_0004
76,478.0,0.02004008016032064,2.6913438995326864,0.09877608394766833,499,0.44288577154308617,0.2965931863727455,0.24048096192384769,0.02004008016032064,agent_0004
77,487.0,0.018036072144288578,2.778578146439662,0.09581280142923829,499,0.46693386773547096,0.2865731462925852,0.22845691382765532,0.018036072144288578,agent_0004
78,487.0,0.02004008016032064,2.720981453412828,0.09293841738636113,499,0.47695390781563124,0.22645290581162325,0.27655310621242485,0.02004008016032064,agent_0004
79,472.0,0.028056112224448898,2.7183829016699175,0.09015026486477029,499,0.43687374749499,0.24448897795591182,0.2905811623246493,0.028056112224448898,agent_0004
80,496.0,0.008016032064128256,2.5288614986784017,0.08744575691882718,499,0.531062124248497,0.25250501002004005,0.20841683366733466,0.008016032064128256,agent_0004
81,466.0,0.03406813627254509,2.821444033846212,0.08482238421126237,499,0.47695390781563124,0.24448897795591182,0.24448897795591182,0.03406813627254509,agent_0004
82,475.0,0.026052104208416832,2.8339195091459586,0.0822777126849245,499,0.501002004008016,0.23847695390781562,0.23446893787575152,0.026052104208416832,agent_0004
83,481.0,0.022044088176352707,2.5994301034990697,0.07980938130437676,499,0.4969939879759519,0.23246492985971945,0.24849699398797595,0.022044088176352707,agent_0004
84,475.0,0.03006012024048096,2.9070826269136782,0.07741509986524546,499,0.38276553106212424,0.25851703406813625,0.3286573146292585,0.03006012024048096,agent_0004
85,496.0,0.004008016032064128,2.5067398151639155,0.0750926468692881,499,0.41082164328657317,0.29458917835671344,0.2905811623246493,0.004008016032064128,agent_0004
86,484.0,0.018036072144288578,2.810386404188895,0.07283986746320946,499,0.3667334669338677,0.29458917835671344,0.32064128256513025,0.018036072144288578,agent_0004
87,490.0,0.01002004008016032,2.6824918252145253,0.07065467143931317,499,0.41282565130260523,0.2865731462925852,0.2905811623246493,0.01002004008016032,agent_0004
88,490.0,0.01603206412825651,2.6652346217388323,0.06853503129613378,499,0.48897795591182364,0.250501002004008,0.24448897795591182,0.01603206412825651,agent_0004
89,475.0,0.02004008016032064,2.4793654300406742,0.06647898035724976,499,0.56312625250501,0.19238476953907815,0.22444889779559118,0.02004008016032064,agent_0004
90,487.0,0.02404809619238477,2.805611172701501,0.06448461094653227,499,0.4849699398797595,0.23647294589178355,0.2545090180360721,0.02404809619238477,agent_0004
91,472.0,0.028056112224448898,2.8587159182589064,0.06255007261813629,499,0.43687374749499,0.25851703406813625,0.27655310621242485,0.028056112224448898,agent_0004
92,499.0,0.004008016032064128,2.59980148519364,0.0606735704395922,499,0.46693386773547096,0.2785571142284569,0.250501002004008,0.004008016032064128,agent_0004
93,481.0,0.02404809619238477,2.8757809321439196,0.05885336332640443,499,0.4228456913827655,0.2725450901803607,0.280561122244489,0.02404809619238477,agent_0004
94,454.0,0.04208416833667335,2.9846019250275604,0.057087762426612294,499,0.45490981963927857,0.24248496993987975,0.2605210420841683,0.04208416833667335,agent_0004
95,481.0,0.022044088176352707,2.8953723258087085,0.05537512955381393,499,0.4248496993987976,0.24448897795591182,0.30861723446893785,0.022044088176352707,agent_0004
96,490.0,0.01603206412825651,2.6245404790799904,0.053713875667199505,499,0.46693386773547096,0.24448897795591182,0.2725450901803607,0.01603206412825651,agent_0004
97,493.0,0.01002004008016032,2.259989072186725,0.05210245939718352,499,0.6653306613226453,0.16633266533066132,0.15831663326653306,0.01002004008016032,agent_0004
98,466.0,0.028056112224448898,2.8187379608259793,0.05053938561526801,499,0.4168336673346693,0.2625250501002004,0.2925851703406814,0.028056112224448898,agent_0004
99,490.0,0.01603206412825651,2.9100750068396226,0.05,499,0.38276553106212424,0.2745490981963928,0.32665330661322645,0.01603206412825651,agent_0004
100,487.0,0.01603206412825651,2.866518135669555,0.05,499,0.3807615230460922,0.33867735470941884,0.26452905811623245,0.01603206412825651,agent_0004
101,487.0,0.014028056112224449,2.854598921817999,0.05,499,0.31462925851703405,0.32665330661322645,0.34468937875751504,0.014028056112224449,agent_0004
102,487.0,0.014028056112224449,2.93460605677585,0.05,499,0.2845691382765531,0.3226452905811623,0.3787575150300601,0.014028056112224449,agent_0004
103,490.0,0.01002004008016032,2.6675819858803997,0.05,499,0.3847695390781563,0.28857715430861725,0.3166332665330661,0.01002004008016032,agent_0004
104,478.0,0.022044088176352707,2.726767262076865,0.05,499,0.4468937875751503,0.24849699398797595,0.28256513026052105,0.022044088176352707,agent_0004
105,457.0,0.04408817635270541,3.07880395371901,0.05,499,0.46693386773547096,0.21643286573146292,0.2725450901803607,0.04408817635270541,agent_0004
106,481.0,0.022044088176352707,2.7583294715754874,0.05,499,0.46292585170340683,0.2685370741482966,0.24649298597194388,0.022044088176352707,agent_0004
107,460.0,0.04208416833667335,3.1780264986180096,0.05,499,0.3246492985971944,0.30060120240480964,0.33266533066132264,0.04208416833667335,agent_0004
108,490.0,0.01603206412825651,2.7649068688851934,0.05,499,0.38877755511022044,0.2865731462925852,0.30861723446893785,0.01603206412825651,agent_0004
109,487.0,0.018036072144288578,2.8614001514138017,0.05,499,0.4028056112224449,0.2845691382765531,0.29458917835671344,0.018036072144288578,agent_0004
110,475.0,0.028056112224448898,2.968427213136353,0.05,499,0.4148296593186373,0.26452905811623245,0.2925851703406814,0.028056112224448898,agent_0004
111,496.0,0.01002004008016032,1.9702168558856283,0.05,499,0.8056112224448898,0.09418837675350701,0.09018036072144289,0.01002004008016032,agent_0004
112,478.0,0.022044088176352707,2.4536372170459453,0.05,499,0.6773547094188377,0.1523046092184369,0.14829659318637275,0.022044088176352707,agent_0004
113,469.0,0.028056112224448898,2.6032838688099638,0.05,499,0.5150300601202404,0.25250501002004005,0.20440881763527055,0.028056112224448898,agent_0004
114,463.0,0.03406813627254509,2.6323768605532143,0.05,499,0.561122244488978,0.1963927855711423,0.20841683366733466,0.03406813627254509,agent_0004
115,499.0,0.004008016032064128,2.4702585876556618,0.05,499,0.44889779559118237,0.23246492985971945,0.31462925851703405,0.004008016032064128,agent_0004
116,499.0,0.01603206412825651,2.9519300011896026,0.05,499,0.36472945891783565,0.28857715430861725,0.3306613226452906,0.01603206412825651,agent_0004
117,484.0,0.02004008016032064,2.8417560714623398,0.05,499,0.4028056112224449,0.2865731462925852,0.2905811623246493,0.02004008016032064,agent_0004
118,481.0,0.02404809619238477,2.767118239290595,0.05,499,0.5130260521042084,0.25250501002004005,0.21042084168336672,0.02404809619238477,agent_0004
119,460.0,0.036072144288577156,3.029057554130124,0.05,499,0.5070140280561122,0.25851703406813625,0.19839679358717435,0.036072144288577156,agent_0004
0,454.0,0.03807615230460922,2.9946136935362615,1.0,499,0.39478957915831664,0.30861723446893785,0.25851703406813625,0.03807615230460922,agent_0005
1,484.0,0.018036072144288578,2.6647534076169177,0.97,499,0.45490981963927857,0.25250501002004005,0.2745490981963928,0.018036072144288578,agent_0005
2,490.0,0.012024048096192385,2.7977355268051896,0.9409,499,0.3847695390781563,0.2865731462925852,0.3166332665330661,0.012024048096192385,agent_0005
3,478.0,0.026052104208416832,2.8162201830936295,0.912673,499,0.41282565130260523,0.2785571142284569,0.28256513026052105,0.026052104208416832,agent_0005
4,460.0,0.03807615230460922,2.9954516869867023,0.8852928099999999,499,0.45490981963927857,0.2925851703406814,0.21442885771543085,0.03807615230460922,agent_0005
5,457.0,0.04008016032064128,2.9769546814489742,0.8587340256999999,499,0.47695390781563124,0.24649298597194388,0.23647294589178355,0.04008016032064128,agent_0005
6,463.0,0.03206412825651302,2.8293705017721904,0.8329720049289999,499,0.43286573146292584,0.24048096192384769,0.29458917835671344,0.03206412825651302,agent_0005
7,490.0,0.012024048096192385,2.589942775500444,0.8079828447811299,499,0.49899799599198397,0.24649298597194388,0.24248496993987975,0.012024048096192385,agent_0005
8,469.0,0.036072144288577156,3.0343933522299547,0.783743359437696,499,0.44889779559118237,0.23847695390781562,0.27655310621242485,0.036072144288577156,agent_0005
9,493.0,0.01002004008016032,2.573487289386196,0.7602310586545651,499,0.43887775551102204,0.2785571142284569,0.2725450901803607,0.01002004008016032,agent_0005
10,469.0,0.03006012024048096,2.8748391544422,0.7374241268949281,499,0.4148296593186373,0.23446893787575152,0.32064128256513025,0.03006012024048096,agent_0005
11,487.0,0.012024048096192385,2.679456956239598,0.7153014030880802,499,0.4088176352705411,0.2745490981963928,0.3046092184368738,0.012024048096192385,agent_0005
12,466.0,0.03206412825651302,2.720938400658325,0.6938423609954378,499,0.4749498997995992,0.22244488977955912,0.27054108216432865,0.03206412825651302,agent_0005
13,454.0,0.04008016032064128,2.975668986570304,0.6730270901655747,499,0.44889779559118237,0.2605210420841683,0.250501002004008,0.04008016032064128,agent_0005
14,484.0,0.02004008016032064,2.8028036504093645,0.6528362774606075,499,0.4228456913827655,0.3106212424849699,0.24649298597194388,0.02004008016032064,agent_0005
15,460.0,0.036072144288577156,2.810054804343019,0.6332511891367892,499,0.48096192384769537,0.22645290581162325,0.2565130260521042,0.036072144288577156,agent_0005
16,472.0,0.03406813627254509,3.0076672870293724,0.6142536534626856,499,0.4849699398797595,0.24448897795591182,0.23647294589178355,0.03406813627254509,agent_0005
17,481.0,0.028056112224448898,2.813942101204684,0.595826043858805,499,0.46693386773547096,0.2665330661322645,0.23847695390781562,0.028056112224448898,agent_0005
18,445.0,0.06012024048096192,3.3521593006755745,0.5779512625430409,499,0.501002004008016,0.24248496993987975,0.1963927855711423,0.06012024048096192,agent_0005
19,481.0,0.018036072144288578,2.709177671499589,0.5606127246667496,499,0.39879759519038077,0.28256513026052105,0.30060120240480964,0.018036072144288578,agent_0005
20,481.0,0.018036072144288578,2.721485632085468,0.5437943429267471,499,0.45090180360721444,0.2605210420841683,0.27054108216432865,0.018036072144288578,agent_0005
21,481.0,0.02404809619238477,2.808323933927457,0.5274805126389447,499,0.42685370741482964,0.2785571142284569,0.27054108216432865,0.02404809619238477,agent_0005
22,469.0,0.028056112224448898,2.833410275798267,0.5116560972597763,499,0.4148296593186373,0.2565130260521042,0.30060120240480964,0.028056112224448898,agent_0005
23,466.0,0.036072144288577156,2.8231676282150446,0.496306414341983,499,0.5791583166332666,0.1903807615230461,0.19438877755511022,0.036072144288577156,agent_0005
24,490.0,0.008016032064128256,2.349914734041796,0.48141722191172354,499,0.561122244488978,0.20040080160320642,0.23046092184368738,0.008016032064128256,agent_0005
25,478.0,0.026052104208416832,2.73986718700433,0.4669747052543718,499,0.5210420841683366,0.23847695390781562,0.21442885771543085,0.026052104208416832,agent_0005
26,487.0,0.018036072144288578,2.5891901034450924,0.4529654640967406,499,0.5270541082164328,0.22244488977955912,0.23246492985971945,0.018036072144288578,agent_0005
27,475.0,0.018036072144288578,2.611850469241352,0.4393765001738384,499,0.49899799599198397,0.24649298597194388,0.23647294589178355,0.018036072144288578,agent_0005
28,466.0,0.03807615230460922,3.1922266172404714,0.42619520516862325,499,0.4348697394789579,0.2565130260521042,0.27054108216432865,0.03807615230460922,agent_0005
29,472.0,0.028056112224448898,2.8200830650151043,0.4134093490135645,499,0.5090180360721442,0.20641282565130262,0.2565130260521042,0.028056112224448898,agent_0005
30,496.0,0.006012024048096192,2.3788492262878864,0.4010070685431576,499,0.593186372745491,0.20440881763527055,0.1963927855711423,0.006012024048096192,agent_0005
31,484.0,0.014028056112224449,2.3698963024730446,0.38897685648686287,499,0.5951903807615231,0.18236472945891782,0.20841683366733466,0.014028056112224449,agent_0005
32,478.0,0.022044088176352707,2.7634564436681637,0.377307550792257,499,0.49899799599198397,0.23446893787575152,0.24448897795591182,0.022044088176352707,agent_0005
33,493.0,0.01603206412825651,2.671183576462685,0.36598832426848926,499,0.44488977955911824,0.2845691382765531,0.2545090180360721,0.01603206412825651,agent_0005
34,460.0,0.036072144288577156,3.1172532829702,0.35500867454043455,499,0.3286573146292585,0.3346693386773547,0.30060120240480964,0.036072144288577156,agent_0005
35,493.0,0.01002004008016032,2.4877978588718794,0.3443584143042215,499,0.42685370741482964,0.2545090180360721,0.30861723446893785,0.01002004008016032,agent_0005
36,493.0,0.014028056112224449,2.5938517922350623,0.3340276618750948,499,0.4248496993987976,0.26452905811623245,0.2965931863727455,0.014028056112224449,agent_0005
37,463.0,0.03006012024048096,2.8464964495550666,0.32400683201884195,499,0.44889779559118237,0.28857715430861725,0.23246492985971945,0.03006012024048096,agent_0005
38,469.0,0.02404809619238477,2.8035666762954583,0.3142866270582767,499,0.4288577154308617,0.2845691382765531,0.2625250501002004,0.02404809619238477,agent_0005
39,499.0,0.01002004008016032,2.682677582496216,0.3048580282465284,499,0.37074148296593185,0.2865731462925852,0.33266533066132264,0.01002004008016032,agent_0005
40,466.0,0.03206412825651302,2.8469504547569775,0.2957122873991326,499,0.45490981963927857,0.22444889779559118,0.28857715430861725,0.03206412825651302,agent_0005
41,478.0,0.026052104208416832,2.9113743956435445,0.2868409187771586,499,0.42685370741482964,0.2985971943887776,0.24849699398797595,0.026052104208416832,agent_0005
42,469.0,0.036072144288577156,2.9230003080194367,0.27823569121384384,499,0.4729458917835671,0.250501002004008,0.24048096192384769,0.036072144288577156,agent_0005
43,469.0,0.03406813627254509,3.2387095377227344,0.2698886204774285,499,0.32665330661322645,0.3166332665330661,0.3226452905811623,0.03406813627254509,agent_0005
44,472.0,0.028056112224448898,3.039852000813916,0.26179196186310566,499,0.4288577154308617,0.27655310621242485,0.2665330661322645,0.028056112224448898,agent_0005
45,496.0,0.01603206412825651,2.8816697616939115,0.2539382030072125,499,0.41282565130260523,0.2665330661322645,0.3046092184368738,0.01603206412825651,agent_0005
46,469.0,0.03406813627254509,2.8545115474537748,0.2463200569169961,499,0.45490981963927857,0.24649298597194388,0.26452905811623245,0.03406813627254509,agent_0005
47,490.0,0.018036072144288578,2.9261504114042163,0.23893045520948622,499,0.39879759519038077,0.280561122244489,0.3026052104208417,0.018036072144288578,agent_0005
48,466.0,0.03006012024048096,2.916910949377085,0.23176254155320164,499,0.46893787575150303,0.24849699398797595,0.25250501002004005,0.03006012024048096,agent_0005
49,478.0,0.02404809619238477,2.84032698756512,0.2248096653066056,499,0.4028056112224449,0.2965931863727455,0.27655310621242485,0.02404809619238477,agent_0005
50,478.0,0.026052104208416832,2.9554778212449815,0.21806537534740741,499,0.4408817635270541,0.2725450901803607,0.2605210420841683,0.026052104208416832,agent_0005
51,481.0,0.03006012024048096,2.987581332127634,0.2115234140869852,499,0.46693386773547096,0.2625250501002004,0.24048096192384769,0.03006012024048096,agent_0005
52,487.0,0.01603206412825651,2.5687350214076208,0.20517771166437562,499,0.5871743486973948,0.19839679358717435,0.19839679358717435,0.01603206412825651,agent_0005
53,466.0,0.03406813627254509,2.975903922118984,0.19902238031444436,499,0.44889779559118237,0.25851703406813625,0.25851703406813625,0.03406813627254509,agent_0005
54,496.0,0.006012024048096192,2.5363907625133333,0.19305170890501103,499,0.5050100200400801,0.23046092184368738,0.25851703406813625,0.006012024048096192,agent_0005
55,475.0,0.028056112224448898,2.843800732511846,0.1872601576378607,499,0.48897795591182364,0.24849699398797595,0.23446893787575152,0.028056112224448898,agent_0005
56,493.0,0.008016032064128256,2.4796120221923412,0.18164235290872485,499,0.43687374749499,0.25250501002004005,0.3026052104208417,0.008016032064128256,agent_0005
57,475.0,0.02004008016032064,2.7444063929088927,0.1761930823214631,499,0.47695390781563124,0.250501002004008,0.25250501002004005,0.02004008016032064,agent_0005
58,496.0,0.008016032064128256,2.5284127653623027,0.17090728985181922,499,0.42084168336673344,0.25851703406813625,0.312625250501002,0.008016032064128256,agent_0005
59,460.0,0.036072144288577156,3.124647680252125,0.16578007115626464,499,0.3667334669338677,0.312625250501002,0.2845691382765531,0.036072144288577156,agent_0005
60,487.0,0.01002004008016032,2.7333365867698594,0.1608066690215767,499,0.3346693386773547,0.32665330661322645,0.3286573146292585,0.01002004008016032,agent_0005
61,484.0,0.02004008016032064,2.7877808897925282,0.1559824689509294,499,0.42685370741482964,0.26452905811623245,0.28857715430861725,0.02004008016032064,agent_0005
62,493.0,0.01002004008016032,2.281286880177245,0.1513029948824015,499,0.6833667334669339,0.1402805611222445,0.16633266533066132,0.01002004008016032,agent_0005
63,466.0,0.03406813627254509,2.743075502462246,0.14676390503592945,499,0.5991983967935872,0.17234468937875752,0.19438877755511022,0.03406813627254509,agent_0005
64,457.0,0.04008016032064128,2.8293841894448746,0.14236098788485158,499,0.5130260521042084,0.23647294589178355,0.21042084168336672,0.04008016032064128,agent_0005
65,487.0,0.018036072144288578,2.8482256908715966,0.13809015824830603,499,0.4408817635270541,0.280561122244489,0.2605210420841683,0.018036072144288578,agent_0005
66,475.0,0.036072144288577156,3.0273636165399176,0.13394745350085685,499,0.4028056112224449,0.27655310621242485,0.2845691382765531,0.036072144288577156,agent_0005
67,463.0,0.03807615230460922,3.1667005909183628,0.12992902989583113,499,0.3306613226452906,0.3166332665330661,0.31462925851703405,0.03807615230460922,agent_0005
68,490.0,0.012024048096192385,2.5496201289143112,0.1260311589989562,499,0.503006012024048,0.21042084168336672,0.2745490981963928,0.012024048096192385,agent_0005
69,490.0,0.02404809619238477,2.7138206896847827,0.12225022422898751,499,0.5090180360721442,0.218436873747495,0.24849699398797595,0.02404809619238477,agent_0005
70,469.0,0.036072144288577156,3.1509041883499203,0.11858271750211788,499,0.35070140280561124,0.2965931863727455,0.3166332665330661,0.036072144288577156,agent_0005
71,478.0,0.022044088176352707,2.7846773338152966,0.11502523597705434,499,0.3807615230460922,0.2785571142284569,0.3186372745490982,0.022044088176352707,agent_0005
72,478.0,0.026052104208416832,2.9248595060314604,0.1115744788977427,499,0.342685370741483,0.3346693386773547,0.2965931863727455,0.026052104208416832,agent_0005
73,469.0,0.03206412825651302,3.0185368007994944,0.10822724453081042,499,0.39879759519038077,0.27655310621242485,0.2925851703406814,0.03206412825651302,agent_0005
74,463.0,0.04609218436873747,3.462339620710451,0.10498042719488611,499,0.3627254509018036,0.28857715430861725,0.3026052104208417,0.04609218436873747,agent_0005
75,475.0,0.02404809619238477,2.91186895717646,0.10183101437903952,499,0.3486973947895792,0.3366733466933868,0.2905811623246493,0.02404809619238477,agent_0005
76,487.0,0.02004008016032064,2.8604096248817275,0.09877608394766833,499,0.3787575150300601,0.28857715430861725,0.312625250501002,0.02004008016032064,agent_0005
77,487.0,0.02004008016032064,2.856589475954755,0.09581280142923829,499,0.3687374749498998,0.2725450901803607,0.33867735470941884,0.02004008016032064,agent_0005
78,466.0,0.028056112224448898,2.7096933713801423,0.09293841738636113,499,0.44889779559118237,0.2545090180360721,0.2685370741482966,0.028056112224448898,agent_0005
79,496.0,0.006012024048096192,2.535557376646931,0.09015026486477029,499,0.5110220440881763,0.25250501002004005,0.23046092184368738,0.006012024048096192,agent_0005
80,493.0,0.01002004008016032,2.3526452531495186,0.08744575691882718,499,0.6032064128256514,0.18837675350701402,0.19839679358717435,0.01002004008016032,agent_0005
81,469.0,0.03006012024048096,2.8386898921503048,0.08482238421126237,499,0.5170340681362725,0.23246492985971945,0.22044088176352705,0.03006012024048096,agent_0005
82,481.0,0.022044088176352707,2.630329304527235,0.0822777126849245,499,0.4849699398797595,0.24048096192384769,0.25250501002004005,0.022044088176352707,agent_0005
83,475.0,0.03006012024048096,2.8506609233494866,0.07980938130437676,499,0.44889779559118237,0.2685370741482966,0.25250501002004005,0.03006012024048096,agent_0005
84,496.0,0.004008016032064128,2.1847587928149133,0.07741509986524546,499,0.593186372745491,0.1963927855711423,0.20641282565130262,0.004008016032064128,agent_0005
85,481.0,0.022044088176352707,2.616221399423819,0.0750926468692881,499,0.503006012024048,0.22444889779559118,0.250501002004008,0.022044088176352707,agent_0005
86,490.0,0.01002004008016032,2.598652685597604,0.07283986746320946,499,0.4649298597194389,0.25851703406813625,0.2665330661322645,0.01002004008016032,agent_0005
87,490.0,0.01603206412825651,2.7519850740130174,0.07065467143931317,499,0.41282565130260523,0.250501002004008,0.32064128256513025,0.01603206412825651,agent_0005
88,493.0,0.006012024048096192,2.562433415568327,0.06853503129613378,499,0.41082164328657317,0.2905811623246493,0.2925851703406814,0.006012024048096192,agent_0005
89,484.0,0.026052104208416832,2.877835289202505,0.06647898035724976,499,0.46693386773547096,0.25851703406813625,0.24849699398797595,0.026052104208416832,agent_0005
90,472.0,0.028056112224448898,2.751827911231817,0.06448461094653227,499,0.501002004008016,0.218436873747495,0.25250501002004005,0.028056112224448898,agent_0005
91,499.0,0.004008016032064128,2.4347778863414735,0.06255007261813629,499,0.5450901803607214,0.23647294589178355,0.21442885771543085,0.004008016032064128,agent_0005
92,478.0,0.026052104208416832,2.806647792335078,0.0606735704395922,499,0.4789579158316633,0.2625250501002004,0.23246492985971945,0.026052104208416832,agent_0005
93,457.0,0.03807615230460922,2.9372100034448776,0.05885336332640443,499,0.40681362725450904,0.2565130260521042,0.2985971943887776,0.03807615230460922,agent_0005
94,481.0,0.022044088176352707,2.975442854254355,0.057087762426612294,499,0.3727454909819639,0.2785571142284569,0.32665330661322645,0.022044088176352707,agent_0005
95,481.0,0.026052104208416832,2.9826868858168547,0.05537512955381393,499,0.3346693386773547,0.3186372745490982,0.32064128256513025,0.026052104208416832,agent_0005
96,493.0,0.01002004008016032,2.6412528403456927,0.053713875667199505,499,0.4248496993987976,0.280561122244489,0.2845691382765531,0.01002004008016032,agent_0005
97,466.0,0.028056112224448898,2.8992805937230255,0.05210245939718352,499,0.312625250501002,0.3106212424849699,0.3486973947895792,0.028056112224448898,agent_0005
98,490.0,0.014028056112224449,2.822868883286741,0.05053938561526801,499,0.38276553106212424,0.2745490981963928,0.3286573146292585,0.014028056112224449,agent_0005
99,487.0,0.01603206412825651,2.812965164505687,0.05,499,0.41282565130260523,0.3286573146292585,0.24248496993987975,0.01603206412825651,agent_0005
100,481.0,0.018036072144288578,2.71529549117608,0.05,499,0.4228456913827655,0.2925851703406814,0.2665330661322645,0.018036072144288578,agent_0005
101,487.0,0.014028056112224449,2.7018411725082734,0.05,499,0.44288577154308617,0.2565130260521042,0.2865731462925852,0.014028056112224449,agent_0005
102,478.0,0.018036072144288578,2.638730933003964,0.05,499,0.4468937875751503,0.24849699398797595,0.2865731462925852,0.018036072144288578,agent_0005
103,478.0,0.022044088176352707,2.800819644901841,0.05,499,0.3787575150300601,0.27054108216432865,0.3286573146292585,0.022044088176352707,agent_0005
104,457.0,0.04408817635270541,3.1731008564739867,0.05,499,0.41282565130260523,0.22645290581162325,0.3166332665330661,0.04408817635270541,agent_0005
105,472.0,0.03006012024048096,2.9203127065672243,0.05,499,0.41082164328657317,0.2745490981963928,0.2845691382765531,0.03006012024048096,agent_0005
106,454.0,0.04609218436873747,3.1502668487027154,0.05,499,0.3527054108216433,0.2845691382765531,0.3166332665330661,0.04609218436873747,agent_0005
107,490.0,0.01603206412825651,2.606629674715403,0.05,499,0.5210420841683366,0.22044088176352705,0.24248496993987975,0.01603206412825651,agent_0005
108,472.0,0.026052104208416832,2.68151349779124,0.05,499,0.5711422845691383,0.19438877755511022,0.20841683366733466,0.026052104208416832,agent_0005
109,472.0,0.03006012024048096,2.8374931792672755,0.05,499,0.56312625250501,0.218436873747495,0.18837675350701402,0.03006012024048096,agent_0005
110,496.0,0.01002004008016032,2.3257611092022397,0.05,499,0.5811623246492986,0.22444889779559118,0.1843687374749499,0.01002004008016032,agent_0005
111,478.0,0.02404809619238477,2.682011036715554,0.05,499,0.5811623246492986,0.19238476953907815,0.20240480961923848,0.02404809619238477,agent_0005
112,463.0,0.03206412825651302,2.40448083976107,0.05,499,0.7254509018036072,0.12224448897795591,0.12024048096192384,0.03206412825651302,agent_0005
113,460.0,0.036072144288577156,2.6753830432706422,0.05,499,0.5831663326653307,0.20440881763527055,0.17635270541082165,0.036072144288577156,agent_0005
114,499.0,0.004008016032064128,2.4992796190321602,0.05,499,0.46092184368737477,0.2605210420841683,0.2745490981963928,0.004008016032064128,agent_0005
115,499.0,0.01603206412825651,3.026370309635434,0.05,499,0.3727454909819639,0.3046092184368738,0.3066132264529058,0.01603206412825651,agent_0005
116,484.0,0.02004008016032064,2.9742366459477365,0.05,499,0.3226452905811623,0.342685370741483,0.31462925851703405,0.02004008016032064,agent_0005
117,472.0,0.028056112224448898,3.058802999965039,0.05,499,0.35671342685370744,0.3486973947895792,0.2665330661322645,0.028056112224448898,agent_0005
118,460.0,0.03807615230460922,3.2438655454134797,0.05,499,0.35470941883767537,0.3026052104208417,0.3046092184368738,0.03807615230460922,agent_0005
119,499.0,0.004008016032064128,2.4696851566364977,0.05,499,0.46292585170340683,0.2625250501002004,0.27054108216432865,0.004008016032064128,agent_0005
0,484.0,0.018036072144288578,2.5773784898437473,1.0,499,0.5130260521042084,0.218436873747495,0.250501002004008,0.018036072144288578,agent_0006
1,490.0,0.012024048096192385,2.7462218720008105,0.97,499,0.4188376753507014,0.2745490981963928,0.29458917835671344,0.012024048096192385,agent_0006
2,478.0,0.026052104208416832,2.684554593969651,0.9409,499,0.4849699398797595,0.23046092184368738,0.25851703406813625,0.026052104208416832,agent_0006
3,472.0,0.03206412825651302,2.8824683542585814,0.912673,499,0.4909819639278557,0.26452905811623245,0.2124248496993988,0.03206412825651302,agent_0006
4,457.0,0.04008016032064128,3.029308475247689,0.8852928099999999,499,0.47695390781563124,0.26452905811623245,0.218436873747495,0.04008016032064128,agent_0006
5,469.0,0.028056112224448898,2.767431537834947,0.8587340256999999,499,0.44889779559118237,0.250501002004008,0.2725450901803607,0.028056112224448898,agent_0006
6,490.0,0.012024048096192385,2.6928077357280906,0.8329720049289999,499,0.4088176352705411,0.312625250501002,0.2665330661322645,0.012024048096192385,agent_0006
7,472.0,0.03406813627254509,3.0316941911824973,0.8079828447811299,499,0.4589178356713427,0.22244488977955912,0.2845691382765531,0.03406813627254509,agent_0006
8,493.0,0.01002004008016032,2.5484309402912944,0.783743359437696,499,0.47695390781563124,0.2545090180360721,0.25851703406813625,0.01002004008016032,agent_0006
9,469.0,0.03006012024048096,2.811154090727938,0.7602310586545651,499,0.43286573146292584,0.20841683366733466,0.3286573146292585,0.03006012024048096,agent_0006
10,490.0,0.01002004008016032,2.6128304251485748,0.7374241268949281,499,0.4529058116232465,0.24649298597194388,0.2905811623246493,0.01002004008016032,agent_0006
11,466.0,0.03206412825651302,2.760410329904332,0.7153014030880802,499,0.44488977955911824,0.21643286573146292,0.3066132264529058,0.03206412825651302,agent_0006
12,454.0,0.04008016032064128,3.1091985040296968,0.6938423609954378,499,0.374749498997996,0.32064128256513025,0.26452905811623245,0.04008016032064128,agent_0006
13,487.0,0.018036072144288578,2.724375191632109,0.6730270901655747,499,0.43687374749499,0.30861723446893785,0.23647294589178355,0.018036072144288578,agent_0006
14,454.0,0.04008016032064128,2.8158132785657144,0.6528362774606075,499,0.5270541082164328,0.21442885771543085,0.218436873747495,0.04008016032064128,agent_0006
15,472.0,0.03406813627254509,2.9969812985135995,0.6332511891367892,499,0.4849699398797595,0.25250501002004005,0.22845691382765532,0.03406813627254509,agent_0006
16,481.0,0.028056112224448898,2.7580956663485705,0.6142536534626856,499,0.4969939879759519,0.24248496993987975,0.23246492985971945,0.028056112224448898,agent_0006
17,442.0,0.06012024048096192,3.356044537999896,0.595826043858805,499,0.4909819639278557,0.24649298597194388,0.20240480961923848,0.06012024048096192,agent_0006
18,481.0,0.018036072144288578,2.555916671827841,0.5779512625430409,499,0.503006012024048,0.23046092184368738,0.24849699398797595,0.018036072144288578,agent_0006
19,481.0,0.018036072144288578,2.6403629474019477,0.5606127246667496,499,0.5150300601202404,0.22044088176352705,0.24649298597194388,0.018036072144288578,agent_0006
20,481.0,0.028056112224448898,2.8106261866542566,0.5437943429267471,499,0.45691382765531063,0.2605210420841683,0.2545090180360721,0.028056112224448898,agent_0006
21,469.0,0.028056112224448898,2.801823809444277,0.5274805126389447,499,0.44288577154308617,0.24849699398797595,0.280561122244489,0.028056112224448898,agent_0006
22,466.0,0.036072144288577156,2.9872568180184587,0.5116560972597763,499,0.4408817635270541,0.27655310621242485,0.24649298597194388,0.036072144288577156,agent_0006
23,490.0,0.008016032064128256,2.5886739265152974,0.496306414341983,499,0.3907815631262525,0.28256513026052105,0.3186372745490982,0.008016032064128256,agent_0006
24,478.0,0.026052104208416832,2.7467700566512434,0.48141722191172354,499,0.4969939879759519,0.23847695390781562,0.23847695390781562,0.026052104208416832,agent_0006
25,487.0,0.01603206412825651,2.5324074737847018,0.4669747052543718,499,0.5250501002004008,0.22645290581162325,0.23246492985971945,0.01603206412825651,agent_0006
26,475.0,0.018036072144288578,2.6747349620448415,0.4529654640967406,499,0.4709418837675351,0.2665330661322645,0.24448897795591182,0.018036072144288578,agent_0006
27,469.0,0.036072144288577156,3.107560376048765,0.4393765001738384,499,0.4709418837675351,0.23246492985971945,0.2605210420841683,0.036072144288577156,agent_0006
28,463.0,0.036072144288577156,3.058593903159748,0.42619520516862325,499,0.42084168336673344,0.2565130260521042,0.2865731462925852,0.036072144288577156,agent_0006
29,496.0,0.006012024048096192,2.3159315899087196,0.4134093490135645,499,0.625250501002004,0.1963927855711423,0.17234468937875752,0.006012024048096192,agent_0006
30,484.0,0.014028056112224449,2.337809366422121,0.4010070685431576,499,0.6292585170340681,0.17234468937875752,0.1843687374749499,0.014028056112224449,agent_0006
31,478.0,0.022044088176352707,2.6667276617811617,0.38897685648686287,499,0.5430861723446894,0.19839679358717435,0.23647294589178355,0.022044088176352707,agent_0006
32,493.0,0.01603206412825651,2.628647853227863,0.377307550792257,499,0.4969939879759519,0.25250501002004005,0.23446893787575152,0.01603206412825651,agent_0006
33,469.0,0.03006012024048096,2.8100797215728806,0.36598832426848926,499,0.5050100200400801,0.24248496993987975,0.22244488977955912,0.03006012024048096,agent_0006
34,493.0,0.012024048096192385,2.4431014864052587,0.35500867454043455,499,0.5190380761523046,0.21042084168336672,0.25851703406813625,0.012024048096192385,agent_0006
35,484.0,0.01603206412825651,2.4285857714193004,0.3443584143042215,499,0.5350701402805611,0.2124248496993988,0.23647294589178355,0.01603206412825651,agent_0006
36,463.0,0.03006012024048096,2.7405410785758066,0.3340276618750948,499,0.5250501002004008,0.250501002004008,0.19438877755511022,0.03006012024048096,agent_0006
37,469.0,0.02404809619238477,2.894196737688109,0.32400683201884195,499,0.3867735470941884,0.3106212424849699,0.2785571142284569,0.02404809619238477,agent_0006
38,499.0,0.01002004008016032,2.7240174817548928,0.3142866270582767,499,0.3486973947895792,0.2985971943887776,0.342685370741483,0.01002004008016032,agent_0006
39,466.0,0.03206412825651302,3.0408586519999776,0.3048580282465284,499,0.34468937875751504,0.2985971943887776,0.3246492985971944,0.03206412825651302,agent_0006
40,472.0,0.03006012024048096,2.9864631541094804,0.2957122873991326,499,0.3907815631262525,0.30861723446893785,0.27054108216432865,0.03006012024048096,agent_0006
41,454.0,0.04609218436873747,3.2255996624049486,0.2868409187771586,499,0.34468937875751504,0.312625250501002,0.2965931863727455,0.04609218436873747,agent_0006
42,478.0,0.03006012024048096,3.0933761998108884,0.27823569121384384,499,0.4168336673346693,0.2745490981963928,0.2785571142284569,0.03006012024048096,agent_0006
43,475.0,0.028056112224448898,2.7009587882895763,0.2698886204774285,499,0.6032064128256514,0.18236472945891782,0.18637274549098196,0.028056112224448898,agent_0006
44,493.0,0.018036072144288578,2.9650780750998966,0.26179196186310566,499,0.3486973947895792,0.2565130260521042,0.37675350701402804,0.018036072144288578,agent_0006
45,466.0,0.036072144288577156,2.9899054547565553,0.2539382030072125,499,0.3627254509018036,0.30060120240480964,0.30060120240480964,0.036072144288577156,agent_0006
46,490.0,0.018036072144288578,2.9894397050918426,0.2463200569169961,499,0.36072144288577157,0.2905811623246493,0.3306613226452906,0.018036072144288578,agent_0006
47,469.0,0.026052104208416832,2.853073604565185,0.23893045520948622,499,0.43887775551102204,0.2685370741482966,0.2665330661322645,0.026052104208416832,agent_0006
48,478.0,0.02404809619238477,2.95489322059796,0.23176254155320164,499,0.33867735470941884,0.33266533066132264,0.3046092184368738,0.02404809619238477,agent_0006
49,478.0,0.026052104208416832,2.8863888462550875,0.2248096653066056,499,0.46092184368737477,0.26452905811623245,0.24849699398797595,0.026052104208416832,agent_0006
50,466.0,0.03807615230460922,3.137161195589806,0.21806537534740741,499,0.3907815631262525,0.2845691382765531,0.2865731462925852,0.03807615230460922,agent_0006
51,484.0,0.018036072144288578,2.945927560215375,0.2115234140869852,499,0.3587174348697395,0.27655310621242485,0.3466933867735471,0.018036072144288578,agent_0006
52,466.0,0.03006012024048096,3.077585583336274,0.20517771166437562,499,0.2925851703406814,0.35671342685370744,0.32064128256513025,0.03006012024048096,agent_0006
53,496.0,0.006012024048096192,2.730008351880015,0.19902238031444436,499,0.3667334669338677,0.2905811623246493,0.3366733466933868,0.006012024048096192,agent_0006
54,475.0,0.026052104208416832,3.0292994278138403,0.19305170890501103,499,0.2905811623246493,0.312625250501002,0.37074148296593185,0.026052104208416832,agent_0006
55,499.0,0.0,2.6338043013317503,0.1872601576378607,499,0.22845691382765532,0.3687374749498998,0.4028056112224449,0.0,agent_0006
56,460.0,0.028056112224448898,2.877426091452053,0.18164235290872485,499,0.37675350701402804,0.28256513026052105,0.312625250501002,0.028056112224448898,agent_0006
57,496.0,0.008016032064128256,2.7226338333414324,0.1761930823214631,499,0.2965931863727455,0.32665330661322645,0.3687374749498998,0.008016032064128256,agent_0006
58,460.0,0.036072144288577156,3.117832659166025,0.17090728985181922,499,0.3627254509018036,0.3026052104208417,0.2985971943887776,0.036072144288577156,agent_0006
59,493.0,0.006012024048096192,2.5897888438103562,0.16578007115626464,499,0.3907815631262525,0.30060120240480964,0.3026052104208417,0.006012024048096192,agent_0006
60,484.0,0.02004008016032064,2.864419701088102,0.1608066690215767,499,0.3727454909819639,0.2965931863727455,0.3106212424849699,0.02004008016032064,agent_0006
61,493.0,0.01002004008016032,2.635124418071204,0.1559824689509294,499,0.45090180360721444,0.2785571142284569,0.2605210420841683,0.01002004008016032,agent_0006
62,466.0,0.03406813627254509,3.073346099189427,0.1513029948824015,499,0.3907815631262525,0.2625250501002004,0.312625250501002,0.03406813627254509,agent_0006
63,463.0,0.036072144288577156,2.909031237844454,0.14676390503592945,499,0.4308617234468938,0.29458917835671344,0.23847695390781562,0.036072144288577156,agent_0006
64,487.0,0.018036072144288578,3.0043937323229764,0.14236098788485158,499,0.30060120240480964,0.3366733466933868,0.34468937875751504,0.018036072144288578,agent_0006
65,475.0,0.03807615230460922,2.971686332743251,0.13809015824830603,499,0.4909819639278557,0.24448897795591182,0.22645290581162325,0.03807615230460922,agent_0006
66,472.0,0.03206412825651302,2.78672327873289,0.13394745350085685,499,0.5230460921843687,0.21442885771543085,0.23046092184368738,0.03206412825651302,agent_0006
67,484.0,0.01603206412825651,2.682733544411046,0.12992902989583113,499,0.46292585170340683,0.2545090180360721,0.2665330661322645,0.01603206412825651,agent_0006
68,490.0,0.02404809619238477,2.6443571776209955,0.1260311589989562,499,0.5531062124248497,0.1903807615230461,0.23246492985971945,0.02404809619238477,agent_0006
69,475.0,0.028056112224448898,2.728482713245352,0.12225022422898751,499,0.5110220440881763,0.1963927855711423,0.26452905811623245,0.028056112224448898,agent_0006
70,478.0,0.022044088176352707,2.321441130153509,0.11858271750211788,499,0.6993987975951904,0.14829659318637275,0.13026052104208416,0.022044088176352707,agent_0006
71,481.0,0.022044088176352707,2.318106593718469,0.11502523597705434,499,0.6693386773547094,0.1402805611222445,0.1683366733466934,0.022044088176352707,agent_0006
72,469.0,0.03206412825651302,2.8088384028615816,0.1115744788977427,499,0.5591182364729459,0.20641282565130262,0.20240480961923848,0.03206412825651302,agent_0006
73,460.0,0.04208416833667335,2.9275224242601707,0.10822724453081042,499,0.591182364729459,0.17034068136272545,0.1963927855711423,0.04208416833667335,agent_0006
74,478.0,0.02004008016032064,2.5826809538157485,0.10498042719488611,499,0.5270541082164328,0.2605210420841683,0.19238476953907815,0.02004008016032064,agent_0006
75,487.0,0.02004008016032064,2.702446426142653,0.10183101437903952,499,0.5110220440881763,0.23246492985971945,0.23647294589178355,0.02004008016032064,agent_0006
76,487.0,0.02004008016032064,2.7704850627399087,0.09877608394766833,499,0.45090180360721444,0.23046092184368738,0.2985971943887776,0.02004008016032064,agent_0006
77,487.0,0.012024048096192385,2.450980192821417,0.09581280142923829,499,0.5771543086172345,0.22845691382765532,0.18236472945891782,0.012024048096192385,agent_0006
78,490.0,0.012024048096192385,2.3989499438017567,0.09293841738636113,499,0.6352705410821643,0.17835671342685372,0.1743486973947896,0.012024048096192385,agent_0006
79,493.0,0.01002004008016032,2.413083036212936,0.09015026486477029,499,0.5490981963927856,0.21643286573146292,0.22444889779559118,0.01002004008016032,agent_0006
80,475.0,0.026052104208416832,2.816303181592046,0.08744575691882718,499,0.5190380761523046,0.23046092184368738,0.22444889779559118,0.026052104208416832,agent_0006
81,481.0,0.022044088176352707,2.7268980625892323,0.08482238421126237,499,0.4468937875751503,0.27054108216432865,0.2605210420841683,0.022044088176352707,agent_0006
82,475.0,0.03006012024048096,2.808774277922297,0.0822777126849245,499,0.48897795591182364,0.23046092184368738,0.250501002004008,0.03006012024048096,agent_0006
83,496.0,0.004008016032064128,2.5547493956819673,0.07980938130437676,499,0.3787575150300601,0.3166332665330661,0.30060120240480964,0.004008016032064128,agent_0006
84,481.0,0.022044088176352707,2.8171381626398007,0.07741509986524546,499,0.35070140280561124,0.2725450901803607,0.35470941883767537,0.022044088176352707,agent_0006
85,490.0,0.01002004008016032,2.6602799569829343,0.0750926468692881,499,0.4348697394789579,0.2685370741482966,0.2865731462925852,0.01002004008016032,agent_0006
86,490.0,0.01603206412825651,2.8375031797270007,0.07283986746320946,499,0.36472945891783565,0.2965931863727455,0.3226452905811623,0.01603206412825651,agent_0006
87,493.0,0.006012024048096192,2.4740586142160836,0.07065467143931317,499,0.49498997995991983,0.250501002004008,0.24849699398797595,0.006012024048096192,agent_0006
88,487.0,0.02404809619238477,2.6369366653806936,0.06853503129613378,499,0.5851703406813628,0.18236472945891782,0.20841683366733466,0.02404809619238477,agent_0006
89,472.0,0.028056112224448898,2.880034615495131,0.06647898035724976,499,0.4248496993987976,0.25851703406813625,0.28857715430861725,0.028056112224448898,agent_0006
90,499.0,0.004008016032064128,2.5026808801898603,0.06448461094653227,499,0.5070140280561122,0.2625250501002004,0.22645290581162325,0.004008016032064128,agent_0006
91,481.0,0.02404809619238477,2.8276209886281807,0.06255007261813629,499,0.45490981963927857,0.27054108216432865,0.250501002004008,0.02404809619238477,agent_0006
92,454.0,0.04208416833667335,2.8001706935214843,0.0606735704395922,499,0.5751503006012024,0.17635270541082165,0.20641282565130262,0.04208416833667335,agent_0006
93,481.0,0.022044088176352707,2.7517154463807754,0.05885336332640443,499,0.561122244488978,0.17234468937875752,0.24448897795591182,0.022044088176352707,agent_0006
94,481.0,0.026052104208416832,2.6420469457213396,0.057087762426612294,499,0.5571142284569138,0.1963927855711423,0.22044088176352705,0.026052104208416832,agent_0006
95,493.0,0.01002004008016032,2.566128915436733,0.05537512955381393,499,0.48897795591182364,0.26452905811623245,0.23647294589178355,0.01002004008016032,agent_0006
96,466.0,0.028056112224448898,2.808254287629777,0.053713875667199505,499,0.42084168336673344,0.2665330661322645,0.2845691382765531,0.028056112224448898,agent_0006
97,490.0,0.014028056112224449,2.7999431405586845,0.05210245939718352,499,0.4148296593186373,0.2725450901803607,0.2985971943887776,0.014028056112224449,agent_0006
98,487.0,0.01603206412825651,2.8737459781434733,0.05053938561526801,499,0.39879759519038077,0.32665330661322645,0.25851703406813625,0.01603206412825651,agent_0006
99,487.0,0.014028056112224449,2.7941987310021337,0.05,499,0.35070140280561124,0.3226452905811623,0.312625250501002,0.014028056112224449,agent_0006
100,484.0,0.018036072144288578,2.910892699517239,0.05,499,0.3406813627254509,0.2985971943887776,0.342685370741483,0.018036072144288578,agent_0006
101,484.0,0.014028056112224449,2.614655195438323,0.05,499,0.44488977955911824,0.27054108216432865,0.27054108216432865,0.014028056112224449,agent_0006
102,478.0,0.022044088176352707,2.520743471376899,0.05,499,0.6012024048096193,0.16432865731462926,0.2124248496993988,0.022044088176352707,agent_0006
103,457.0,0.04408817635270541,2.9690968144700145,0.05,499,0.5490981963927856,0.1963927855711423,0.21042084168336672,0.04408817635270541,agent_0006
104,481.0,0.022044088176352707,2.7458198207759623,0.05,499,0.4909819639278557,0.2565130260521042,0.23046092184368738,0.022044088176352707,agent_0006
105,469.0,0.036072144288577156,2.8922532622659274,0.05,499,0.4308617234468938,0.24849699398797595,0.2845691382765531,0.036072144288577156,agent_0006
106,490.0,0.01603206412825651,2.7596182614743805,0.05,499,0.3867735470941884,0.2725450901803607,0.3246492985971944,0.01603206412825651,agent_0006
107,478.0,0.026052104208416832,3.1024549266881434,0.05,499,0.35070140280561124,0.2985971943887776,0.3246492985971944,0.026052104208416832,agent_0006
108,475.0,0.028056112224448898,2.991176881417732,0.05,499,0.3787575150300601,0.3046092184368738,0.28857715430861725,0.028056112224448898,agent_0006
109,496.0,0.01002004008016032,2.4388672591455696,0.05,499,0.4969939879759519,0.2665330661322645,0.22645290581162325,0.01002004008016032,agent_0006
110,475.0,0.026052104208416832,2.860803796291788,0.05,499,0.44488977955911824,0.2725450901803607,0.2565130260521042,0.026052104208416832,agent_0006
111,469.0,0.028056112224448898,2.7637547131435816,0.05,499,0.38877755511022044,0.2925851703406814,0.2905811623246493,0.028056112224448898,agent_0006
112,460.0,0.036072144288577156,2.689615154046729,0.05,499,0.5210420841683366,0.23246492985971945,0.21042084168336672,0.036072144288577156,agent_0006
113,499.0,0.004008016032064128,2.2005248457752553,0.05,499,0.6432865731462926,0.15430861723446893,0.19839679358717435,0.004008016032064128,agent_0006
114,499.0,0.01603206412825651,2.8120741251463657,0.05,499,0.4909819639278557,0.24448897795591182,0.24849699398797595,0.01603206412825651,agent_0006
115,484.0,0.02004008016032064,2.7696006073199113,0.05,499,0.4789579158316633,0.25250501002004005,0.24849699398797595,0.02004008016032064,agent_0006
116,475.0,0.026052104208416832,2.5684959252708257,0.05,499,0.6352705410821643,0.18236472945891782,0.156312625250501,0.026052104208416832,agent_0006
117,466.0,0.03206412825651302,2.712858460563886,0.05,499,0.625250501002004,0.17835671342685372,0.16432865731462926,0.03206412825651302,agent_0006
118,499.0,0.002004008016032064,2.18625607413781,0.05,499,0.5891783567134269,0.18637274549098196,0.22244488977955912,0.002004008016032064,agent_0006
119,499.0,0.004008016032064128,2.349640062030776,0.05,499,0.5350701402805611,0.21643286573146292,0.24448897795591182,0.004008016032064128,agent_0006
0,490.0,0.012024048096192385,2.725823689595893,1.0,499,0.4148296593186373,0.2625250501002004,0.3106212424849699,0.012024048096192385,agent_0007
1,478.0,0.026052104208416832,2.690664534653985,0.97,499,0.46893787575150303,0.24048096192384769,0.26452905811623245,0.026052104208416832,agent_0007
2,472.0,0.03206412825651302,2.9751420086736595,0.9409,499,0.44288577154308617,0.30060120240480964,0.22444889779559118,0.03206412825651302,agent_0007
3,457.0,0.04008016032064128,3.0158339005392185,0.912673,499,0.44288577154308617,0.2745490981963928,0.24248496993987975,0.04008016032064128,agent_0007
4,469.0,0.028056112224448898,2.7972684297988946,0.8852928099999999,499,0.43286573146292584,0.24448897795591182,0.29458917835671344,0.028056112224448898,agent_0007
5,490.0,0.012024048096192385,2.6401839797396325,0.8587340256999999,499,0.45090180360721444,0.27655310621242485,0.2605210420841683,0.012024048096192385,agent_0007
6,469.0,0.036072144288577156,3.0130031114833917,0.8329720049289999,499,0.4849699398797595,0.20841683366733466,0.27054108216432865,0.036072144288577156,agent_0007
7,493.0,0.01002004008016032,2.578488695830752,0.8079828447811299,499,0.46693386773547096,0.27054108216432865,0.25250501002004005,0.01002004008016032,agent_0007
8,469.0,0.03006012024048096,2.7671464711269187,0.783743359437696,499,0.45490981963927857,0.21042084168336672,0.3046092184368738,0.03006012024048096,agent_0007
9,487.0,0.014028056112224449,2.7038508132951233,0.7602310586545651,499,0.4709418837675351,0.250501002004008,0.26452905811623245,0.014028056112224449,agent_0007
10,466.0,0.03206412825651302,2.8170543717958174,0.7374241268949281,499,0.4348697394789579,0.25250501002004005,0.280561122244489,0.03206412825651302,agent_0007
11,448.0,0.04408817635270541,3.0810573226162026,0.7153014030880802,499,0.46092184368737477,0.25851703406813625,0.23647294589178355,0.04408817635270541,agent_0007
12,487.0,0.018036072144288578,2.6871831763471716,0.6938423609954378,499,0.46092184368737477,0.2905811623246493,0.23046092184368738,0.018036072144288578,agent_0007
13,454.0,0.04008016032064128,2.903153486217259,0.6730270901655747,499,0.48897795591182364,0.24849699398797595,0.22244488977955912,0.04008016032064128,agent_0007
14,481.0,0.028056112224448898,2.9035845893064973,0.6528362774606075,499,0.46292585170340683,0.25851703406813625,0.250501002004008,0.028056112224448898,agent_0007
15,481.0,0.028056112224448898,2.8783277559565783,0.6332511891367892,499,0.40681362725450904,0.3066132264529058,0.25851703406813625,0.028056112224448898,agent_0007
16,442.0,0.06212424849699399,3.3623088813933673,0.6142536534626856,499,0.4589178356713427,0.250501002004008,0.22845691382765532,0.06212424849699399,agent_0007
17,481.0,0.018036072144288578,2.585992312085342,0.595826043858805,499,0.49498997995991983,0.21643286573146292,0.27054108216432865,0.018036072144288578,agent_0007
18,481.0,0.018036072144288578,2.6363100293954203,0.5779512625430409,499,0.5250501002004008,0.23046092184368738,0.22645290581162325,0.018036072144288578,agent_0007
19,484.0,0.026052104208416832,2.739699122903481,0.5606127246667496,499,0.5050100200400801,0.23647294589178355,0.23246492985971945,0.026052104208416832,agent_0007
20,469.0,0.028056112224448898,2.8336502383912356,0.5437943429267471,499,0.4028056112224449,0.25250501002004005,0.3166332665330661,0.028056112224448898,agent_0007
21,466.0,0.036072144288577156,2.9305019929202736,0.5274805126389447,499,0.4709418837675351,0.26452905811623245,0.22845691382765532,0.036072144288577156,agent_0007
22,490.0,0.008016032064128256,2.4419622552210103,0.5116560972597763,499,0.4849699398797595,0.23046092184368738,0.27655310621242485,0.008016032064128256,agent_0007
23,478.0,0.026052104208416832,2.784902607137752,0.496306414341983,499,0.4849699398797595,0.26452905811623245,0.22444889779559118,0.026052104208416832,agent_0007
24,472.0,0.03206412825651302,2.8442355987657333,0.48141722191172354,499,0.4589178356713427,0.26452905811623245,0.24448897795591182,0.03206412825651302,agent_0007
25,475.0,0.02004008016032064,2.817133136008639,0.4669747052543718,499,0.3847695390781563,0.3246492985971944,0.27054108216432865,0.02004008016032064,agent_0007
26,475.0,0.03006012024048096,3.0487787139646696,0.4529654640967406,499,0.40681362725450904,0.2625250501002004,0.30060120240480964,0.03006012024048096,agent_0007
27,472.0,0.028056112224448898,3.036253234565034,0.4393765001738384,499,0.39478957915831664,0.2725450901803607,0.3046092184368738,0.028056112224448898,agent_0007
28,496.0,0.006012024048096192,2.3647929756188524,0.42619520516862325,499,0.5591182364729459,0.20841683366733466,0.22645290581162325,0.006012024048096192,agent_0007
29,484.0,0.014028056112224449,2.272867898314197,0.4134093490135645,499,0.657314629258517,0.15831663326653306,0.17034068136272545,0.014028056112224449,agent_0007
30,478.0,0.022044088176352707,2.6805730498883373,0.4010070685431576,499,0.5450901803607214,0.20841683366733466,0.22444889779559118,0.022044088176352707,agent_0007
31,493.0,0.018036072144288578,2.502694003358563,0.38897685648686287,499,0.5891783567134269,0.19839679358717435,0.19438877755511022,0.018036072144288578,agent_0007
32,478.0,0.022044088176352707,2.7105527034126795,0.377307550792257,499,0.49498997995991983,0.22845691382765532,0.2545090180360721,0.022044088176352707,agent_0007
33,493.0,0.012024048096192385,2.5869514540194665,0.36598832426848926,499,0.41282565130260523,0.2565130260521042,0.3186372745490982,0.012024048096192385,agent_0007
34,484.0,0.01603206412825651,2.6966697643314044,0.35500867454043455,499,0.3627254509018036,0.2985971943887776,0.3226452905811623,0.01603206412825651,agent_0007
35,469.0,0.026052104208416832,2.895719392634679,0.3443584143042215,499,0.4088176352705411,0.2985971943887776,0.2665330661322645,0.026052104208416832,agent_0007
36,469.0,0.026052104208416832,2.90886617515867,0.3340276618750948,499,0.3867735470941884,0.3226452905811623,0.26452905811623245,0.026052104208416832,agent_0007
37,499.0,0.01002004008016032,2.636817990518446,0.32400683201884195,499,0.43687374749499,0.2685370741482966,0.2845691382765531,0.01002004008016032,agent_0007
38,466.0,0.03206412825651302,2.9368458126676122,0.3142866270582767,499,0.41082164328657317,0.250501002004008,0.3066132264529058,0.03206412825651302,agent_0007
39,478.0,0.026052104208416832,2.8762570031407293,0.3048580282465284,499,0.46893787575150303,0.2685370741482966,0.23647294589178355,0.026052104208416832,agent_0007
40,469.0,0.036072144288577156,2.993498226988662,0.2957122873991326,499,0.43286573146292584,0.27655310621242485,0.2545090180360721,0.036072144288577156,agent_0007
41,478.0,0.03006012024048096,3.074318691198356,0.2868409187771586,499,0.4529058116232465,0.27655310621242485,0.24048096192384769,0.03006012024048096,agent_0007
42,475.0,0.028056112224448898,2.553008145529417,0.27823569121384384,499,0.7054108216432866,0.09819639278557114,0.1683366733466934,0.028056112224448898,agent_0007
43,496.0,0.01603206412825651,2.8247330976734357,0.2698886204774285,499,0.45090180360721444,0.23647294589178355,0.2965931863727455,0.01603206412825651,agent_0007
44,469.0,0.03406813627254509,2.8511602174117816,0.26179196186310566,499,0.46292585170340683,0.23246492985971945,0.27054108216432865,0.03406813627254509,agent_0007
45,493.0,0.012024048096192385,2.7725607556887084,0.2539382030072125,499,0.4308617234468938,0.27054108216432865,0.2865731462925852,0.012024048096192385,agent_0007
46,475.0,0.022044088176352707,2.7644023734298524,0.2463200569169961,499,0.4529058116232465,0.2605210420841683,0.26452905811623245,0.022044088176352707,agent_0007
47,475.0,0.028056112224448898,2.78589966177807,0.23893045520948622,499,0.47695390781563124,0.250501002004008,0.24448897795591182,0.028056112224448898,agent_0007
48,478.0,0.026052104208416832,2.9062069998539535,0.23176254155320164,499,0.4408817635270541,0.2565130260521042,0.27655310621242485,0.026052104208416832,agent_0007
49,472.0,0.03206412825651302,2.9677663826277945,0.2248096653066056,499,0.45490981963927857,0.25851703406813625,0.2545090180360721,0.03206412825651302,agent_0007
50,487.0,0.018036072144288578,2.678825013404422,0.21806537534740741,499,0.5390781563126252,0.20841683366733466,0.23446893787575152,0.018036072144288578,agent_0007
51,463.0,0.036072144288577156,2.730556410293096,0.2115234140869852,499,0.593186372745491,0.1523046092184369,0.218436873747495,0.036072144288577156,agent_0007
52,496.0,0.006012024048096192,2.301552765171237,0.20517771166437562,499,0.657314629258517,0.14829659318637275,0.18837675350701402,0.006012024048096192,agent_0007
53,475.0,0.026052104208416832,2.5865326354877394,0.19902238031444436,499,0.6232464929859719,0.15030060120240482,0.20040080160320642,0.026052104208416832,agent_0007
54,499.0,0.0,2.271104181210941,0.19305170890501103,499,0.49899799599198397,0.22044088176352705,0.280561122244489,0.0,agent_0007
55,460.0,0.028056112224448898,2.711263250229803,0.1872601576378607,499,0.5210420841683366,0.22645290581162325,0.22444889779559118,0.028056112224448898,agent_0007
56,496.0,0.008016032064128256,2.4138780552030514,0.18164235290872485,499,0.5110220440881763,0.2124248496993988,0.2685370741482966,0.008016032064128256,agent_0007
57,469.0,0.03006012024048096,2.9988581323625754,0.1761930823214631,499,0.41082164328657317,0.2905811623246493,0.2685370741482966,0.03006012024048096,agent_0007
58,487.0,0.01002004008016032,2.4384456196859863,0.17090728985181922,499,0.5350701402805611,0.2124248496993988,0.24248496993987975,0.01002004008016032,agent_0007
59,487.0,0.014028056112224449,2.4749497454136637,0.16578007115626464,499,0.6092184368737475,0.21042084168336672,0.16633266533066132,0.014028056112224449,agent_0007
60,493.0,0.01002004008016032,2.3926718798784083,0.1608066690215767,499,0.6152304609218436,0.18637274549098196,0.18837675350701402,0.01002004008016032,agent_0007
61,466.0,0.03406813627254509,2.783976324012056,0.1559824689509294,499,0.5591182364729459,0.1843687374749499,0.22244488977955912,0.03406813627254509,agent_0007
62,457.0,0.04008016032064128,3.0070624742071463,0.1513029948824015,499,0.40681362725450904,0.2925851703406814,0.2605210420841683,0.04008016032064128,agent_0007
63,487.0,0.018036072144288578,2.8992483736480064,0.14676390503592945,499,0.40480961923847697,0.3026052104208417,0.2745490981963928,0.018036072144288578,agent_0007
64,472.0,0.03807615230460922,3.0671935819789717,0.14236098788485158,499,0.4088176352705411,0.3026052104208417,0.250501002004008,0.03807615230460922,agent_0007
65,475.0,0.03006012024048096,2.885881746711996,0.13809015824830603,499,0.43286573146292584,0.25851703406813625,0.2785571142284569,0.03006012024048096,agent_0007
66,490.0,0.012024048096192385,2.606119823486683,0.13394745350085685,499,0.4649298597194389,0.24849699398797595,0.2745490981963928,0.012024048096192385,agent_0007
67,490.0,0.02404809619238477,2.655695129913808,0.12992902989583113,499,0.5370741482965932,0.20841683366733466,0.23046092184368738,0.02404809619238477,agent_0007
68,469.0,0.03206412825651302,2.737539632870706,0.1260311589989562,499,0.5751503006012024,0.18637274549098196,0.20641282565130262,0.03206412825651302,agent_0007
69,478.0,0.022044088176352707,2.7265721556432876,0.12225022422898751,499,0.44889779559118237,0.2545090180360721,0.2745490981963928,0.022044088176352707,agent_0007
70,478.0,0.026052104208416832,2.7459805957116243,0.11858271750211788,499,0.49498997995991983,0.24448897795591182,0.23446893787575152,0.026052104208416832,agent_0007
71,469.0,0.03206412825651302,2.917789237832976,0.11502523597705434,499,0.4709418837675351,0.24448897795591182,0.25250501002004005,0.03206412825651302,agent_0007
72,457.0,0.04609218436873747,3.1539574975065614,0.1115744788977427,499,0.5110220440881763,0.21643286573146292,0.22645290581162325,0.04609218436873747,agent_0007
73,475.0,0.02404809619238477,2.652118440865899,0.10822724453081042,499,0.49899799599198397,0.2725450901803607,0.20440881763527055,0.02404809619238477,agent_0007
74,487.0,0.02004008016032064,2.4566263293664607,0.10498042719488611,499,0.6673346693386774,0.156312625250501,0.156312625250501,0.02004008016032064,agent_0007
75,481.0,0.026052104208416832,2.746825001097542,0.10183101437903952,499,0.5370741482965932,0.20240480961923848,0.23446893787575152,0.026052104208416832,agent_0007
76,469.0,0.03006012024048096,2.6743406127897575,0.09877608394766833,499,0.5651302605210421,0.22845691382765532,0.17635270541082165,0.03006012024048096,agent_0007
77,490.0,0.012024048096192385,2.515333521205021,0.09581280142923829,499,0.5751503006012024,0.21643286573146292,0.1963927855711423,0.012024048096192385,agent_0007
78,490.0,0.014028056112224449,2.5423467937689925,0.09293841738636113,499,0.501002004008016,0.23847695390781562,0.24649298597194388,0.014028056112224449,agent_0007
79,469.0,0.03006012024048096,3.0123236089091963,0.09015026486477029,499,0.43887775551102204,0.2905811623246493,0.24048096192384769,0.03006012024048096,agent_0007
80,481.0,0.022044088176352707,2.5908080560020625,0.08744575691882718,499,0.5250501002004008,0.218436873747495,0.23446893787575152,0.022044088176352707,agent_0007
81,475.0,0.03006012024048096,2.7878249504093926,0.08482238421126237,499,0.48897795591182364,0.23647294589178355,0.24448897795591182,0.03006012024048096,agent_0007
82,496.0,0.004008016032064128,2.264507354946648,0.0822777126849245,499,0.5771543086172345,0.2124248496993988,0.20641282565130262,0.004008016032064128,agent_0007
83,481.0,0.022044088176352707,2.6938140267100175,0.07980938130437676,499,0.45691382765531063,0.25250501002004005,0.2685370741482966,0.022044088176352707,agent_0007
84,490.0,0.01002004008016032,2.47129243667739,0.07741509986524546,499,0.5511022044088176,0.23647294589178355,0.20240480961923848,0.01002004008016032,agent_0007
85,490.0,0.014028056112224449,2.77165274255716,0.0750926468692881,499,0.41282565130260523,0.2745490981963928,0.2985971943887776,0.014028056112224449,agent_0007
86,493.0,0.006012024048096192,2.602354326191647,0.07283986746320946,499,0.3727454909819639,0.2985971943887776,0.3226452905811623,0.006012024048096192,agent_0007
87,487.0,0.02404809619238477,3.0224839385701228,0.07065467143931317,499,0.37675350701402804,0.31462925851703405,0.2845691382765531,0.02404809619238477,agent_0007
88,469.0,0.03006012024048096,2.9458944648657472,0.06853503129613378,499,0.4088176352705411,0.2565130260521042,0.3046092184368738,0.03006012024048096,agent_0007
89,499.0,0.004008016032064128,2.6010344810241572,0.06647898035724976,499,0.44488977955911824,0.2925851703406814,0.25851703406813625,0.004008016032064128,agent_0007
90,478.0,0.026052104208416832,2.851225092890044,0.06448461094653227,499,0.4529058116232465,0.250501002004008,0.27054108216432865,0.026052104208416832,agent_0007
91,454.0,0.04208416833667335,3.0183808997361052,0.06255007261813629,499,0.40080160320641284,0.26452905811623245,0.2925851703406814,0.04208416833667335,agent_0007
92,481.0,0.022044088176352707,2.810340580812884,0.0606735704395922,499,0.4909819639278557,0.20440881763527055,0.28256513026052105,0.022044088176352707,agent_0007
93,484.0,0.022044088176352707,2.70968711240883,0.05885336332640443,499,0.45490981963927857,0.2625250501002004,0.2605210420841683,0.022044088176352707,agent_0007
94,493.0,0.01002004008016032,2.625071928444557,0.057087762426612294,499,0.43887775551102204,0.2785571142284569,0.2725450901803607,0.01002004008016032,agent_0007
95,466.0,0.028056112224448898,2.699323417838585,0.05537512955381393,499,0.503006012024048,0.23046092184368738,0.23847695390781562,0.028056112224448898,agent_0007
96,484.0,0.022044088176352707,2.6151142436708628,0.053713875667199505,499,0.6452905811623246,0.18236472945891782,0.15030060120240482,0.022044088176352707,agent_0007
97,487.0,0.018036072144288578,2.488521249784029,0.05210245939718352,499,0.6533066132264529,0.17835671342685372,0.15030060120240482,0.018036072144288578,agent_0007
98,487.0,0.014028056112224449,2.5848626030242112,0.05053938561526801,499,0.49498997995991983,0.25851703406813625,0.23246492985971945,0.014028056112224449,agent_0007
99,481.0,0.02004008016032064,2.720114214683001,0.05,499,0.45090180360721444,0.24048096192384769,0.28857715430861725,0.02004008016032064,agent_0007
100,484.0,0.014028056112224449,2.546650632719918,0.05,499,0.46092184368737477,0.24048096192384769,0.2845691382765531,0.014028056112224449,agent_0007
101,478.0,0.022044088176352707,2.7253330534932743,0.05,499,0.42685370741482964,0.24649298597194388,0.3046092184368738,0.022044088176352707,agent_0007
102,457.0,0.04408817635270541,3.1155464242985245,0.05,499,0.4248496993987976,0.22044088176352705,0.3106212424849699,0.04408817635270541,agent_0007
103,472.0,0.03006012024048096,2.7858489216857847,0.05,499,0.5791583166332666,0.21442885771543085,0.17635270541082165,0.03006012024048096,agent_0007
104,469.0,0.03807615230460922,2.8146550660519742,0.05,499,0.5150300601202404,0.2124248496993988,0.23446893787575152,0.03807615230460922,agent_0007
105,490.0,0.01603206412825651,2.1313880775876863,0.05,499,0.8096192384769539,0.06613226452905811,0.10821643286573146,0.01603206412825651,agent_0007
106,490.0,0.014028056112224449,2.37066649792583,0.05,499,0.6893787575150301,0.1402805611222445,0.156312625250501,0.014028056112224449,agent_0007
107,481.0,0.022044088176352707,2.747293952243727,0.05,499,0.5450901803607214,0.250501002004008,0.18236472945891782,0.022044088176352707,agent_0007
108,496.0,0.01002004008016032,2.028147375423088,0.05,499,0.751503006012024,0.11823647294589178,0.12024048096192384,0.01002004008016032,agent_0007
109,478.0,0.022044088176352707,2.659280546964602,0.05,499,0.5470941883767535,0.20240480961923848,0.22845691382765532,0.022044088176352707,agent_0007
110,469.0,0.028056112224448898,2.5655120350185965,0.05,499,0.5490981963927856,0.23647294589178355,0.18637274549098196,0.028056112224448898,agent_0007
111,463.0,0.036072144288577156,2.74394543500885,0.05,499,0.533066132264529,0.23446893787575152,0.1963927855711423,0.036072144288577156,agent_0007
112,499.0,0.004008016032064128,2.1850154827978536,0.05,499,0.6713426853707415,0.15831663326653306,0.16633266533066132,0.004008016032064128,agent_0007
113,499.0,0.01603206412825651,2.699136109308942,0.05,499,0.5871743486973948,0.20440881763527055,0.19238476953907815,0.01603206412825651,agent_0007
114,484.0,0.02004008016032064,2.690881002734592,0.05,499,0.5250501002004008,0.24048096192384769,0.21442885771543085,0.02004008016032064,agent_0007
115,475.0,0.026052104208416832,2.5182737775827486,0.05,499,0.6993987975951904,0.1342685370741483,0.1402805611222445,0.026052104208416832,agent_0007
116,460.0,0.036072144288577156,2.7869871725583377,0.05,499,0.5771543086172345,0.1963927855711423,0.1903807615230461,0.036072144288577156,agent_0007
117,499.0,0.002004008016032064,2.3927653757694367,0.05,499,0.4789579158316633,0.24849699398797595,0.27054108216432865,0.002004008016032064,agent_0007
118,499.0,0.004008016032064128,2.317648041773142,0.05,499,0.5490981963927856,0.218436873747495,0.22845691382765532,0.004008016032064128,agent_0007
119,466.0,0.03406813627254509,3.1739372761954097,0.05,499,0.37074148296593185,0.2725450901803607,0.3226452905811623,0.03406813627254509,agent_0007
0,478.0,0.026052104208416832,2.7486516000347225,1.0,499,0.4408817635270541,0.25250501002004005,0.280561122244489,0.026052104208416832,agent_0008
1,460.0,0.03807615230460922,2.9779844605494623,0.97,499,0.46092184368737477,0.2785571142284569,0.22244488977955912,0.03807615230460922,agent_0008
2,457.0,0.04008016032064128,3.0896673659397247,0.9409,499,0.4248496993987976,0.29458917835671344,0.24048096192384769,0.04008016032064128,agent_0008
3,463.0,0.03206412825651302,2.7779114676148335,0.912673,499,0.4589178356713427,0.22645290581162325,0.28256513026052105,0.03206412825651302,agent_0008
4,490.0,0.012024048096192385,2.647791162731758,0.8852928099999999,499,0.44889779559118237,0.27655310621242485,0.2625250501002004,0.012024048096192385,agent_0008
5,466.0,0.03807615230460922,3.141519948677729,0.8587340256999999,499,0.42084168336673344,0.25250501002004005,0.28857715430861725,0.03807615230460922,agent_0008
6,493.0,0.01002004008016032,2.6114596842904905,0.8329720049289999,499,0.43887775551102204,0.27655310621242485,0.2745490981963928,0.01002004008016032,agent_0008
7,469.0,0.03006012024048096,2.775960143912625,0.8079828447811299,499,0.4529058116232465,0.19839679358717435,0.3186372745490982,0.03006012024048096,agent_0008
8,487.0,0.012024048096192385,2.7060610548318085,0.783743359437696,499,0.4148296593186373,0.280561122244489,0.2925851703406814,0.012024048096192385,agent_0008
9,466.0,0.03206412825651302,2.8432930767334708,0.7602310586545651,499,0.4148296593186373,0.2625250501002004,0.2905811623246493,0.03206412825651302,agent_0008
10,454.0,0.04008016032064128,2.9526250838136954,0.7374241268949281,499,0.4709418837675351,0.24248496993987975,0.24649298597194388,0.04008016032064128,agent_0008
11,487.0,0.018036072144288578,2.6616244984850277,0.7153014030880802,499,0.46893787575150303,0.2905811623246493,0.22244488977955912,0.018036072144288578,agent_0008
12,460.0,0.036072144288577156,2.8081210938260304,0.6938423609954378,499,0.503006012024048,0.22444889779559118,0.23647294589178355,0.036072144288577156,agent_0008
13,472.0,0.03406813627254509,2.974067002546048,0.6730270901655747,499,0.48697394789579157,0.24248496993987975,0.23647294589178355,0.03406813627254509,agent_0008
14,481.0,0.028056112224448898,2.843953222978016,0.6528362774606075,499,0.45691382765531063,0.2745490981963928,0.24048096192384769,0.028056112224448898,agent_0008
15,442.0,0.06212424849699399,3.5003397343735507,0.6332511891367892,499,0.4248496993987976,0.28857715430861725,0.22444889779559118,0.06212424849699399,agent_0008
16,481.0,0.018036072144288578,2.6633337953513734,0.6142536534626856,499,0.44488977955911824,0.24849699398797595,0.28857715430861725,0.018036072144288578,agent_0008
17,481.0,0.018036072144288578,2.680949931483152,0.595826043858805,499,0.5170340681362725,0.22845691382765532,0.23647294589178355,0.018036072144288578,agent_0008
18,481.0,0.028056112224448898,2.845503447689281,0.5779512625430409,499,0.4468937875751503,0.2845691382765531,0.24048096192384769,0.028056112224448898,agent_0008
19,469.0,0.028056112224448898,2.8008766096785576,0.5606127246667496,499,0.4348697394789579,0.24048096192384769,0.2965931863727455,0.028056112224448898,agent_0008
20,466.0,0.036072144288577156,2.9041810613350774,0.5437943429267471,499,0.503006012024048,0.24048096192384769,0.22044088176352705,0.036072144288577156,agent_0008
21,490.0,0.008016032064128256,2.3547119970006003,0.5274805126389447,499,0.5410821643286573,0.20240480961923848,0.24849699398797595,0.008016032064128256,agent_0008
22,478.0,0.026052104208416832,2.7614155729305083,0.5116560972597763,499,0.5130260521042084,0.24649298597194388,0.21442885771543085,0.026052104208416832,agent_0008
23,487.0,0.01603206412825651,2.607740820407916,0.496306414341983,499,0.48096192384769537,0.23647294589178355,0.2665330661322645,0.01603206412825651,agent_0008
24,475.0,0.018036072144288578,2.6575645693010443,0.48141722191172354,499,0.4529058116232465,0.2785571142284569,0.250501002004008,0.018036072144288578,agent_0008
25,475.0,0.03006012024048096,3.036360935745946,0.4669747052543718,499,0.3927855711422846,0.2725450901803607,0.3046092184368738,0.03006012024048096,agent_0008
26,481.0,0.022044088176352707,2.848808754592086,0.4529654640967406,499,0.44488977955911824,0.24849699398797595,0.2845691382765531,0.022044088176352707,agent_0008
27,493.0,0.008016032064128256,2.4965398579355127,0.4393765001738384,499,0.5070140280561122,0.23647294589178355,0.24849699398797595,0.008016032064128256,agent_0008
28,484.0,0.014028056112224449,2.507552639784441,0.42619520516862325,499,0.5150300601202404,0.23847695390781562,0.23246492985971945,0.014028056112224449,agent_0008
29,478.0,0.022044088176352707,2.779240164378269,0.4134093490135645,499,0.48697394789579157,0.23446893787575152,0.2565130260521042,0.022044088176352707,agent_0008
30,493.0,0.01603206412825651,2.7155351098010065,0.4010070685431576,499,0.4308617234468938,0.2745490981963928,0.2785571142284569,0.01603206412825651,agent_0008
31,478.0,0.022044088176352707,2.7450144153971148,0.38897685648686287,499,0.4789579158316633,0.24649298597194388,0.25250501002004005,0.022044088176352707,agent_0008
32,493.0,0.01002004008016032,2.3683098267290386,0.377307550792257,499,0.5270541082164328,0.21442885771543085,0.24849699398797595,0.01002004008016032,agent_0008
33,490.0,0.01002004008016032,2.3928355105842085,0.36598832426848926,499,0.4969939879759519,0.22044088176352705,0.2725450901803607,0.01002004008016032,agent_0008
34,469.0,0.026052104208416832,2.77689305415511,0.35500867454043455,499,0.5090180360721442,0.2545090180360721,0.21042084168336672,0.026052104208416832,agent_0008
35,469.0,0.02404809619238477,2.8470372925360596,0.3443584143042215,499,0.40681362725450904,0.30060120240480964,0.2685370741482966,0.02404809619238477,agent_0008
36,499.0,0.01002004008016032,2.5955960980067574,0.3340276618750948,499,0.43687374749499,0.2605210420841683,0.2925851703406814,0.01002004008016032,agent_0008
37,466.0,0.03206412825651302,2.768144490512899,0.32400683201884195,499,0.5350701402805611,0.20040080160320642,0.23246492985971945,0.03206412825651302,agent_0008
38,478.0,0.026052104208416832,2.8329647004502947,0.3142866270582767,499,0.43687374749499,0.2745490981963928,0.2625250501002004,0.026052104208416832,agent_0008
39,469.0,0.036072144288577156,3.031587651507771,0.3048580282465284,499,0.40080160320641284,0.2725450901803607,0.2905811623246493,0.036072144288577156,agent_0008
40,478.0,0.03006012024048096,3.077722375238292,0.2957122873991326,499,0.45090180360721444,0.2605210420841683,0.25851703406813625,0.03006012024048096,agent_0008
41,475.0,0.026052104208416832,3.027011472034855,0.2868409187771586,499,0.4088176352705411,0.280561122244489,0.2845691382765531,0.026052104208416832,agent_0008
42,496.0,0.01603206412825651,2.60900545158212,0.27823569121384384,499,0.591182364729459,0.19238476953907815,0.20040080160320642,0.01603206412825651,agent_0008
43,469.0,0.03406813627254509,2.7300550347834798,0.2698886204774285,499,0.531062124248497,0.20040080160320642,0.23446893787575152,0.03406813627254509,agent_0008
44,490.0,0.01603206412825651,2.8291182333079403,0.26179196186310566,499,0.45490981963927857,0.26452905811623245,0.26452905811623245,0.01603206412825651,agent_0008
45,475.0,0.022044088176352707,2.8655896467213107,0.2539382030072125,499,0.4028056112224449,0.3066132264529058,0.2685370741482966,0.022044088176352707,agent_0008
46,478.0,0.02404809619238477,2.9477263842837487,0.2463200569169961,499,0.312625250501002,0.3466933867735471,0.3166332665330661,0.02404809619238477,agent_0008
47,478.0,0.026052104208416832,3.024229484317034,0.23893045520948622,499,0.3847695390781563,0.30060120240480964,0.28857715430861725,0.026052104208416832,agent_0008
48,481.0,0.03006012024048096,2.935346500330846,0.23176254155320164,499,0.49899799599198397,0.22444889779559118,0.24649298597194388,0.03006012024048096,agent_0008
49,490.0,0.012024048096192385,2.752623723500505,0.2248096653066056,499,0.4148296593186373,0.2685370741482966,0.3046092184368738,0.012024048096192385,agent_0008
50,466.0,0.03206412825651302,3.0575827291615445,0.21806537534740741,499,0.3466933867735471,0.3186372745490982,0.3026052104208417,0.03206412825651302,agent_0008
51,496.0,0.006012024048096192,2.701389761349981,0.2115234140869852,499,0.40080160320641284,0.280561122244489,0.312625250501002,0.006012024048096192,agent_0008
52,475.0,0.026052104208416832,2.888275210845898,0.20517771166437562,499,0.3787575150300601,0.2685370741482966,0.32665330661322645,0.026052104208416832,agent_0008
53,499.0,0.0,2.27332174254956,0.19902238031444436,499,0.49498997995991983,0.22444889779559118,0.280561122244489,0.0,agent_0008
54,472.0,0.022044088176352707,2.818050109290227,0.19305170890501103,499,0.4348697394789579,0.2605210420841683,0.28256513026052105,0.022044088176352707,agent_0008
55,496.0,0.008016032064128256,2.629315055980684,0.1872601576378607,499,0.35671342685370744,0.2985971943887776,0.3366733466933868,0.008016032064128256,agent_0008
56,469.0,0.03006012024048096,3.042390418671982,0.18164235290872485,499,0.3907815631262525,0.30861723446893785,0.27054108216432865,0.03006012024048096,agent_0008
57,493.0,0.006012024048096192,2.5097196786003786,0.1761930823214631,499,0.4288577154308617,0.280561122244489,0.2845691382765531,0.006012024048096192,agent_0008
58,484.0,0.018036072144288578,2.675088624637897,0.17090728985181922,499,0.4909819639278557,0.25851703406813625,0.23246492985971945,0.018036072144288578,agent_0008
59,493.0,0.01002004008016032,2.61256445772929,0.16578007115626464,499,0.47695390781563124,0.2685370741482966,0.24448897795591182,0.01002004008016032,agent_0008
60,466.0,0.03406813627254509,2.8705657419240938,0.1608066690215767,499,0.5230460921843687,0.20841683366733466,0.23446893787575152,0.03406813627254509,agent_0008
61,460.0,0.03807615230460922,2.7758416395585908,0.1559824689509294,499,0.5230460921843687,0.23446893787575152,0.20440881763527055,0.03807615230460922,agent_0008
62,487.0,0.018036072144288578,2.8609130879019,0.1513029948824015,499,0.39478957915831664,0.30861723446893785,0.2785571142284569,0.018036072144288578,agent_0008
63,472.0,0.03807615230460922,2.9533164492097232,0.14676390503592945,499,0.4849699398797595,0.24849699398797595,0.22845691382765532,0.03807615230460922,agent_0008
64,463.0,0.03807615230460922,2.8476321676185052,0.14236098788485158,499,0.5270541082164328,0.18236472945891782,0.25250501002004005,0.03807615230460922,agent_0008
65,490.0,0.012024048096192385,2.7751164148405674,0.13809015824830603,499,0.3727454909819639,0.3046092184368738,0.3106212424849699,0.012024048096192385,agent_0008
66,490.0,0.02404809619238477,2.900164691797046,0.13394745350085685,499,0.42685370741482964,0.280561122244489,0.2685370741482966,0.02404809619238477,agent_0008
67,469.0,0.03206412825651302,3.034082987851928,0.12992902989583113,499,0.39879759519038077,0.2625250501002004,0.3066132264529058,0.03206412825651302,agent_0008
68,478.0,0.022044088176352707,2.6780973789259948,0.1260311589989562,499,0.48296593186372744,0.23847695390781562,0.2565130260521042,0.022044088176352707,agent_0008
69,481.0,0.02404809619238477,2.6651565668383683,0.12225022422898751,499,0.4789579158316633,0.24248496993987975,0.2545090180360721,0.02404809619238477,agent_0008
70,454.0,0.04208416833667335,3.106152372211398,0.11858271750211788,499,0.4529058116232465,0.24448897795591182,0.2605210420841683,0.04208416833667335,agent_0008
71,460.0,0.04408817635270541,3.158970501323559,0.11502523597705434,499,0.46693386773547096,0.23847695390781562,0.250501002004008,0.04408817635270541,agent_0008
72,478.0,0.02004008016032064,2.6267923200363588,0.1115744788977427,499,0.47695390781563124,0.280561122244489,0.22244488977955912,0.02004008016032064,agent_0008
73,487.0,0.018036072144288578,2.8433471107892467,0.10822724453081042,499,0.39478957915831664,0.2965931863727455,0.2905811623246493,0.018036072144288578,agent_0008
74,481.0,0.02404809619238477,2.987283099775414,0.10498042719488611,499,0.3246492985971944,0.2905811623246493,0.36072144288577157,0.02404809619238477,agent_0008
75,475.0,0.02404809619238477,2.845169835174821,0.10183101437903952,499,0.3166332665330661,0.2985971943887776,0.36072144288577157,0.02404809619238477,agent_0008
76,490.0,0.012024048096192385,2.843557215438721,0.09877608394766833,499,0.33867735470941884,0.3406813627254509,0.30861723446893785,0.012024048096192385,agent_0008
77,466.0,0.03206412825651302,2.969780742307633,0.09581280142923829,499,0.3346693386773547,0.29458917835671344,0.33867735470941884,0.03206412825651302,agent_0008
78,487.0,0.01603206412825651,2.9909559833119324,0.09293841738636113,499,0.3166332665330661,0.33867735470941884,0.3286573146292585,0.01603206412825651,agent_0008
79,481.0,0.022044088176352707,2.831896333042966,0.09015026486477029,499,0.39478957915831664,0.29458917835671344,0.28857715430861725,0.022044088176352707,agent_0008
80,475.0,0.03006012024048096,2.7015847673213043,0.08744575691882718,499,0.5490981963927856,0.21042084168336672,0.21042084168336672,0.03006012024048096,agent_0008
81,496.0,0.004008016032064128,1.9438147200911862,0.08482238421126237,499,0.7675350701402806,0.10821643286573146,0.12024048096192384,0.004008016032064128,agent_0008
82,481.0,0.02004008016032064,2.5472896128125595,0.0822777126849245,499,0.5450901803607214,0.22244488977955912,0.2124248496993988,0.02004008016032064,agent_0008
83,487.0,0.012024048096192385,2.3441106295203418,0.07980938130437676,499,0.6352705410821643,0.17835671342685372,0.1743486973947896,0.012024048096192385,agent_0008
84,490.0,0.014028056112224449,2.559374165535895,0.07741509986524546,499,0.5210420841683366,0.20240480961923848,0.2625250501002004,0.014028056112224449,agent_0008
85,493.0,0.006012024048096192,2.48994540679842,0.0750926468692881,499,0.4709418837675351,0.2565130260521042,0.2665330661322645,0.006012024048096192,agent_0008
86,484.0,0.026052104208416832,2.8612223143271014,0.07283986746320946,499,0.46693386773547096,0.250501002004008,0.2565130260521042,0.026052104208416832,agent_0008
87,472.0,0.028056112224448898,2.704601187049518,0.07065467143931317,499,0.531062124248497,0.20440881763527055,0.23647294589178355,0.028056112224448898,agent_0008
88,499.0,0.004008016032064128,2.413577150157509,0.06853503129613378,499,0.5591182364729459,0.23246492985971945,0.20440881763527055,0.004008016032064128,agent_0008
89,481.0,0.02404809619238477,2.766603819481754,0.06647898035724976,499,0.48897795591182364,0.24849699398797595,0.23847695390781562,0.02404809619238477,agent_0008
90,457.0,0.03807615230460922,2.9393166960959816,0.06448461094653227,499,0.41282565130260523,0.25250501002004005,0.2965931863727455,0.03807615230460922,agent_0008
91,481.0,0.022044088176352707,2.834700152526267,0.06255007261813629,499,0.43687374749499,0.24649298597194388,0.29458917835671344,0.022044088176352707,agent_0008
92,490.0,0.01603206412825651,2.6780336665719413,0.0606735704395922,499,0.44889779559118237,0.2725450901803607,0.2625250501002004,0.01603206412825651,agent_0008
93,490.0,0.012024048096192385,2.6340261669477267,0.05885336332640443,499,0.46292585170340683,0.280561122244489,0.24448897795591182,0.012024048096192385,agent_0008
94,466.0,0.028056112224448898,2.8790258520968117,0.057087762426612294,499,0.35470941883767537,0.2925851703406814,0.3246492985971944,0.028056112224448898,agent_0008
95,490.0,0.014028056112224449,2.808272375271014,0.05537512955381393,499,0.3967935871743487,0.2625250501002004,0.32665330661322645,0.014028056112224449,agent_0008
96,487.0,0.01603206412825651,2.814219781742425,0.053713875667199505,499,0.4088176352705411,0.31462925851703405,0.2605210420841683,0.01603206412825651,agent_0008
97,487.0,0.014028056112224449,2.788653142210058,0.05210245939718352,499,0.374749498997996,0.32665330661322645,0.2845691382765531,0.014028056112224449,agent_0008
98,487.0,0.014028056112224449,2.8875407933502135,0.05053938561526801,499,0.3066132264529058,0.31462925851703405,0.36472945891783565,0.014028056112224449,agent_0008
99,478.0,0.018036072144288578,2.6817095358459637,0.05,499,0.4168336673346693,0.2565130260521042,0.30861723446893785,0.018036072144288578,agent_0008
100,469.0,0.03006012024048096,2.8937255548492473,0.05,499,0.3667334669338677,0.27655310621242485,0.32665330661322645,0.03006012024048096,agent_0008
101,457.0,0.04609218436873747,3.2506773032295246,0.05,499,0.3727454909819639,0.24849699398797595,0.33266533066132264,0.04609218436873747,agent_0008
102,481.0,0.022044088176352707,2.91998315001902,0.05,499,0.3687374749498998,0.3166332665330661,0.2925851703406814,0.022044088176352707,agent_0008
103,469.0,0.036072144288577156,3.1084726090267716,0.05,499,0.2985971943887776,0.3066132264529058,0.3587174348697395,0.036072144288577156,agent_0008
104,490.0,0.01603206412825651,2.8213038438047486,0.05,499,0.3527054108216433,0.2865731462925852,0.34468937875751504,0.01603206412825651,agent_0008
105,472.0,0.026052104208416832,2.915301088023299,0.05,499,0.4148296593186373,0.28256513026052105,0.27655310621242485,0.026052104208416832,agent_0008
106,481.0,0.022044088176352707,2.774534439346648,0.05,499,0.4849699398797595,0.2605210420841683,0.23246492985971945,0.022044088176352707,agent_0008
107,496.0,0.01002004008016032,2.370765926227166,0.05,499,0.5571142284569138,0.23446893787575152,0.19839679358717435,0.01002004008016032,agent_0008
108,475.0,0.026052104208416832,2.642543952434286,0.05,499,0.593186372745491,0.1743486973947896,0.20641282565130262,0.026052104208416832,agent_0008
109,478.0,0.022044088176352707,2.593555754597644,0.05,499,0.5230460921843687,0.2625250501002004,0.19238476953907815,0.022044088176352707,agent_0008
110,460.0,0.036072144288577156,2.6745250439784054,0.05,499,0.5851703406813628,0.19438877755511022,0.1843687374749499,0.036072144288577156,agent_0008
111,499.0,0.004008016032064128,2.390528943118577,0.05,499,0.5210420841683366,0.20240480961923848,0.2725450901803607,0.004008016032064128,agent_0008
112,499.0,0.01603206412825651,2.8954414444567322,0.05,499,0.43687374749499,0.280561122244489,0.2665330661322645,0.01603206412825651,agent_0008
113,484.0,0.02004008016032064,2.731454632642051,0.05,499,0.49899799599198397,0.24248496993987975,0.23847695390781562,0.02004008016032064,agent_0008
114,472.0,0.028056112224448898,2.8169101180463336,0.05,499,0.5410821643286573,0.24248496993987975,0.18837675350701402,0.028056112224448898,agent_0008
115,466.0,0.03406813627254509,3.1885256970156246,0.05,499,0.2985971943887776,0.33867735470941884,0.3286573146292585,0.03406813627254509,agent_0008
116,499.0,0.002004008016032064,2.6436756113972457,0.05,499,0.312625250501002,0.3166332665330661,0.3687374749498998,0.002004008016032064,agent_0008
117,499.0,0.004008016032064128,2.6795428337208884,0.05,499,0.30060120240480964,0.32064128256513025,0.374749498997996,0.004008016032064128,agent_0008
118,463.0,0.04008016032064128,3.515055221451574,0.05,499,0.24248496993987975,0.3466933867735471,0.37074148296593185,0.04008016032064128,agent_0008
119,475.0,0.026052104208416832,3.1263784322178623,0.05,499,0.3066132264529058,0.32064128256513025,0.3466933867735471,0.026052104208416832,agent_0008
0,460.0,0.03807615230460922,3.021099972183647,1.0,499,0.44488977955911824,0.30060120240480964,0.21643286573146292,0.03807615230460922,agent_0009
1,469.0,0.03206412825651302,2.9995253821493626,0.97,499,0.4589178356713427,0.26452905811623245,0.24448897795591182,0.03206412825651302,agent_0009
2,463.0,0.03206412825651302,2.7898059803431967,0.9409,499,0.4589178356713427,0.24048096192384769,0.2685370741482966,0.03206412825651302,agent_0009
3,490.0,0.012024048096192385,2.6589659149134266,0.912673,499,0.4348697394789579,0.2845691382765531,0.2685370741482966,0.012024048096192385,agent_0009
4,472.0,0.03406813627254509,3.0334791557949887,0.8852928099999999,499,0.48697394789579157,0.22645290581162325,0.25250501002004005,0.03406813627254509,agent_0009
5,493.0,0.01002004008016032,2.59167150139386,0.8587340256999999,499,0.4248496993987976,0.280561122244489,0.2845691382765531,0.01002004008016032,agent_0009
6,469.0,0.03006012024048096,2.8573835133453107,0.8329720049289999,499,0.3967935871743487,0.23847695390781562,0.3346693386773547,0.03006012024048096,agent_0009
7,487.0,0.012024048096192385,2.5991466885101926,0.8079828447811299,499,0.4408817635270541,0.2545090180360721,0.2925851703406814,0.012024048096192385,agent_0009
8,466.0,0.03206412825651302,2.743496160491571,0.783743359437696,499,0.4468937875751503,0.23046092184368738,0.2905811623246493,0.03206412825651302,agent_0009
9,454.0,0.03807615230460922,2.977461327489894,0.7602310586545651,499,0.4468937875751503,0.27054108216432865,0.24448897795591182,0.03807615230460922,agent_0009
10,484.0,0.02004008016032064,2.6528133359554036,0.7374241268949281,499,0.4969939879759519,0.26452905811623245,0.218436873747495,0.02004008016032064,agent_0009
11,460.0,0.036072144288577156,2.8685763890898075,0.7153014030880802,499,0.46693386773547096,0.24448897795591182,0.25250501002004005,0.036072144288577156,agent_0009
12,481.0,0.028056112224448898,2.837158799591396,0.6938423609954378,499,0.5350701402805611,0.218436873747495,0.218436873747495,0.028056112224448898,agent_0009
13,481.0,0.028056112224448898,2.798700876247142,0.6730270901655747,499,0.4649298597194389,0.27054108216432865,0.23647294589178355,0.028056112224448898,agent_0009
14,445.0,0.05811623246492986,3.3276197973093242,0.6528362774606075,499,0.5230460921843687,0.21442885771543085,0.20440881763527055,0.05811623246492986,agent_0009
15,481.0,0.018036072144288578,2.6879670343961104,0.6332511891367892,499,0.43286573146292584,0.25851703406813625,0.2905811623246493,0.018036072144288578,agent_0009
16,481.0,0.018036072144288578,2.6889094579674104,0.6142536534626856,499,0.49298597194388777,0.23847695390781562,0.250501002004008,0.018036072144288578,agent_0009
17,475.0,0.03006012024048096,2.93355131123244,0.595826043858805,499,0.3927855711422846,0.30861723446893785,0.2685370741482966,0.03006012024048096,agent_0009
18,469.0,0.028056112224448898,2.769153129186624,0.5779512625430409,499,0.43286573146292584,0.250501002004008,0.28857715430861725,0.028056112224448898,agent_0009
19,466.0,0.036072144288577156,2.8665798016321773,0.5606127246667496,499,0.5150300601202404,0.23246492985971945,0.21643286573146292,0.036072144288577156,agent_0009
20,490.0,0.008016032064128256,2.485843043000563,0.5437943429267471,499,0.4789579158316633,0.2565130260521042,0.2565130260521042,0.008016032064128256,agent_0009
21,478.0,0.026052104208416832,2.7973451472324977,0.5274805126389447,499,0.49298597194388777,0.23446893787575152,0.24649298597194388,0.026052104208416832,agent_0009
22,487.0,0.01603206412825651,2.642411649911531,0.5116560972597763,499,0.46693386773547096,0.2545090180360721,0.2625250501002004,0.01603206412825651,agent_0009
23,475.0,0.018036072144288578,2.56113544618532,0.496306414341983,499,0.5350701402805611,0.23446893787575152,0.2124248496993988,0.018036072144288578,agent_0009
24,475.0,0.03006012024048096,2.9655992022048223,0.48141722191172354,499,0.47695390781563124,0.23246492985971945,0.2605210420841683,0.03006012024048096,agent_0009
25,472.0,0.028056112224448898,2.998082093076658,0.4669747052543718,499,0.42084168336673344,0.2625250501002004,0.28857715430861725,0.028056112224448898,agent_0009
26,493.0,0.008016032064128256,2.6147621187677776,0.4529654640967406,499,0.43687374749499,0.2865731462925852,0.2685370741482966,0.008016032064128256,agent_0009
27,484.0,0.014028056112224449,2.5554045705705546,0.4393765001738384,499,0.46292585170340683,0.250501002004008,0.2725450901803607,0.014028056112224449,agent_0009
28,478.0,0.022044088176352707,2.705831591084891,0.42619520516862325,499,0.5350701402805611,0.21442885771543085,0.22845691382765532,0.022044088176352707,agent_0009
29,493.0,0.01603206412825651,2.5132960450209185,0.4134093490135645,499,0.5410821643286573,0.23046092184368738,0.2124248496993988,0.01603206412825651,agent_0009
30,478.0,0.022044088176352707,2.4913707983851965,0.4010070685431576,499,0.6372745490981964,0.16432865731462926,0.17635270541082165,0.022044088176352707,agent_0009
31,493.0,0.012024048096192385,2.485062790826689,0.38897685648686287,499,0.4789579158316633,0.218436873747495,0.2905811623246493,0.012024048096192385,agent_0009
32,490.0,0.01002004008016032,2.5381971689479013,0.377307550792257,499,0.4348697394789579,0.2685370741482966,0.2865731462925852,0.01002004008016032,agent_0009
33,463.0,0.03006012024048096,2.702502110659372,0.36598832426848926,499,0.5350701402805611,0.23847695390781562,0.1963927855711423,0.03006012024048096,agent_0009
34,469.0,0.02404809619238477,2.6807684948890547,0.35500867454043455,499,0.5230460921843687,0.23647294589178355,0.21643286573146292,0.02404809619238477,agent_0009
35,481.0,0.026052104208416832,2.816160308180251,0.3443584143042215,499,0.44889779559118237,0.2625250501002004,0.2625250501002004,0.026052104208416832,agent_0009
36,466.0,0.03206412825651302,2.9728361435028337,0.3340276618750948,499,0.39879759519038077,0.27054108216432865,0.2985971943887776,0.03206412825651302,agent_0009
37,478.0,0.026052104208416832,2.7865540645265257,0.32400683201884195,499,0.48897795591182364,0.2545090180360721,0.23046092184368738,0.026052104208416832,agent_0009
38,454.0,0.04609218436873747,3.1783754750597697,0.3142866270582767,499,0.39478957915831664,0.28857715430861725,0.27054108216432865,0.04609218436873747,agent_0009
39,466.0,0.036072144288577156,3.055524515624648,0.3048580282465284,499,0.5110220440881763,0.24048096192384769,0.2124248496993988,0.036072144288577156,agent_0009
40,475.0,0.026052104208416832,2.8703186294972634,0.2957122873991326,499,0.4789579158316633,0.24448897795591182,0.250501002004008,0.026052104208416832,agent_0009
41,496.0,0.01603206412825651,2.7784169945394828,0.2868409187771586,499,0.4749498997995992,0.24849699398797595,0.2605210420841683,0.01603206412825651,agent_0009
42,466.0,0.036072144288577156,2.8043493358526064,0.27823569121384384,499,0.49298597194388777,0.22044088176352705,0.250501002004008,0.036072144288577156,agent_0009
43,493.0,0.012024048096192385,2.6048522999075447,0.2698886204774285,499,0.5290581162324649,0.23847695390781562,0.22044088176352705,0.012024048096192385,agent_0009
44,475.0,0.022044088176352707,2.6698107799142545,0.26179196186310566,499,0.4909819639278557,0.22845691382765532,0.25851703406813625,0.022044088176352707,agent_0009
45,478.0,0.02404809619238477,2.7417461341835456,0.2539382030072125,499,0.4589178356713427,0.2545090180360721,0.2625250501002004,0.02404809619238477,agent_0009
46,478.0,0.026052104208416832,2.704261026921455,0.2463200569169961,499,0.5531062124248497,0.19839679358717435,0.22244488977955912,0.026052104208416832,agent_0009
47,475.0,0.028056112224448898,2.8520089530823918,0.23893045520948622,499,0.49298597194388777,0.23446893787575152,0.24448897795591182,0.028056112224448898,agent_0009
48,490.0,0.014028056112224449,2.8168658241136377,0.23176254155320164,499,0.40080160320641284,0.2745490981963928,0.3106212424849699,0.014028056112224449,agent_0009
49,469.0,0.028056112224448898,2.8442110846416244,0.2248096653066056,499,0.45090180360721444,0.26452905811623245,0.2565130260521042,0.028056112224448898,agent_0009
50,496.0,0.006012024048096192,2.435631783376752,0.21806537534740741,499,0.5511022044088176,0.17835671342685372,0.26452905811623245,0.006012024048096192,agent_0009
51,475.0,0.028056112224448898,2.7379734634163904,0.2115234140869852,499,0.5410821643286573,0.20641282565130262,0.22444889779559118,0.028056112224448898,agent_0009
52,499.0,0.0,2.149170757036724,0.20517771166437562,499,0.5591182364729459,0.19438877755511022,0.24649298597194388,0.0,agent_0009
53,460.0,0.028056112224448898,2.5826545273429526,0.19902238031444436,499,0.5811623246492986,0.18837675350701402,0.20240480961923848,0.028056112224448898,agent_0009
54,496.0,0.008016032064128256,2.3921262597391033,0.19305170890501103,499,0.5050100200400801,0.218436873747495,0.2685370741482966,0.008016032064128256,agent_0009
55,457.0,0.03807615230460922,3.0487471677614773,0.1872601576378607,499,0.48897795591182364,0.2725450901803607,0.20040080160320642,0.03807615230460922,agent_0009
56,487.0,0.01002004008016032,2.542207746754484,0.18164235290872485,499,0.4709418837675351,0.2625250501002004,0.2565130260521042,0.01002004008016032,agent_0009
57,481.0,0.018036072144288578,2.7670931862349453,0.1761930823214631,499,0.44288577154308617,0.2745490981963928,0.26452905811623245,0.018036072144288578,agent_0009
58,493.0,0.01002004008016032,2.756851923687747,0.17090728985181922,499,0.38877755511022044,0.3026052104208417,0.2985971943887776,0.01002004008016032,agent_0009
59,463.0,0.036072144288577156,3.0094605516537096,0.16578007115626464,499,0.4529058116232465,0.22645290581162325,0.2845691382765531,0.036072144288577156,agent_0009
60,439.0,0.052104208416833664,2.964106030685325,0.1608066690215767,499,0.49899799599198397,0.23046092184368738,0.218436873747495,0.052104208416833664,agent_0009
61,487.0,0.018036072144288578,2.735138710956562,0.1559824689509294,499,0.46893787575150303,0.2605210420841683,0.25250501002004005,0.018036072144288578,agent_0009
62,454.0,0.052104208416833664,3.2604210566299647,0.1513029948824015,499,0.4088176352705411,0.2845691382765531,0.2545090180360721,0.052104208416833664,agent_0009
63,457.0,0.04208416833667335,3.1790610813345976,0.14676390503592945,499,0.3627254509018036,0.3046092184368738,0.2905811623246493,0.04208416833667335,agent_0009
64,490.0,0.012024048096192385,2.9295799528122313,0.14236098788485158,499,0.27054108216432865,0.3627254509018036,0.35470941883767537,0.012024048096192385,agent_0009
65,487.0,0.026052104208416832,3.0475383282567683,0.13809015824830603,499,0.374749498997996,0.3106212424849699,0.28857715430861725,0.026052104208416832,agent_0009
66,457.0,0.04208416833667335,3.000037860687436,0.13394745350085685,499,0.43887775551102204,0.23446893787575152,0.2845691382765531,0.04208416833667335,agent_0009
67,478.0,0.022044088176352707,2.7243138425294413,0.12992902989583113,499,0.46893787575150303,0.24248496993987975,0.2665330661322645,0.022044088176352707,agent_0009
68,472.0,0.03006012024048096,2.799616556569905,0.1260311589989562,499,0.49298597194388777,0.24448897795591182,0.23246492985971945,0.03006012024048096,agent_0009
69,454.0,0.04208416833667335,3.151680733383069,0.12225022422898751,499,0.40681362725450904,0.25851703406813625,0.2925851703406814,0.04208416833667335,agent_0009
70,445.0,0.052104208416833664,3.2970537282323376,0.11858271750211788,499,0.4148296593186373,0.26452905811623245,0.2685370741482966,0.052104208416833664,agent_0009
71,478.0,0.02004008016032064,2.5577836061802,0.11502523597705434,499,0.5270541082164328,0.26452905811623245,0.18837675350701402,0.02004008016032064,agent_0009
72,484.0,0.022044088176352707,2.677404105728907,0.1115744788977427,499,0.5891783567134269,0.2124248496993988,0.17635270541082165,0.022044088176352707,agent_0009
73,487.0,0.02004008016032064,2.752616996543644,0.10822724453081042,499,0.46893787575150303,0.22645290581162325,0.2845691382765531,0.02004008016032064,agent_0009
74,472.0,0.028056112224448898,2.838710620409156,0.10498042719488611,499,0.38276553106212424,0.2845691382765531,0.3046092184368738,0.028056112224448898,agent_0009
75,490.0,0.012024048096192385,2.7357088950012565,0.10183101437903952,499,0.4468937875751503,0.2865731462925852,0.2545090180360721,0.012024048096192385,agent_0009
76,466.0,0.03406813627254509,2.837147157834105,0.09877608394766833,499,0.4348697394789579,0.2605210420841683,0.27054108216432865,0.03406813627254509,agent_0009
77,469.0,0.03006012024048096,2.9779471421313444,0.09581280142923829,499,0.4348697394789579,0.2785571142284569,0.2565130260521042,0.03006012024048096,agent_0009
78,481.0,0.022044088176352707,2.5133369957792535,0.09293841738636113,499,0.5751503006012024,0.20240480961923848,0.20040080160320642,0.022044088176352707,agent_0009
79,448.0,0.04609218436873747,2.838175004034942,0.09015026486477029,499,0.6192384769539078,0.14829659318637275,0.18637274549098196,0.04609218436873747,agent_0009
80,496.0,0.004008016032064128,2.4651297762146185,0.08744575691882718,499,0.45090180360721444,0.27655310621242485,0.2685370741482966,0.004008016032064128,agent_0009
81,463.0,0.036072144288577156,2.940265858511678,0.08482238421126237,499,0.3927855711422846,0.2745490981963928,0.2965931863727455,0.036072144288577156,agent_0009
82,490.0,0.01002004008016032,2.604205453076065,0.0822777126849245,499,0.45090180360721444,0.2545090180360721,0.2845691382765531,0.01002004008016032,agent_0009
83,484.0,0.02004008016032064,2.728733771538162,0.07980938130437676,499,0.46292585170340683,0.24248496993987975,0.2745490981963928,0.02004008016032064,agent_0009
84,475.0,0.02004008016032064,2.6664095695404124,0.07741509986524546,499,0.4308617234468938,0.26452905811623245,0.2845691382765531,0.02004008016032064,agent_0009
85,484.0,0.026052104208416832,2.936625792007375,0.0750926468692881,499,0.4228456913827655,0.2925851703406814,0.25851703406813625,0.026052104208416832,agent_0009
86,457.0,0.036072144288577156,3.0480661483197733,0.07283986746320946,499,0.3807615230460922,0.2785571142284569,0.3046092184368738,0.036072144288577156,agent_0009
87,499.0,0.004008016032064128,2.7968170160791463,0.07065467143931317,499,0.3246492985971944,0.3587174348697395,0.312625250501002,0.004008016032064128,agent_0009
88,448.0,0.04809619238476954,3.146766490988005,0.06853503129613378,499,0.3967935871743487,0.27054108216432865,0.2845691382765531,0.04809619238476954,agent_0009
89,451.0,0.04609218436873747,3.205276722387915,0.06647898035724976,499,0.31462925851703405,0.30060120240480964,0.33867735470941884,0.04609218436873747,agent_0009
90,481.0,0.022044088176352707,2.7467895788262777,0.06448461094653227,499,0.4849699398797595,0.218436873747495,0.2745490981963928,0.022044088176352707,agent_0009
91,481.0,0.026052104208416832,2.7973953976408588,0.06255007261813629,499,0.4308617234468938,0.2685370741482966,0.2745490981963928,0.026052104208416832,agent_0009
92,493.0,0.01002004008016032,2.5594061721856693,0.0606735704395922,499,0.44488977955911824,0.25250501002004005,0.2925851703406814,0.01002004008016032,agent_0009
93,466.0,0.028056112224448898,2.901805771006097,0.05885336332640443,499,0.33266533066132264,0.3106212424849699,0.3286573146292585,0.028056112224448898,agent_0009
94,490.0,0.01603206412825651,2.816219277975441,0.057087762426612294,499,0.4088176352705411,0.2785571142284569,0.2965931863727455,0.01603206412825651,agent_0009
95,487.0,0.018036072144288578,2.8291912186555597,0.05537512955381393,499,0.43687374749499,0.3106212424849699,0.23446893787575152,0.018036072144288578,agent_0009
96,475.0,0.022044088176352707,2.867764998899193,0.053713875667199505,499,0.3727454909819639,0.3106212424849699,0.29458917835671344,0.022044088176352707,agent_0009
97,478.0,0.02004008016032064,2.948574960090752,0.05210245939718352,499,0.3226452905811623,0.3186372745490982,0.33867735470941884,0.02004008016032064,agent_0009
98,484.0,0.014028056112224449,2.7234573335342533,0.05053938561526801,499,0.36472945891783565,0.29458917835671344,0.32665330661322645,0.014028056112224449,agent_0009
99,469.0,0.03006012024048096,3.050660671653886,0.05,499,0.2565130260521042,0.3246492985971944,0.38877755511022044,0.03006012024048096,agent_0009
100,457.0,0.04408817635270541,3.312302299283294,0.05,499,0.2965931863727455,0.280561122244489,0.3787575150300601,0.04408817635270541,agent_0009
101,481.0,0.022044088176352707,2.9938433896777323,0.05,499,0.280561122244489,0.3527054108216433,0.34468937875751504,0.022044088176352707,agent_0009
102,424.0,0.06613226452905811,3.405840135510341,0.05,499,0.30060120240480964,0.280561122244489,0.3527054108216433,0.06613226452905811,agent_0009
103,439.0,0.052104208416833664,3.026309280952682,0.05,499,0.5050100200400801,0.218436873747495,0.22444889779559118,0.052104208416833664,agent_0009
104,478.0,0.026052104208416832,2.976851660223467,0.05,499,0.42084168336673344,0.2785571142284569,0.2745490981963928,0.026052104208416832,agent_0009
105,472.0,0.03006012024048096,3.034675293893576,0.05,499,0.4188376753507014,0.27655310621242485,0.2745490981963928,0.03006012024048096,agent_0009
106,496.0,0.01002004008016032,2.495092185144776,0.05,499,0.46893787575150303,0.27054108216432865,0.250501002004008,0.01002004008016032,agent_0009
107,475.0,0.026052104208416832,2.868018459296114,0.05,499,0.4468937875751503,0.24448897795591182,0.28256513026052105,0.026052104208416832,agent_0009
108,457.0,0.036072144288577156,2.9811835147494445,0.05,499,0.3687374749498998,0.32064128256513025,0.2745490981963928,0.036072144288577156,agent_0009
109,460.0,0.03807615230460922,2.7720069005321646,0.05,499,0.501002004008016,0.24048096192384769,0.22044088176352705,0.03807615230460922,agent_0009
110,499.0,0.004008016032064128,2.6242581809164034,0.05,499,0.3807615230460922,0.280561122244489,0.3346693386773547,0.004008016032064128,agent_0009
111,499.0,0.014028056112224449,3.001043473234302,0.05,499,0.312625250501002,0.33266533066132264,0.3406813627254509,0.014028056112224449,agent_0009
112,475.0,0.026052104208416832,2.9939148659261314,0.05,499,0.3667334669338677,0.3186372745490982,0.28857715430861725,0.026052104208416832,agent_0009
113,469.0,0.03006012024048096,2.7950188779882668,0.05,499,0.48897795591182364,0.2665330661322645,0.21442885771543085,0.03006012024048096,agent_0009
114,448.0,0.04408817635270541,3.221724470895713,0.05,499,0.4088176352705411,0.312625250501002,0.23446893787575152,0.04408817635270541,agent_0009
115,499.0,0.002004008016032064,2.5170572021843562,0.05,499,0.4188376753507014,0.2845691382765531,0.29458917835671344,0.002004008016032064,agent_0009
116,499.0,0.004008016032064128,2.525625262091174,0.05,499,0.4308617234468938,0.280561122244489,0.2845691382765531,0.004008016032064128,agent_0009
117,442.0,0.052104208416833664,3.474542300283277,0.05,499,0.36472945891783565,0.280561122244489,0.3026052104208417,0.052104208416833664,agent_0009
118,475.0,0.026052104208416832,3.018695431644519,0.05,499,0.3787575150300601,0.28256513026052105,0.312625250501002,0.026052104208416832,agent_0009
119,475.0,0.03206412825651302,2.9719879425020292,0.05,499,0.38877755511022044,0.2685370741482966,0.3106212424849699,0.03206412825651302,agent_0009
0,457.0,0.04008016032064128,3.011985993688336,1.0,499,0.48897795591182364,0.25851703406813625,0.2124248496993988,0.04008016032064128,agent_0010
1,469.0,0.028056112224448898,2.7679298861732993,0.97,499,0.44889779559118237,0.25250501002004005,0.27054108216432865,0.028056112224448898,agent_0010
2,490.0,0.012024048096192385,2.7125404518927008,0.9409,499,0.3967935871743487,0.312625250501002,0.2785571142284569,0.012024048096192385,agent_0010
3,469.0,0.036072144288577156,3.033517661338822,0.912673,499,0.46693386773547096,0.23046092184368738,0.2665330661322645,0.036072144288577156,agent_0010
4,493.0,0.01002004008016032,2.5419487935193987,0.8852928099999999,499,0.46893787575150303,0.2625250501002004,0.25851703406813625,0.01002004008016032,agent_0010
5,469.0,0.03006012024048096,2.863496136953028,0.8587340256999999,499,0.41282565130260523,0.23046092184368738,0.32665330661322645,0.03006012024048096,agent_0010
6,487.0,0.012024048096192385,2.649560693696793,0.8329720049289999,499,0.4188376753507014,0.26452905811623245,0.3046092184368738,0.012024048096192385,agent_0010
7,466.0,0.03406813627254509,2.856166979924057,0.8079828447811299,499,0.4168336673346693,0.24248496993987975,0.3066132264529058,0.03406813627254509,agent_0010
8,454.0,0.04008016032064128,3.054050673211812,0.783743359437696,499,0.3927855711422846,0.3066132264529058,0.2605210420841683,0.04008016032064128,agent_0010
9,484.0,0.02004008016032064,2.7069626410867524,0.7602310586545651,499,0.4789579158316633,0.2745490981963928,0.22645290581162325,0.02004008016032064,agent_0010
10,430.0,0.05811623246492986,3.0957879440104263,0.7374241268949281,499,0.46292585170340683,0.24248496993987975,0.23647294589178355,0.05811623246492986,agent_0010
11,472.0,0.03406813627254509,3.038621641251473,0.7153014030880802,499,0.44288577154308617,0.2625250501002004,0.2605210420841683,0.03406813627254509,agent_0010
12,481.0,0.028056112224448898,2.7483491989683335,0.6938423609954378,499,0.49298597194388777,0.250501002004008,0.22845691382765532,0.028056112224448898,agent_0010
13,442.0,0.06012024048096192,3.4617727137410026,0.6730270901655747,499,0.4649298597194389,0.250501002004008,0.22444889779559118,0.06012024048096192,agent_0010
14,481.0,0.018036072144288578,2.6350506417998396,0.6528362774606075,499,0.44889779559118237,0.25250501002004005,0.280561122244489,0.018036072144288578,agent_0010
15,481.0,0.018036072144288578,2.665023202050633,0.6332511891367892,499,0.5190380761523046,0.22645290581162325,0.23647294589178355,0.018036072144288578,agent_0010
16,475.0,0.028056112224448898,2.6917915107343444,0.6142536534626856,499,0.5230460921843687,0.23246492985971945,0.21643286573146292,0.028056112224448898,agent_0010
17,469.0,0.028056112224448898,2.8234297710711673,0.595826043858805,499,0.4028056112224449,0.2545090180360721,0.31462925851703405,0.028056112224448898,agent_0010
18,466.0,0.036072144288577156,2.8935899462961565,0.5779512625430409,499,0.49498997995991983,0.23446893787575152,0.23446893787575152,0.036072144288577156,agent_0010
19,490.0,0.008016032064128256,2.501961582096584,0.5606127246667496,499,0.45090180360721444,0.24248496993987975,0.2985971943887776,0.008016032064128256,agent_0010
20,478.0,0.026052104208416832,2.85480598565582,0.5437943429267471,499,0.44488977955911824,0.2745490981963928,0.2545090180360721,0.026052104208416832,agent_0010
21,484.0,0.02004008016032064,2.726497159991183,0.5274805126389447,499,0.44889779559118237,0.2625250501002004,0.2685370741482966,0.02004008016032064,agent_0010
22,475.0,0.018036072144288578,2.583726744022793,0.5116560972597763,499,0.4709418837675351,0.2545090180360721,0.2565130260521042,0.018036072144288578,agent_0010
23,475.0,0.03006012024048096,2.9752583975856712,0.496306414341983,499,0.48096192384769537,0.24649298597194388,0.24248496993987975,0.03006012024048096,agent_0010
24,472.0,0.028056112224448898,2.97904211838908,0.48141722191172354,499,0.4248496993987976,0.2605210420841683,0.2865731462925852,0.028056112224448898,agent_0010
25,496.0,0.006012024048096192,2.5197921832118375,0.4669747052543718,499,0.5170340681362725,0.24048096192384769,0.23647294589178355,0.006012024048096192,agent_0010
26,484.0,0.014028056112224449,2.449007523578893,0.4529654640967406,499,0.5651302605210421,0.21643286573146292,0.20440881763527055,0.014028056112224449,agent_0010
27,478.0,0.022044088176352707,2.7859619945257323,0.4393765001738384,499,0.4789579158316633,0.250501002004008,0.24849699398797595,0.022044088176352707,agent_0010
28,493.0,0.01603206412825651,2.7191999363153094,0.42619520516862325,499,0.4168336673346693,0.2985971943887776,0.2685370741482966,0.01603206412825651,agent_0010
29,478.0,0.022044088176352707,2.735413086402312,0.4134093490135645,499,0.4649298597194389,0.23847695390781562,0.2745490981963928,0.022044088176352707,agent_0010
30,493.0,0.01002004008016032,2.4236826616823106,0.4010070685431576,499,0.48096192384769537,0.22244488977955912,0.2865731462925852,0.01002004008016032,agent_0010
31,493.0,0.012024048096192385,2.4946403966296904,0.38897685648686287,499,0.48897795591182364,0.23847695390781562,0.2605210420841683,0.012024048096192385,agent_0010
32,469.0,0.026052104208416832,2.8075591975619996,0.377307550792257,499,0.4729458917835671,0.2745490981963928,0.22645290581162325,0.026052104208416832,agent_0010
33,463.0,0.03006012024048096,2.9372775101497166,0.36598832426848926,499,0.38877755511022044,0.30060120240480964,0.280561122244489,0.03006012024048096,agent_0010
34,493.0,0.01603206412825651,2.7332571572968836,0.35500867454043455,499,0.39879759519038077,0.2625250501002004,0.3226452905811623,0.01603206412825651,agent_0010
35,466.0,0.03206412825651302,2.9416507069585895,0.3443584143042215,499,0.4168336673346693,0.2545090180360721,0.2965931863727455,0.03206412825651302,agent_0010
36,478.0,0.026052104208416832,2.829755985032012,0.3340276618750948,499,0.4589178356713427,0.27054108216432865,0.24448897795591182,0.026052104208416832,agent_0010
37,469.0,0.036072144288577156,3.0150384373040056,0.32400683201884195,499,0.43687374749499,0.2665330661322645,0.2605210420841683,0.036072144288577156,agent_0010
38,478.0,0.028056112224448898,3.0663425921503342,0.3142866270582767,499,0.4088176352705411,0.2925851703406814,0.27054108216432865,0.028056112224448898,agent_0010
39,475.0,0.026052104208416832,2.831543142159774,0.3048580282465284,499,0.5430861723446894,0.22044088176352705,0.21042084168336672,0.026052104208416832,agent_0010
40,496.0,0.01603206412825651,2.908517323191812,0.2957122873991326,499,0.4288577154308617,0.2745490981963928,0.280561122244489,0.01603206412825651,agent_0010
41,472.0,0.03206412825651302,2.7407751539517626,0.2868409187771586,499,0.49899799599198397,0.22044088176352705,0.24849699398797595,0.03206412825651302,agent_0010
42,493.0,0.012024048096192385,2.5910881519942612,0.27823569121384384,499,0.5350701402805611,0.24849699398797595,0.20440881763527055,0.012024048096192385,agent_0010
43,475.0,0.022044088176352707,2.771090327631779,0.2698886204774285,499,0.4749498997995992,0.24649298597194388,0.2565130260521042,0.022044088176352707,agent_0010
44,478.0,0.02404809619238477,2.803564929385699,0.26179196186310566,499,0.4248496993987976,0.2685370741482966,0.28256513026052105,0.02404809619238477,agent_0010
45,478.0,0.026052104208416832,3.027554811504264,0.2539382030072125,499,0.41282565130260523,0.2905811623246493,0.27054108216432865,0.026052104208416832,agent_0010
46,481.0,0.03006012024048096,3.0954789491708827,0.2463200569169961,499,0.3967935871743487,0.3026052104208417,0.27054108216432865,0.03006012024048096,agent_0010
47,487.0,0.01603206412825651,2.835828189644191,0.23893045520948622,499,0.40681362725450904,0.2545090180360721,0.3226452905811623,0.01603206412825651,agent_0010
48,469.0,0.028056112224448898,2.929151641760333,0.23176254155320164,499,0.40480961923847697,0.28256513026052105,0.2845691382765531,0.028056112224448898,agent_0010
49,496.0,0.006012024048096192,2.55607927540128,0.2248096653066056,499,0.49298597194388777,0.22845691382765532,0.2725450901803607,0.006012024048096192,agent_0010
50,475.0,0.026052104208416832,2.8269727783627974,0.21806537534740741,499,0.42685370741482964,0.2565130260521042,0.2905811623246493,0.026052104208416832,agent_0010
51,499.0,0.0,2.3841202130032815,0.2115234140869852,499,0.42084168336673344,0.25851703406813625,0.32064128256513025,0.0,agent_0010
52,460.0,0.028056112224448898,2.8307570363719283,0.20517771166437562,499,0.42084168336673344,0.2565130260521042,0.29458917835671344,0.028056112224448898,agent_0010
53,496.0,0.008016032064128256,2.6127031876706703,0.19902238031444436,499,0.374749498997996,0.2965931863727455,0.32064128256513025,0.008016032064128256,agent_0010
54,460.0,0.036072144288577156,3.053815196129907,0.19305170890501103,499,0.40480961923847697,0.27054108216432865,0.28857715430861725,0.036072144288577156,agent_0010
55,493.0,0.006012024048096192,2.377585898967984,0.1872601576378607,499,0.5270541082164328,0.23446893787575152,0.23246492985971945,0.006012024048096192,agent_0010
56,484.0,0.02004008016032064,2.6398168466573257,0.18164235290872485,499,0.5390781563126252,0.20641282565130262,0.23446893787575152,0.02004008016032064,agent_0010
57,493.0,0.01002004008016032,2.5031220942964127,0.1761930823214631,499,0.5390781563126252,0.23246492985971945,0.218436873747495,0.01002004008016032,agent_0010
58,466.0,0.03406813627254509,2.864113237094263,0.17090728985181922,499,0.5150300601202404,0.218436873747495,0.23246492985971945,0.03406813627254509,agent_0010
59,457.0,0.04008016032064128,2.866423624930472,0.16578007115626464,499,0.4909819639278557,0.23647294589178355,0.23246492985971945,0.04008016032064128,agent_0010
60,487.0,0.018036072144288578,2.8616014323918293,0.1608066690215767,499,0.41282565130260523,0.2965931863727455,0.2725450901803607,0.018036072144288578,agent_0010
61,472.0,0.04008016032064128,2.98188652428209,0.1559824689509294,499,0.5130260521042084,0.23647294589178355,0.21042084168336672,0.04008016032064128,agent_0010
62,463.0,0.03807615230460922,2.9713746401127823,0.1513029948824015,499,0.43887775551102204,0.24849699398797595,0.2745490981963928,0.03807615230460922,agent_0010
63,490.0,0.012024048096192385,2.5682216710741135,0.14676390503592945,499,0.4749498997995992,0.22645290581162325,0.2865731462925852,0.012024048096192385,agent_0010
64,490.0,0.02404809619238477,2.7612270379939443,0.14236098788485158,499,0.4789579158316633,0.23647294589178355,0.2605210420841683,0.02404809619238477,agent_0010
65,463.0,0.03807615230460922,3.016428988544489,0.13809015824830603,499,0.43887775551102204,0.25250501002004005,0.27054108216432865,0.03807615230460922,agent_0010
66,478.0,0.022044088176352707,2.657981208930468,0.13394745350085685,499,0.48697394789579157,0.23246492985971945,0.25851703406813625,0.022044088176352707,agent_0010
67,478.0,0.026052104208416832,2.6835959544624832,0.12992902989583113,499,0.5090180360721442,0.22645290581162325,0.23847695390781562,0.026052104208416832,agent_0010
68,469.0,0.03206412825651302,3.0511740462728514,0.1260311589989562,499,0.40681362725450904,0.2605210420841683,0.30060120240480964,0.03206412825651302,agent_0010
69,457.0,0.04408817635270541,3.114114125523037,0.12225022422898751,499,0.49298597194388777,0.2124248496993988,0.250501002004008,0.04408817635270541,agent_0010
70,478.0,0.02004008016032064,2.4980304284237547,0.11858271750211788,499,0.5951903807615231,0.22044088176352705,0.16432865731462926,0.02004008016032064,agent_0010
71,484.0,0.02004008016032064,2.603002395689697,0.11502523597705434,499,0.6152304609218436,0.18637274549098196,0.17835671342685372,0.02004008016032064,agent_0010
72,487.0,0.02004008016032064,2.7048069851944154,0.1115744788977427,499,0.5430861723446894,0.23246492985971945,0.20440881763527055,0.02004008016032064,agent_0010
73,487.0,0.012024048096192385,2.6070820059393767,0.10822724453081042,499,0.38877755511022044,0.2785571142284569,0.32064128256513025,0.012024048096192385,agent_0010
74,496.0,0.006012024048096192,2.5770518060096963,0.10498042719488611,499,0.5070140280561122,0.25250501002004005,0.23446893787575152,0.006012024048096192,agent_0010
75,493.0,0.01002004008016032,2.652667274601969,0.10183101437903952,499,0.3587174348697395,0.3046092184368738,0.32665330661322645,0.01002004008016032,agent_0010
76,475.0,0.026052104208416832,2.995711979952241,0.09877608394766833,499,0.38276553106212424,0.28857715430861725,0.3026052104208417,0.026052104208416832,agent_0010
77,481.0,0.022044088176352707,2.9286817455722116,0.09581280142923829,499,0.3286573146292585,0.31462925851703405,0.3346693386773547,0.022044088176352707,agent_0010
78,451.0,0.04408817635270541,3.1389652152285645,0.09293841738636113,499,0.35070140280561124,0.2925851703406814,0.312625250501002,0.04408817635270541,agent_0010
79,496.0,0.004008016032064128,2.3707620720823086,0.09015026486477029,499,0.4969939879759519,0.2545090180360721,0.24448897795591182,0.004008016032064128,agent_0010
80,463.0,0.036072144288577156,2.787874652012001,0.08744575691882718,499,0.49298597194388777,0.22244488977955912,0.24849699398797595,0.036072144288577156,agent_0010
81,490.0,0.01002004008016032,2.543856076948618,0.08482238421126237,499,0.5571142284569138,0.24248496993987975,0.1903807615230461,0.01002004008016032,agent_0010
82,490.0,0.014028056112224449,2.7100255057168745,0.0822777126849245,499,0.46092184368737477,0.24849699398797595,0.27655310621242485,0.014028056112224449,agent_0010
83,493.0,0.006012024048096192,2.2971244221657416,0.07980938130437676,499,0.5851703406813628,0.1903807615230461,0.218436873747495,0.006012024048096192,agent_0010
84,487.0,0.02404809619238477,2.563881306710007,0.07741509986524546,499,0.6372745490981964,0.15030060120240482,0.18837675350701402,0.02404809619238477,agent_0010
85,463.0,0.03406813627254509,2.8786682915107216,0.0750926468692881,499,0.48296593186372744,0.23647294589178355,0.24649298597194388,0.03406813627254509,agent_0010
86,499.0,0.004008016032064128,2.4827784625005247,0.07283986746320946,499,0.5250501002004008,0.250501002004008,0.22044088176352705,0.004008016032064128,agent_0010
87,478.0,0.026052104208416832,2.8232048401351806,0.07065467143931317,499,0.4909819639278557,0.24448897795591182,0.23847695390781562,0.026052104208416832,agent_0010
88,454.0,0.04208416833667335,2.9974335621610444,0.06853503129613378,499,0.40080160320641284,0.25250501002004005,0.3046092184368738,0.04208416833667335,agent_0010
89,481.0,0.022044088176352707,2.8269370694822125,0.06647898035724976,499,0.4288577154308617,0.25851703406813625,0.2905811623246493,0.022044088176352707,agent_0010
90,481.0,0.026052104208416832,2.804459636561709,0.06448461094653227,499,0.46092184368737477,0.2785571142284569,0.23446893787575152,0.026052104208416832,agent_0010
91,493.0,0.01002004008016032,2.2830620736439022,0.06255007261813629,499,0.6152304609218436,0.15831663326653306,0.21643286573146292,0.01002004008016032,agent_0010
92,466.0,0.03006012024048096,2.7878808866164677,0.0606735704395922,499,0.44488977955911824,0.250501002004008,0.2745490981963928,0.03006012024048096,agent_0010
93,490.0,0.014028056112224449,2.652393397138101,0.05885336332640443,499,0.4849699398797595,0.23046092184368738,0.27054108216432865,0.014028056112224449,agent_0010
94,487.0,0.018036072144288578,2.7727335355493015,0.057087762426612294,499,0.4849699398797595,0.2925851703406814,0.20440881763527055,0.018036072144288578,agent_0010
95,481.0,0.018036072144288578,2.6959237783125833,0.05537512955381393,499,0.4408817635270541,0.28857715430861725,0.25250501002004005,0.018036072144288578,agent_0010
96,487.0,0.014028056112224449,2.628038155529298,0.053713875667199505,499,0.4729458917835671,0.22845691382765532,0.2845691382765531,0.014028056112224449,agent_0010
97,490.0,0.01002004008016032,2.565606276905345,0.05210245939718352,499,0.44889779559118237,0.2565130260521042,0.2845691382765531,0.01002004008016032,agent_0010
98,478.0,0.022044088176352707,2.649750448059571,0.05053938561526801,499,0.5110220440881763,0.22044088176352705,0.24649298597194388,0.022044088176352707,agent_0010
99,457.0,0.04408817635270541,3.1474020712477344,0.05,499,0.41082164328657317,0.23446893787575152,0.3106212424849699,0.04408817635270541,agent_0010
100,481.0,0.022044088176352707,2.8484153959250054,0.05,499,0.39879759519038077,0.30060120240480964,0.2785571142284569,0.022044088176352707,agent_0010
101,442.0,0.056112224448897796,3.1167364953322516,0.05,499,0.4228456913827655,0.24248496993987975,0.2785571142284569,0.056112224448897796,agent_0010
102,457.0,0.03807615230460922,3.097243353909437,0.05,499,0.34468937875751504,0.28256513026052105,0.3346693386773547,0.03807615230460922,agent_0010
103,460.0,0.03807615230460922,3.279554043557714,0.05,499,0.3346693386773547,0.30861723446893785,0.3186372745490982,0.03807615230460922,agent_0010
104,472.0,0.03006012024048096,3.082690714004509,0.05,499,0.37074148296593185,0.2905811623246493,0.30861723446893785,0.03006012024048096,agent_0010
105,496.0,0.01002004008016032,2.4830582784994086,0.05,499,0.4789579158316633,0.2665330661322645,0.24448897795591182,0.01002004008016032,agent_0010
106,475.0,0.026052104208416832,2.9669227890694074,0.05,499,0.4088176352705411,0.28857715430861725,0.27655310621242485,0.026052104208416832,agent_0010
107,460.0,0.03406813627254509,2.960425778486167,0.05,499,0.3527054108216433,0.3186372745490982,0.29458917835671344,0.03406813627254509,agent_0010
108,460.0,0.036072144288577156,2.8536084298530198,0.05,499,0.43286573146292584,0.2865731462925852,0.24448897795591182,0.036072144288577156,agent_0010
109,499.0,0.004008016032064128,2.5751396383527037,0.05,499,0.41282565130260523,0.26452905811623245,0.3186372745490982,0.004008016032064128,agent_0010
110,499.0,0.01603206412825651,2.8605991011541083,0.05,499,0.503006012024048,0.24649298597194388,0.23446893787575152,0.01603206412825651,agent_0010
111,484.0,0.02004008016032064,2.759442456112516,0.05,499,0.5130260521042084,0.26452905811623245,0.20240480961923848,0.02004008016032064,agent_0010
112,469.0,0.03006012024048096,2.5974598924965213,0.05,499,0.6172344689378757,0.1683366733466934,0.1843687374749499,0.03006012024048096,agent_0010
113,478.0,0.022044088176352707,2.9332651226042628,0.05,499,0.41282565130260523,0.2865731462925852,0.2785571142284569,0.022044088176352707,agent_0010
114,499.0,0.002004008016032064,2.4846868450402844,0.05,499,0.45090180360721444,0.2725450901803607,0.2745490981963928,0.002004008016032064,agent_0010
115,499.0,0.004008016032064128,2.483352745162297,0.05,499,0.46292585170340683,0.25250501002004005,0.280561122244489,0.004008016032064128,agent_0010
116,460.0,0.03807615230460922,3.2613497055190974,0.05,499,0.38877755511022044,0.27655310621242485,0.2965931863727455,0.03807615230460922,agent_0010
117,484.0,0.022044088176352707,2.9073804810989006,0.05,499,0.4529058116232465,0.2665330661322645,0.25851703406813625,0.022044088176352707,agent_0010
118,481.0,0.028056112224448898,2.9043845271655964,0.05,499,0.39879759519038077,0.25250501002004005,0.32064128256513025,0.028056112224448898,agent_0010
119,457.0,0.04408817635270541,3.1480939154593717,0.05,499,0.4248496993987976,0.27655310621242485,0.2545090180360721,0.04408817635270541,agent_0010
0,469.0,0.028056112224448898,2.7594615670724263,1.0,499,0.4589178356713427,0.23246492985971945,0.280561122244489,0.028056112224448898,agent_0011
1,490.0,0.012024048096192385,2.623012999615614,0.97,499,0.4729458917835671,0.2605210420841683,0.2545090180360721,0.012024048096192385,agent_0011
2,469.0,0.036072144288577156,3.0639032349732434,0.9409,499,0.44488977955911824,0.22645290581162325,0.2925851703406814,0.036072144288577156,agent_0011
3,493.0,0.01002004008016032,2.504801288312357,0.912673,499,0.503006012024048,0.23246492985971945,0.2545090180360721,0.01002004008016032,agent_0011
4,463.0,0.036072144288577156,2.917874622649375,0.8852928099999999,499,0.4168336673346693,0.218436873747495,0.3286573146292585,0.036072144288577156,agent_0011
5,487.0,0.012024048096192385,2.634405251436521,0.8587340256999999,499,0.44488977955911824,0.25851703406813625,0.2845691382765531,0.012024048096192385,agent_0011
6,466.0,0.03206412825651302,2.841772607370888,0.8329720049289999,499,0.4248496993987976,0.25851703406813625,0.2845691382765531,0.03206412825651302,agent_0011
7,457.0,0.04008016032064128,3.079728107062385,0.8079828447811299,499,0.45691382765531063,0.25851703406813625,0.24448897795591182,0.04008016032064128,agent_0011
8,487.0,0.018036072144288578,2.7626940597653493,0.783743359437696,499,0.4188376753507014,0.3246492985971944,0.23847695390781562,0.018036072144288578,agent_0011
9,454.0,0.04008016032064128,2.834932360017847,0.7602310586545651,499,0.5130260521042084,0.20641282565130262,0.24048096192384769,0.04008016032064128,agent_0011
10,472.0,0.03406813627254509,2.9807138924366274,0.7374241268949281,499,0.4789579158316633,0.2545090180360721,0.23246492985971945,0.03406813627254509,agent_0011
11,481.0,0.028056112224448898,2.794986514371777,0.7153014030880802,499,0.45490981963927857,0.27054108216432865,0.24649298597194388,0.028056112224448898,agent_0011
12,445.0,0.05811623246492986,3.3816272810221846,0.6938423609954378,499,0.48096192384769537,0.25250501002004005,0.20841683366733466,0.05811623246492986,agent_0011
13,481.0,0.018036072144288578,2.6295578334270058,0.6730270901655747,499,0.46893787575150303,0.24448897795591182,0.2685370741482966,0.018036072144288578,agent_0011
14,481.0,0.018036072144288578,2.6215329695528586,0.6528362774606075,499,0.5250501002004008,0.22444889779559118,0.23246492985971945,0.018036072144288578,agent_0011
15,484.0,0.026052104208416832,2.7005696807208053,0.6332511891367892,499,0.5090180360721442,0.218436873747495,0.24649298597194388,0.026052104208416832,agent_0011
16,469.0,0.028056112224448898,2.73969363222305,0.6142536534626856,499,0.4649298597194389,0.23647294589178355,0.27054108216432865,0.028056112224448898,agent_0011
17,466.0,0.036072144288577156,2.800485708679509,0.595826043858805,499,0.5731462925851704,0.1963927855711423,0.19438877755511022,0.036072144288577156,agent_0011
18,490.0,0.008016032064128256,2.470186406560122,0.5779512625430409,499,0.48296593186372744,0.24849699398797595,0.2605210420841683,0.008016032064128256,agent_0011
19,478.0,0.026052104208416832,2.8085310294458594,0.5606127246667496,499,0.46693386773547096,0.2685370741482966,0.23847695390781562,0.026052104208416832,agent_0011
20,481.0,0.02004008016032064,2.7553681246677737,0.5437943429267471,499,0.3927855711422846,0.2745490981963928,0.312625250501002,0.02004008016032064,agent_0011
21,475.0,0.018036072144288578,2.5872674673926492,0.5274805126389447,499,0.48697394789579157,0.24448897795591182,0.250501002004008,0.018036072144288578,agent_0011
22,475.0,0.03006012024048096,2.9790286886494157,0.5116560972597763,499,0.49899799599198397,0.21442885771543085,0.2565130260521042,0.03006012024048096,agent_0011
23,481.0,0.022044088176352707,2.8145313713959035,0.496306414341983,499,0.4729458917835671,0.23847695390781562,0.2665330661322645,0.022044088176352707,agent_0011
24,493.0,0.008016032064128256,2.5174187069201133,0.48141722191172354,499,0.5190380761523046,0.23847695390781562,0.23446893787575152,0.008016032064128256,agent_0011
25,484.0,0.014028056112224449,2.5463226351968675,0.4669747052543718,499,0.4969939879759519,0.24248496993987975,0.24649298597194388,0.014028056112224449,agent_0011
26,478.0,0.022044088176352707,2.7008264202287875,0.4529654640967406,499,0.5290581162324649,0.20440881763527055,0.24448897795591182,0.022044088176352707,agent_0011
27,493.0,0.018036072144288578,2.76371290471784,0.4393765001738384,499,0.4188376753507014,0.2965931863727455,0.2665330661322645,0.018036072144288578,agent_0011
28,469.0,0.03006012024048096,2.77952515925945,0.42619520516862325,499,0.49899799599198397,0.23246492985971945,0.23847695390781562,0.03006012024048096,agent_0011
29,493.0,0.01002004008016032,2.352613850693356,0.4134093490135645,499,0.5490981963927856,0.20440881763527055,0.23647294589178355,0.01002004008016032,agent_0011
30,493.0,0.014028056112224449,2.571189838465885,0.4010070685431576,499,0.4529058116232465,0.24448897795591182,0.28857715430861725,0.014028056112224449,agent_0011
31,469.0,0.026052104208416832,2.7690084094932326,0.38897685648686287,499,0.501002004008016,0.2565130260521042,0.21643286573146292,0.026052104208416832,agent_0011
32,469.0,0.02404809619238477,2.926653596972838,0.377307550792257,499,0.3366733466933868,0.3186372745490982,0.32064128256513025,0.02404809619238477,agent_0011
33,499.0,0.01002004008016032,2.5679680380270287,0.36598832426848926,499,0.45090180360721444,0.23647294589178355,0.3026052104208417,0.01002004008016032,agent_0011
34,469.0,0.03006012024048096,2.7061042555199943,0.35500867454043455,499,0.5450901803607214,0.18236472945891782,0.24248496993987975,0.03006012024048096,agent_0011
35,478.0,0.026052104208416832,2.8753582377184745,0.3443584143042215,499,0.4228456913827655,0.29458917835671344,0.2565130260521042,0.026052104208416832,agent_0011
36,469.0,0.03807615230460922,3.1029416260511034,0.3340276618750948,499,0.38877755511022044,0.2785571142284569,0.29458917835671344,0.03807615230460922,agent_0011
37,478.0,0.028056112224448898,3.0432286248383664,0.32400683201884195,499,0.43687374749499,0.2665330661322645,0.2685370741482966,0.028056112224448898,agent_0011
38,475.0,0.026052104208416832,3.0550898846043104,0.3142866270582767,499,0.3927855711422846,0.2905811623246493,0.2905811623246493,0.026052104208416832,agent_0011
39,496.0,0.01603206412825651,2.944214440506201,0.3048580282465284,499,0.3366733466933868,0.27054108216432865,0.37675350701402804,0.01603206412825651,agent_0011
40,469.0,0.03406813627254509,2.84897739299428,0.2957122873991326,499,0.44288577154308617,0.25250501002004005,0.27054108216432865,0.03406813627254509,agent_0011
41,493.0,0.012024048096192385,2.8356583168938987,0.2868409187771586,499,0.3907815631262525,0.2925851703406814,0.3046092184368738,0.012024048096192385,agent_0011
42,475.0,0.022044088176352707,2.7149749962845773,0.27823569121384384,499,0.47695390781563124,0.23847695390781562,0.2625250501002004,0.022044088176352707,agent_0011
43,478.0,0.02404809619238477,2.734869008953057,0.2698886204774285,499,0.4789579158316633,0.24849699398797595,0.24849699398797595,0.02404809619238477,agent_0011
44,478.0,0.026052104208416832,2.7931824356287303,0.26179196186310566,499,0.5090180360721442,0.23046092184368738,0.23446893787575152,0.026052104208416832,agent_0011
45,469.0,0.036072144288577156,3.05411705050347,0.2539382030072125,499,0.44488977955911824,0.2545090180360721,0.26452905811623245,0.036072144288577156,agent_0011
46,490.0,0.012024048096192385,2.7030921303346225,0.2463200569169961,499,0.45691382765531063,0.2545090180360721,0.27655310621242485,0.012024048096192385,agent_0011
47,466.0,0.03406813627254509,2.9911421437341694,0.23893045520948622,499,0.41082164328657317,0.2725450901803607,0.28256513026052105,0.03406813627254509,agent_0011
48,496.0,0.006012024048096192,2.6192003951845617,0.23176254155320164,499,0.44288577154308617,0.2545090180360721,0.2965931863727455,0.006012024048096192,agent_0011
49,475.0,0.026052104208416832,2.721037339957302,0.2248096653066056,499,0.5430861723446894,0.19438877755511022,0.23647294589178355,0.026052104208416832,agent_0011
50,493.0,0.006012024048096192,2.3808968563337105,0.21806537534740741,499,0.49899799599198397,0.22444889779559118,0.27054108216432865,0.006012024048096192,agent_0011
51,460.0,0.028056112224448898,2.701728505096682,0.2115234140869852,499,0.531062124248497,0.21643286573146292,0.22444889779559118,0.028056112224448898,agent_0011
52,496.0,0.008016032064128256,2.5051560798579264,0.20517771166437562,499,0.4408817635270541,0.2545090180360721,0.2965931863727455,0.008016032064128256,agent_0011
53,460.0,0.036072144288577156,2.871651063225006,0.19902238031444436,499,0.5370741482965932,0.23246492985971945,0.19438877755511022,0.036072144288577156,agent_0011
54,493.0,0.006012024048096192,2.2738606999409936,0.19305170890501103,499,0.5811623246492986,0.19839679358717435,0.21442885771543085,0.006012024048096192,agent_0011
55,487.0,0.014028056112224449,2.5769193522707714,0.1872601576378607,499,0.5250501002004008,0.22444889779559118,0.23647294589178355,0.014028056112224449,agent_0011
56,493.0,0.01002004008016032,2.5293638657786635,0.18164235290872485,499,0.5410821643286573,0.24448897795591182,0.20440881763527055,0.01002004008016032,agent_0011
57,466.0,0.03406813627254509,2.9699972170770925,0.1761930823214631,499,0.48096192384769537,0.24448897795591182,0.24048096192384769,0.03406813627254509,agent_0011
58,457.0,0.04008016032064128,2.919914146514846,0.17090728985181922,499,0.45490981963927857,0.2745490981963928,0.23046092184368738,0.04008016032064128,agent_0011
59,487.0,0.018036072144288578,2.784054067002632,0.16578007115626464,499,0.46292585170340683,0.2605210420841683,0.25851703406813625,0.018036072144288578,agent_0011
60,475.0,0.036072144288577156,2.915664548689811,0.1608066690215767,499,0.48296593186372744,0.2545090180360721,0.22645290581162325,0.036072144288577156,agent_0011
61,463.0,0.036072144288577156,2.8180112150630054,0.1559824689509294,499,0.6052104208416834,0.17635270541082165,0.18236472945891782,0.036072144288577156,agent_0011
62,490.0,0.012024048096192385,2.75750573148783,0.1513029948824015,499,0.37074148296593185,0.2985971943887776,0.3186372745490982,0.012024048096192385,agent_0011
63,490.0,0.02404809619238477,2.8966019858894376,0.14676390503592945,499,0.41282565130260523,0.29458917835671344,0.2685370741482966,0.02404809619238477,agent_0011
64,466.0,0.03807615230460922,2.9241022405110724,0.14236098788485158,499,0.4789579158316633,0.21042084168336672,0.2725450901803607,0.03807615230460922,agent_0011
65,478.0,0.022044088176352707,2.7617875203927538,0.13809015824830603,499,0.4248496993987976,0.2625250501002004,0.2905811623246493,0.022044088176352707,agent_0011
66,481.0,0.02404809619238477,2.8251121214345325,0.13394745350085685,499,0.3967935871743487,0.30060120240480964,0.2785571142284569,0.02404809619238477,agent_0011
67,469.0,0.03206412825651302,3.0146773414553882,0.12992902989583113,499,0.3927855711422846,0.2685370741482966,0.3066132264529058,0.03206412825651302,agent_0011
68,469.0,0.04008016032064128,3.2248374953130106,0.1260311589989562,499,0.40681362725450904,0.27054108216432865,0.28256513026052105,0.04008016032064128,agent_0011
69,478.0,0.02004008016032064,2.6702474763916317,0.12225022422898751,499,0.4529058116232465,0.280561122244489,0.24649298597194388,0.02004008016032064,agent_0011
70,487.0,0.02004008016032064,2.823210006070526,0.11858271750211788,499,0.43887775551102204,0.2925851703406814,0.24849699398797595,0.02004008016032064,agent_0011
71,487.0,0.02004008016032064,2.8836756734914473,0.11502523597705434,499,0.3807615230460922,0.2605210420841683,0.33867735470941884,0.02004008016032064,agent_0011
72,475.0,0.02404809619238477,2.8047695084416446,0.1115744788977427,499,0.3486973947895792,0.2865731462925852,0.3406813627254509,0.02404809619238477,agent_0011
73,496.0,0.006012024048096192,2.6090422790411893,0.10822724453081042,499,0.47695390781563124,0.27054108216432865,0.24649298597194388,0.006012024048096192,agent_0011
74,493.0,0.012024048096192385,2.4988057752325257,0.10498042719488611,499,0.47695390781563124,0.24448897795591182,0.2665330661322645,0.012024048096192385,agent_0011
75,475.0,0.026052104208416832,2.825084832997103,0.10183101437903952,499,0.5130260521042084,0.2565130260521042,0.20440881763527055,0.026052104208416832,agent_0011
76,481.0,0.022044088176352707,2.662708101658797,0.09877608394766833,499,0.49498997995991983,0.23446893787575152,0.24849699398797595,0.022044088176352707,agent_0011
77,475.0,0.03006012024048096,2.924298605407266,0.09581280142923829,499,0.39478957915831664,0.27655310621242485,0.2985971943887776,0.03006012024048096,agent_0011
78,496.0,0.004008016032064128,2.551334793653947,0.09293841738636113,499,0.3787575150300601,0.2985971943887776,0.3186372745490982,0.004008016032064128,agent_0011
79,481.0,0.022044088176352707,2.840369655668029,0.09015026486477029,499,0.32064128256513025,0.2905811623246493,0.3667334669338677,0.022044088176352707,agent_0011
80,487.0,0.014028056112224449,2.8134739877615194,0.08744575691882718,499,0.3527054108216433,0.31462925851703405,0.3186372745490982,0.014028056112224449,agent_0011
81,490.0,0.01603206412825651,2.8491542910466316,0.08482238421126237,499,0.3527054108216433,0.2965931863727455,0.3346693386773547,0.01603206412825651,agent_0011
82,493.0,0.006012024048096192,2.513555851135107,0.0822777126849245,499,0.44288577154308617,0.25250501002004005,0.2985971943887776,0.006012024048096192,agent_0011
83,487.0,0.02404809619238477,2.8256058660343104,0.07980938130437676,499,0.4749498997995992,0.2565130260521042,0.24448897795591182,0.02404809619238477,agent_0011
84,472.0,0.028056112224448898,2.866359581769969,0.07741509986524546,499,0.4408817635270541,0.24448897795591182,0.2865731462925852,0.028056112224448898,agent_0011
85,499.0,0.004008016032064128,2.5269963315017208,0.0750926468692881,499,0.501002004008016,0.2685370741482966,0.22645290581162325,0.004008016032064128,agent_0011
86,478.0,0.026052104208416832,2.7735484771725174,0.07283986746320946,499,0.5150300601202404,0.25250501002004005,0.20641282565130262,0.026052104208416832,agent_0011
87,454.0,0.04208416833667335,2.921587333414915,0.07065467143931317,499,0.5050100200400801,0.2124248496993988,0.24048096192384769,0.04208416833667335,agent_0011
88,481.0,0.022044088176352707,2.785541840122251,0.06853503129613378,499,0.49498997995991983,0.20440881763527055,0.2785571142284569,0.022044088176352707,agent_0011
89,490.0,0.01603206412825651,2.5917712498622825,0.06647898035724976,499,0.45490981963927857,0.24849699398797595,0.280561122244489,0.01603206412825651,agent_0011
90,493.0,0.01002004008016032,2.5954072195711517,0.06448461094653227,499,0.4288577154308617,0.27655310621242485,0.2845691382765531,0.01002004008016032,agent_0011
91,466.0,0.028056112224448898,2.848188048726057,0.06255007261813629,499,0.374749498997996,0.28857715430861725,0.30861723446893785,0.028056112224448898,agent_0011
92,490.0,0.014028056112224449,2.839221408084579,0.0606735704395922,499,0.3867735470941884,0.2905811623246493,0.30861723446893785,0.014028056112224449,agent_0011
93,487.0,0.018036072144288578,2.928165422692071,0.05885336332640443,499,0.342685370741483,0.35470941883767537,0.2845691382765531,0.018036072144288578,agent_0011
94,487.0,0.014028056112224449,2.835244649418475,0.057087762426612294,499,0.34468937875751504,0.34468937875751504,0.2965931863727455,0.014028056112224449,agent_0011
95,487.0,0.014028056112224449,2.8970608583050974,0.05537512955381393,499,0.3026052104208417,0.3286573146292585,0.35470941883767537,0.014028056112224449,agent_0011
96,484.0,0.014028056112224449,2.853890081358966,0.053713875667199505,499,0.27655310621242485,0.33266533066132264,0.37675350701402804,0.014028056112224449,agent_0011
97,478.0,0.022044088176352707,2.8633413060821677,0.05210245939718352,499,0.3286573146292585,0.29458917835671344,0.35470941883767537,0.022044088176352707,agent_0011
98,457.0,0.04408817635270541,3.3242158342483807,0.05053938561526801,499,0.30060120240480964,0.2925851703406814,0.3627254509018036,0.04408817635270541,agent_0011
99,481.0,0.022044088176352707,3.0026936420729955,0.05,499,0.3046092184368738,0.3366733466933868,0.3366733466933868,0.022044088176352707,agent_0011
100,469.0,0.036072144288577156,2.983817124721139,0.05,499,0.3587174348697395,0.2685370741482966,0.3366733466933868,0.036072144288577156,agent_0011
101,490.0,0.01603206412825651,2.5797706328612793,0.05,499,0.5250501002004008,0.21442885771543085,0.24448897795591182,0.01603206412825651,agent_0011
102,466.0,0.03006012024048096,2.848166481073363,0.05,499,0.4789579158316633,0.24448897795591182,0.24649298597194388,0.03006012024048096,agent_0011
103,484.0,0.02004008016032064,2.7248477739285737,0.05,499,0.48897795591182364,0.2605210420841683,0.23046092184368738,0.02004008016032064,agent_0011
104,496.0,0.01002004008016032,2.4318904171764726,0.05,499,0.5350701402805611,0.24849699398797595,0.20641282565130262,0.01002004008016032,agent_0011
105,478.0,0.022044088176352707,2.4382926864689174,0.05,499,0.6773547094188377,0.13827655310621242,0.1623246492985972,0.022044088176352707,agent_0011
106,472.0,0.026052104208416832,2.3238654626010002,0.05,499,0.7314629258517034,0.12424849699398798,0.11823647294589178,0.026052104208416832,agent_0011
107,463.0,0.036072144288577156,2.62808273574006,0.05,499,0.6132264529058116,0.1963927855711423,0.15430861723446893,0.036072144288577156,agent_0011
108,499.0,0.004008016032064128,2.110077782027702,0.05,499,0.7214428857715431,0.13026052104208416,0.14428857715430862,0.004008016032064128,agent_0011
109,499.0,0.014028056112224449,2.7641621430455303,0.05,499,0.533066132264529,0.21643286573146292,0.23647294589178355,0.014028056112224449,agent_0011
110,484.0,0.02004008016032064,2.7300063767655964,0.05,499,0.4969939879759519,0.24248496993987975,0.24048096192384769,0.02004008016032064,agent_0011
111,475.0,0.026052104208416832,2.614692089494721,0.05,499,0.6112224448897795,0.218436873747495,0.14428857715430862,0.026052104208416832,agent_0011
112,469.0,0.03406813627254509,2.9547427017040597,0.05,499,0.49498997995991983,0.23847695390781562,0.23246492985971945,0.03406813627254509,agent_0011
113,499.0,0.002004008016032064,2.433342793504202,0.05,499,0.4649298597194389,0.25851703406813625,0.2745490981963928,0.002004008016032064,agent_0011
114,499.0,0.004008016032064128,2.443244462055956,0.05,499,0.4849699398797595,0.24649298597194388,0.26452905811623245,0.004008016032064128,agent_0011
115,466.0,0.036072144288577156,3.1063102967576546,0.05,499,0.45490981963927857,0.24649298597194388,0.2625250501002004,0.036072144288577156,agent_0011
116,484.0,0.02004008016032064,2.8048740253620323,0.05,499,0.5050100200400801,0.24849699398797595,0.22645290581162325,0.02004008016032064,agent_0011
117,484.0,0.026052104208416832,2.648994480349438,0.05,499,0.5571142284569138,0.16032064128256512,0.2565130260521042,0.026052104208416832,agent_0011
118,457.0,0.04408817635270541,2.9716502918161574,0.05,499,0.5370741482965932,0.22845691382765532,0.1903807615230461,0.04408817635270541,agent_0011
119,493.0,0.012024048096192385,2.754435082132811,0.05,499,0.4188376753507014,0.26452905811623245,0.3046092184368738,0.012024048096192385,agent_0011
0,490.0,0.012024048096192385,2.6630639940596947,1.0,499,0.4348697394789579,0.28256513026052105,0.27054108216432865,0.012024048096192385,agent_0012
1,466.0,0.04008016032064128,3.0957043861375655,0.97,499,0.45090180360721444,0.23246492985971945,0.27655310621242485,0.04008016032064128,agent_0012
2,493.0,0.01002004008016032,2.4624632018287183,0.9409,499,0.531062124248497,0.22845691382765532,0.23046092184368738,0.01002004008016032,agent_0012
3,445.0,0.04609218436873747,3.052503630765227,0.912673,499,0.3867735470941884,0.24448897795591182,0.3226452905811623,0.04609218436873747,agent_0012
4,490.0,0.01002004008016032,2.561927937034929,0.8852928099999999,499,0.48697394789579157,0.23647294589178355,0.2665330661322645,0.01002004008016032,agent_0012
5,466.0,0.03206412825651302,2.7936536358047954,0.8587340256999999,499,0.46693386773547096,0.24048096192384769,0.2605210420841683,0.03206412825651302,agent_0012
6,454.0,0.04008016032064128,3.020403553282995,0.8329720049289999,499,0.43887775551102204,0.2725450901803607,0.24849699398797595,0.04008016032064128,agent_0012
7,484.0,0.02004008016032064,2.7371080656131865,0.8079828447811299,499,0.44889779559118237,0.28857715430861725,0.24248496993987975,0.02004008016032064,agent_0012
8,454.0,0.04008016032064128,2.9539247313145287,0.783743359437696,499,0.43887775551102204,0.2605210420841683,0.2605210420841683,0.04008016032064128,agent_0012
9,472.0,0.03206412825651302,2.8790907008329807,0.7602310586545651,499,0.5170340681362725,0.22444889779559118,0.22645290581162325,0.03206412825651302,agent_0012
10,481.0,0.028056112224448898,2.8117492952895917,0.7374241268949281,499,0.4749498997995992,0.24649298597194388,0.250501002004008,0.028056112224448898,agent_0012
11,445.0,0.06012024048096192,3.4343144497442557,0.7153014030880802,499,0.4749498997995992,0.2565130260521042,0.20841683366733466,0.06012024048096192,agent_0012
12,484.0,0.01603206412825651,2.6908687655187276,0.6938423609954378,499,0.41082164328657317,0.2685370741482966,0.3046092184368738,0.01603206412825651,agent_0012
13,481.0,0.018036072144288578,2.767363315884544,0.6730270901655747,499,0.43687374749499,0.280561122244489,0.26452905811623245,0.018036072144288578,agent_0012
14,484.0,0.02404809619238477,2.753703521663067,0.6528362774606075,499,0.46292585170340683,0.2605210420841683,0.25250501002004005,0.02404809619238477,agent_0012
15,469.0,0.028056112224448898,2.7347571903725765,0.6332511891367892,499,0.46292585170340683,0.23446893787575152,0.2745490981963928,0.028056112224448898,agent_0012
16,466.0,0.036072144288577156,3.014842443425674,0.6142536534626856,499,0.43687374749499,0.2785571142284569,0.24849699398797595,0.036072144288577156,agent_0012
17,490.0,0.008016032064128256,2.6184601063291995,0.595826043858805,499,0.374749498997996,0.2865731462925852,0.3306613226452906,0.008016032064128256,agent_0012
18,478.0,0.026052104208416832,2.9687423948513407,0.5779512625430409,499,0.3687374749498998,0.32064128256513025,0.2845691382765531,0.026052104208416832,agent_0012
19,484.0,0.02004008016032064,2.7185422126671246,0.5606127246667496,499,0.44288577154308617,0.2605210420841683,0.27655310621242485,0.02004008016032064,agent_0012
20,475.0,0.018036072144288578,2.723510208903745,0.5437943429267471,499,0.4308617234468938,0.2925851703406814,0.25851703406813625,0.018036072144288578,agent_0012
21,475.0,0.03006012024048096,3.0271250135390204,0.5274805126389447,499,0.40480961923847697,0.26452905811623245,0.30060120240480964,0.03006012024048096,agent_0012
22,481.0,0.022044088176352707,2.819172355785632,0.5116560972597763,499,0.46292585170340683,0.23847695390781562,0.27655310621242485,0.022044088176352707,agent_0012
23,493.0,0.008016032064128256,2.367206503328083,0.496306414341983,499,0.593186372745491,0.20440881763527055,0.19438877755511022,0.008016032064128256,agent_0012
24,484.0,0.014028056112224449,2.522583867574626,0.48141722191172354,499,0.48697394789579157,0.24448897795591182,0.2545090180360721,0.014028056112224449,agent_0012
25,481.0,0.02004008016032064,2.7918230906162256,0.4669747052543718,499,0.4589178356713427,0.25250501002004005,0.2685370741482966,0.02004008016032064,agent_0012
26,493.0,0.01603206412825651,2.746783922445019,0.4529654640967406,499,0.41282565130260523,0.28857715430861725,0.28256513026052105,0.01603206412825651,agent_0012
27,478.0,0.022044088176352707,2.7432161096969105,0.4393765001738384,499,0.45490981963927857,0.24849699398797595,0.2745490981963928,0.022044088176352707,agent_0012
28,493.0,0.012024048096192385,2.527527092353088,0.42619520516862325,499,0.45090180360721444,0.24248496993987975,0.29458917835671344,0.012024048096192385,agent_0012
29,484.0,0.01603206412825651,2.5673728088815313,0.4134093490135645,499,0.4408817635270541,0.25250501002004005,0.2905811623246493,0.01603206412825651,agent_0012
30,469.0,0.026052104208416832,2.7140684511787843,0.4010070685431576,499,0.533066132264529,0.23246492985971945,0.20841683366733466,0.026052104208416832,agent_0012
31,475.0,0.02004008016032064,2.6989145641588004,0.38897685648686287,499,0.4649298597194389,0.2905811623246493,0.22444889779559118,0.02004008016032064,agent_0012
32,499.0,0.01002004008016032,2.5939906278237093,0.377307550792257,499,0.44288577154308617,0.24849699398797595,0.2985971943887776,0.01002004008016032,agent_0012
33,466.0,0.03206412825651302,2.89494659336778,0.36598832426848926,499,0.4589178356713427,0.23446893787575152,0.2745490981963928,0.03206412825651302,agent_0012
34,472.0,0.03006012024048096,2.8325047244834907,0.35500867454043455,499,0.5110220440881763,0.24048096192384769,0.218436873747495,0.03006012024048096,agent_0012
35,466.0,0.04208416833667335,3.067077052160038,0.3443584143042215,499,0.4408817635270541,0.24649298597194388,0.27054108216432865,0.04208416833667335,agent_0012
36,478.0,0.028056112224448898,3.0422566577983554,0.3340276618750948,499,0.45090180360721444,0.27054108216432865,0.250501002004008,0.028056112224448898,agent_0012
37,475.0,0.026052104208416832,2.788347466187002,0.32400683201884195,499,0.5711422845691383,0.21442885771543085,0.18837675350701402,0.026052104208416832,agent_0012
38,496.0,0.01603206412825651,2.8068643532187134,0.3142866270582767,499,0.503006012024048,0.23647294589178355,0.24448897795591182,0.01603206412825651,agent_0012
39,469.0,0.03406813627254509,2.820646686832497,0.3048580282465284,499,0.48296593186372744,0.22845691382765532,0.2545090180360721,0.03406813627254509,agent_0012
40,493.0,0.012024048096192385,2.7125744305347905,0.2957122873991326,499,0.44488977955911824,0.25851703406813625,0.2845691382765531,0.012024048096192385,agent_0012
41,475.0,0.022044088176352707,2.898597916076181,0.2868409187771586,499,0.3667334669338677,0.3246492985971944,0.2865731462925852,0.022044088176352707,agent_0012
42,478.0,0.02404809619238477,2.7841762796839005,0.27823569121384384,499,0.43286573146292584,0.2605210420841683,0.28256513026052105,0.02404809619238477,agent_0012
43,478.0,0.026052104208416832,2.93351241025143,0.2698886204774285,499,0.45691382765531063,0.25851703406813625,0.25851703406813625,0.026052104208416832,agent_0012
44,472.0,0.03206412825651302,3.0577958395345046,0.26179196186310566,499,0.40080160320641284,0.3066132264529058,0.2605210420841683,0.03206412825651302,agent_0012
45,490.0,0.012024048096192385,2.6400162827010796,0.2539382030072125,499,0.5130260521042084,0.23446893787575152,0.24048096192384769,0.012024048096192385,agent_0012
46,466.0,0.03206412825651302,2.752110197067305,0.2463200569169961,499,0.5511022044088176,0.18837675350701402,0.22845691382765532,0.03206412825651302,agent_0012
47,496.0,0.006012024048096192,2.4371760570792746,0.23893045520948622,499,0.561122244488978,0.19238476953907815,0.24048096192384769,0.006012024048096192,agent_0012
48,475.0,0.026052104208416832,2.8297965786226063,0.23176254155320164,499,0.47695390781563124,0.24248496993987975,0.2545090180360721,0.026052104208416832,agent_0012
49,493.0,0.006012024048096192,2.207810557357676,0.2248096653066056,499,0.5871743486973948,0.19438877755511022,0.2124248496993988,0.006012024048096192,agent_0012
50,481.0,0.014028056112224449,2.382341149787165,0.21806537534740741,499,0.6112224448897795,0.16032064128256512,0.21442885771543085,0.014028056112224449,agent_0012
51,496.0,0.008016032064128256,2.472298571943618,0.2115234140869852,499,0.4468937875751503,0.25851703406813625,0.2865731462925852,0.008016032064128256,agent_0012
52,460.0,0.036072144288577156,3.0521943062889734,0.20517771166437562,499,0.4168336673346693,0.2785571142284569,0.2685370741482966,0.036072144288577156,agent_0012
53,493.0,0.006012024048096192,2.6891603997950946,0.19902238031444436,499,0.35470941883767537,0.3246492985971944,0.31462925851703405,0.006012024048096192,agent_0012
54,487.0,0.014028056112224449,2.682208935305414,0.19305170890501103,499,0.45490981963927857,0.2605210420841683,0.27054108216432865,0.014028056112224449,agent_0012
55,493.0,0.01002004008016032,2.541065745809463,0.1872601576378607,499,0.5290581162324649,0.250501002004008,0.21042084168336672,0.01002004008016032,agent_0012
56,466.0,0.03406813627254509,2.7012227185834443,0.18164235290872485,499,0.6032064128256514,0.17234468937875752,0.1903807615230461,0.03406813627254509,agent_0012
57,466.0,0.03406813627254509,2.7659278433976375,0.1761930823214631,499,0.49298597194388777,0.2605210420841683,0.2124248496993988,0.03406813627254509,agent_0012
58,487.0,0.018036072144288578,2.8120608149343473,0.17090728985181922,499,0.45090180360721444,0.280561122244489,0.250501002004008,0.018036072144288578,agent_0012
59,475.0,0.036072144288577156,2.903625487688108,0.16578007115626464,499,0.5070140280561122,0.24448897795591182,0.2124248496993988,0.036072144288577156,agent_0012
60,466.0,0.036072144288577156,2.9490845907836936,0.1608066690215767,499,0.46092184368737477,0.24448897795591182,0.25851703406813625,0.036072144288577156,agent_0012
61,490.0,0.012024048096192385,2.639209859852291,0.1559824689509294,499,0.4468937875751503,0.2565130260521042,0.2845691382765531,0.012024048096192385,agent_0012
62,490.0,0.02404809619238477,2.762785174673766,0.1513029948824015,499,0.48897795591182364,0.24048096192384769,0.24649298597194388,0.02404809619238477,agent_0012
63,475.0,0.03006012024048096,3.0106661063555085,0.14676390503592945,499,0.39478957915831664,0.27655310621242485,0.2985971943887776,0.03006012024048096,agent_0012
64,478.0,0.022044088176352707,2.687796844437764,0.14236098788485158,499,0.4789579158316633,0.250501002004008,0.24849699398797595,0.022044088176352707,agent_0012
65,481.0,0.02404809619238477,2.6493241325399106,0.13809015824830603,499,0.49899799599198397,0.22845691382765532,0.24849699398797595,0.02404809619238477,agent_0012
66,469.0,0.03206412825651302,3.0381605150988755,0.13394745350085685,499,0.3687374749498998,0.280561122244489,0.3186372745490982,0.03206412825651302,agent_0012
67,466.0,0.04408817635270541,3.4672949202836634,0.12992902989583113,499,0.35070140280561124,0.3026052104208417,0.3026052104208417,0.04408817635270541,agent_0012
68,478.0,0.02004008016032064,2.694589995634812,0.1260311589989562,499,0.48697394789579157,0.27655310621242485,0.21643286573146292,0.02004008016032064,agent_0012
69,487.0,0.018036072144288578,2.88419325144848,0.12225022422898751,499,0.3867735470941884,0.3246492985971944,0.27054108216432865,0.018036072144288578,agent_0012
70,487.0,0.02004008016032064,2.7198801942010675,0.11858271750211788,499,0.4749498997995992,0.21643286573146292,0.28857715430861725,0.02004008016032064,agent_0012
71,475.0,0.02404809619238477,2.55736134875183,0.11502523597705434,499,0.5831663326653307,0.20841683366733466,0.1843687374749499,0.02404809619238477,agent_0012
72,496.0,0.006012024048096192,2.5835489755900154,0.1115744788977427,499,0.4909819639278557,0.2605210420841683,0.24248496993987975,0.006012024048096192,agent_0012
73,493.0,0.01002004008016032,2.396173387725611,0.10822724453081042,499,0.5751503006012024,0.20841683366733466,0.20641282565130262,0.01002004008016032,agent_0012
74,475.0,0.026052104208416832,2.6391654053186384,0.10498042719488611,499,0.6232464929859719,0.1683366733466934,0.18236472945891782,0.026052104208416832,agent_0012
75,481.0,0.022044088176352707,2.5380288634250676,0.10183101437903952,499,0.5731462925851704,0.21042084168336672,0.19438877755511022,0.022044088176352707,agent_0012
76,475.0,0.03006012024048096,2.790081674988868,0.09877608394766833,499,0.48096192384769537,0.22845691382765532,0.2605210420841683,0.03006012024048096,agent_0012
77,496.0,0.004008016032064128,2.5848468212310074,0.09581280142923829,499,0.38276553106212424,0.312625250501002,0.30060120240480964,0.004008016032064128,agent_0012
78,481.0,0.02004008016032064,2.86100442869539,0.09293841738636113,499,0.30861723446893785,0.3046092184368738,0.3667334669338677,0.02004008016032064,agent_0012
79,487.0,0.012024048096192385,2.8084078301457627,0.09015026486477029,499,0.3186372745490982,0.3366733466933868,0.33266533066132264,0.012024048096192385,agent_0012
80,490.0,0.01603206412825651,2.8728121063305654,0.08744575691882718,499,0.3346693386773547,0.28857715430861725,0.36072144288577157,0.01603206412825651,agent_0012
81,493.0,0.006012024048096192,2.6498146541860166,0.08482238421126237,499,0.3687374749498998,0.3066132264529058,0.3186372745490982,0.006012024048096192,agent_0012
82,490.0,0.022044088176352707,2.901460105594098,0.0822777126849245,499,0.42685370741482964,0.2685370741482966,0.28256513026052105,0.022044088176352707,agent_0012
83,472.0,0.028056112224448898,2.828815600123197,0.07980938130437676,499,0.47695390781563124,0.23647294589178355,0.25851703406813625,0.028056112224448898,agent_0012
84,499.0,0.004008016032064128,2.3723739981444973,0.07741509986524546,499,0.5711422845691383,0.21042084168336672,0.21442885771543085,0.004008016032064128,agent_0012
85,481.0,0.02404809619238477,2.6387351706349804,0.0750926468692881,499,0.5691382765531062,0.21042084168336672,0.1963927855711423,0.02404809619238477,agent_0012
86,457.0,0.03807615230460922,2.9543299239655134,0.07283986746320946,499,0.3847695390781563,0.2625250501002004,0.31462925851703405,0.03807615230460922,agent_0012
87,481.0,0.022044088176352707,3.00941437687073,0.07065467143931317,499,0.36072144288577157,0.2925851703406814,0.3246492985971944,0.022044088176352707,agent_0012
88,481.0,0.026052104208416832,3.027696891734062,0.06853503129613378,499,0.2785571142284569,0.3466933867735471,0.3486973947895792,0.026052104208416832,agent_0012
89,493.0,0.01002004008016032,2.671764561944108,0.06647898035724976,499,0.4028056112224449,0.29458917835671344,0.2925851703406814,0.01002004008016032,agent_0012
90,466.0,0.03006012024048096,2.765383803882075,0.06448461094653227,499,0.4529058116232465,0.24849699398797595,0.2685370741482966,0.03006012024048096,agent_0012
91,490.0,0.014028056112224449,2.6528942865403224,0.06255007261813629,499,0.4729458917835671,0.23446893787575152,0.2785571142284569,0.014028056112224449,agent_0012
92,487.0,0.018036072144288578,2.804573339766273,0.0606735704395922,499,0.44488977955911824,0.29458917835671344,0.24248496993987975,0.018036072144288578,agent_0012
93,487.0,0.014028056112224449,2.630421546542909,0.05885336332640443,499,0.4589178356713427,0.2745490981963928,0.25250501002004005,0.014028056112224449,agent_0012
94,487.0,0.014028056112224449,2.7589647292038584,0.057087762426612294,499,0.3907815631262525,0.25851703406813625,0.3366733466933868,0.014028056112224449,agent_0012
95,484.0,0.014028056112224449,2.671820358247348,0.05537512955381393,499,0.3927855711422846,0.2845691382765531,0.30861723446893785,0.014028056112224449,agent_0012
96,469.0,0.03006012024048096,2.7841209570440117,0.053713875667199505,499,0.4589178356713427,0.24448897795591182,0.2665330661322645,0.03006012024048096,agent_0012
97,457.0,0.04408817635270541,3.057906845792275,0.05210245939718352,499,0.48096192384769537,0.21442885771543085,0.2605210420841683,0.04408817635270541,agent_0012
98,481.0,0.022044088176352707,2.5933098693167893,0.05053938561526801,499,0.6052104208416834,0.20240480961923848,0.17034068136272545,0.022044088176352707,agent_0012
99,466.0,0.03807615230460922,2.8776817680420375,0.05,499,0.501002004008016,0.22845691382765532,0.23246492985971945,0.03807615230460922,agent_0012
100,490.0,0.01603206412825651,2.776221414118122,0.05,499,0.374749498997996,0.2745490981963928,0.3346693386773547,0.01603206412825651,agent_0012
101,481.0,0.022044088176352707,2.7371148425955125,0.05,499,0.5350701402805611,0.21042084168336672,0.23246492985971945,0.022044088176352707,agent_0012
102,475.0,0.028056112224448898,2.8971025770388033,0.05,499,0.44889779559118237,0.2625250501002004,0.2605210420841683,0.028056112224448898,agent_0012
103,496.0,0.01002004008016032,2.3222673625539967,0.05,499,0.5771543086172345,0.22044088176352705,0.19238476953907815,0.01002004008016032,agent_0012
104,478.0,0.022044088176352707,2.3635053985584262,0.05,499,0.7134268537074149,0.11422845691382766,0.15030060120240482,0.022044088176352707,agent_0012
105,469.0,0.028056112224448898,2.322485956141867,0.05,499,0.7254509018036072,0.12224448897795591,0.12424849699398798,0.028056112224448898,agent_0012
106,460.0,0.036072144288577156,2.540456027954456,0.05,499,0.6513026052104208,0.16633266533066132,0.1462925851703407,0.036072144288577156,agent_0012
107,499.0,0.004008016032064128,2.336223205932532,0.05,499,0.56312625250501,0.19839679358717435,0.23446893787575152,0.004008016032064128,agent_0012
108,499.0,0.01603206412825651,2.940773338416528,0.05,499,0.42685370741482964,0.2745490981963928,0.28256513026052105,0.01603206412825651,agent_0012
109,484.0,0.02004008016032064,2.7231941283996064,0.05,499,0.5090180360721442,0.23847695390781562,0.23246492985971945,0.02004008016032064,agent_0012
110,475.0,0.026052104208416832,2.658123287299935,0.05,499,0.5731462925851704,0.21643286573146292,0.1843687374749499,0.026052104208416832,agent_0012
111,466.0,0.03206412825651302,3.0749815523061237,0.05,499,0.3967935871743487,0.30861723446893785,0.2625250501002004,0.03206412825651302,agent_0012
112,499.0,0.002004008016032064,2.34734279218904,0.05,499,0.49498997995991983,0.23847695390781562,0.26452905811623245,0.002004008016032064,agent_0012
113,499.0,0.004008016032064128,2.373647739095826,0.05,499,0.5110220440881763,0.23246492985971945,0.25250501002004005,0.004008016032064128,agent_0012
114,472.0,0.03406813627254509,3.109355947409712,0.05,499,0.45691382765531063,0.24849699398797595,0.2605210420841683,0.03406813627254509,agent_0012
115,484.0,0.022044088176352707,2.81516424765596,0.05,499,0.5150300601202404,0.23847695390781562,0.22444889779559118,0.022044088176352707,agent_0012
116,478.0,0.03206412825651302,3.0451423334108605,0.05,499,0.3867735470941884,0.2625250501002004,0.3186372745490982,0.03206412825651302,agent_0012
117,463.0,0.04008016032064128,3.1024377544391264,0.05,499,0.4228456913827655,0.280561122244489,0.2565130260521042,0.04008016032064128,agent_0012
118,487.0,0.01603206412825651,2.756039005938269,0.05,499,0.4408817635270541,0.27054108216432865,0.2725450901803607,0.01603206412825651,agent_0012
119,499.0,0.002004008016032064,2.421447053752498,0.05,499,0.47695390781563124,0.22845691382765532,0.2925851703406814,0.002004008016032064,agent_0012
0,472.0,0.036072144288577156,3.0650405512369927,1.0,499,0.4248496993987976,0.23847695390781562,0.30060120240480964,0.036072144288577156,agent_0013
1,493.0,0.01002004008016032,2.563891607821108,0.97,499,0.4849699398797595,0.2565130260521042,0.24849699398797595,0.01002004008016032,agent_0013
2,445.0,0.04609218436873747,2.91741909521005,0.9409,499,0.46693386773547096,0.18036072144288579,0.3066132264529058,0.04609218436873747,agent_0013
3,490.0,0.012024048096192385,2.685110077015261,0.912673,499,0.43887775551102204,0.25851703406813625,0.2905811623246493,0.012024048096192385,agent_0013
4,466.0,0.03206412825651302,2.7802405826511696,0.8852928099999999,499,0.4468937875751503,0.23647294589178355,0.2845691382765531,0.03206412825651302,agent_0013
5,454.0,0.03807615230460922,2.994649930543663,0.8587340256999999,499,0.4348697394789579,0.28256513026052105,0.24448897795591182,0.03807615230460922,agent_0013
6,487.0,0.018036072144288578,2.737065992170063,0.8329720049289999,499,0.4248496993987976,0.3066132264529058,0.250501002004008,0.018036072144288578,agent_0013
7,460.0,0.036072144288577156,2.8634229982039523,0.8079828447811299,499,0.47695390781563124,0.24048096192384769,0.24649298597194388,0.036072144288577156,agent_0013
8,472.0,0.03406813627254509,2.9849798352452828,0.783743359437696,499,0.48096192384769537,0.24048096192384769,0.24448897795591182,0.03406813627254509,agent_0013
9,481.0,0.028056112224448898,2.721037123588317,0.7602310586545651,499,0.531062124248497,0.21643286573146292,0.22444889779559118,0.028056112224448898,agent_0013
10,445.0,0.06012024048096192,3.388793014769122,0.7374241268949281,499,0.5170340681362725,0.2124248496993988,0.21042084168336672,0.06012024048096192,agent_0013
11,466.0,0.03006012024048096,2.936078221500961,0.7153014030880802,499,0.37074148296593185,0.30861723446893785,0.2905811623246493,0.03006012024048096,agent_0013
12,481.0,0.018036072144288578,2.511427768010749,0.6938423609954378,499,0.5891783567134269,0.1903807615230461,0.20240480961923848,0.018036072144288578,agent_0013
13,481.0,0.026052104208416832,2.6501707767962546,0.6730270901655747,499,0.5350701402805611,0.2124248496993988,0.22645290581162325,0.026052104208416832,agent_0013
14,469.0,0.028056112224448898,2.8127264510394796,0.6528362774606075,499,0.4408817635270541,0.24048096192384769,0.2905811623246493,0.028056112224448898,agent_0013
15,466.0,0.036072144288577156,2.973957811611284,0.6332511891367892,499,0.46693386773547096,0.2565130260521042,0.24048096192384769,0.036072144288577156,agent_0013
16,490.0,0.008016032064128256,2.5239721951701846,0.6142536534626856,499,0.43687374749499,0.250501002004008,0.3046092184368738,0.008016032064128256,agent_0013
17,478.0,0.026052104208416832,2.7478148210951767,0.595826043858805,499,0.5250501002004008,0.23046092184368738,0.218436873747495,0.026052104208416832,agent_0013
18,487.0,0.01603206412825651,2.607129252189819,0.5779512625430409,499,0.46693386773547096,0.2685370741482966,0.24849699398797595,0.01603206412825651,agent_0013
19,475.0,0.018036072144288578,2.5512963120152468,0.5606127246667496,499,0.5410821643286573,0.22845691382765532,0.2124248496993988,0.018036072144288578,agent_0013
20,475.0,0.03006012024048096,3.0035704303264574,0.5437943429267471,499,0.46893787575150303,0.24849699398797595,0.25250501002004005,0.03006012024048096,agent_0013
21,472.0,0.028056112224448898,3.0357808521151384,0.5274805126389447,499,0.374749498997996,0.2785571142284569,0.3186372745490982,0.028056112224448898,agent_0013
22,496.0,0.006012024048096192,2.669193525010142,0.5116560972597763,499,0.40681362725450904,0.30060120240480964,0.2865731462925852,0.006012024048096192,agent_0013
23,484.0,0.014028056112224449,2.569512944424993,0.496306414341983,499,0.48096192384769537,0.24448897795591182,0.2605210420841683,0.014028056112224449,agent_0013
24,478.0,0.022044088176352707,2.833341628843023,0.48141722191172354,499,0.45090180360721444,0.2545090180360721,0.2725450901803607,0.022044088176352707,agent_0013
25,493.0,0.01603206412825651,2.656253171073958,0.4669747052543718,499,0.46292585170340683,0.2685370741482966,0.25250501002004005,0.01603206412825651,agent_0013
26,469.0,0.03006012024048096,2.811121052706799,0.4529654640967406,499,0.4789579158316633,0.23446893787575152,0.2565130260521042,0.03006012024048096,agent_0013
27,493.0,0.01002004008016032,2.3966164758665713,0.4393765001738384,499,0.501002004008016,0.21643286573146292,0.2725450901803607,0.01002004008016032,agent_0013
28,493.0,0.014028056112224449,2.5877822786710833,0.42619520516862325,499,0.45490981963927857,0.24649298597194388,0.2845691382765531,0.014028056112224449,agent_0013
29,469.0,0.026052104208416832,2.7179765581790623,0.4134093490135645,499,0.5290581162324649,0.24448897795591182,0.20040080160320642,0.026052104208416832,agent_0013
30,475.0,0.02004008016032064,2.8246581327036413,0.4010070685431576,499,0.3867735470941884,0.3046092184368738,0.28857715430861725,0.02004008016032064,agent_0013
31,499.0,0.01002004008016032,2.6707157361157567,0.38897685648686287,499,0.4529058116232465,0.2745490981963928,0.2625250501002004,0.01002004008016032,agent_0013
32,466.0,0.03206412825651302,2.751761081423337,0.377307550792257,499,0.5270541082164328,0.1843687374749499,0.2565130260521042,0.03206412825651302,agent_0013
33,478.0,0.026052104208416832,2.848267592218836,0.36598832426848926,499,0.4729458917835671,0.2545090180360721,0.24649298597194388,0.026052104208416832,agent_0013
34,469.0,0.03807615230460922,3.0604061076487126,0.35500867454043455,499,0.43286573146292584,0.2685370741482966,0.2605210420841683,0.03807615230460922,agent_0013
35,478.0,0.028056112224448898,3.0243722874970347,0.3443584143042215,499,0.44889779559118237,0.2565130260521042,0.2665330661322645,0.028056112224448898,agent_0013
36,475.0,0.028056112224448898,2.8560300679711195,0.3340276618750948,499,0.49498997995991983,0.23847695390781562,0.23847695390781562,0.028056112224448898,agent_0013
37,496.0,0.01603206412825651,2.94926424658836,0.32400683201884195,499,0.3627254509018036,0.2785571142284569,0.342685370741483,0.01603206412825651,agent_0013
38,469.0,0.03406813627254509,2.8924476926698603,0.3142866270582767,499,0.4308617234468938,0.2545090180360721,0.280561122244489,0.03406813627254509,agent_0013
39,493.0,0.012024048096192385,2.786938713959636,0.3048580282465284,499,0.41282565130260523,0.27054108216432865,0.3046092184368738,0.012024048096192385,agent_0013
40,466.0,0.03006012024048096,3.004761578270124,0.2957122873991326,499,0.4248496993987976,0.2785571142284569,0.2665330661322645,0.03006012024048096,agent_0013
41,475.0,0.028056112224448898,2.726996143645379,0.2868409187771586,499,0.5170340681362725,0.24849699398797595,0.20641282565130262,0.028056112224448898,agent_0013
42,478.0,0.026052104208416832,2.7539109549103773,0.27823569121384384,499,0.5490981963927856,0.22244488977955912,0.20240480961923848,0.026052104208416832,agent_0013
43,466.0,0.04008016032064128,3.06575179542851,0.2698886204774285,499,0.5290581162324649,0.22244488977955912,0.20841683366733466,0.04008016032064128,agent_0013
44,490.0,0.014028056112224449,2.6493327660730586,0.26179196186310566,499,0.5130260521042084,0.24649298597194388,0.22645290581162325,0.014028056112224449,agent_0013
45,469.0,0.028056112224448898,2.771413202595472,0.2539382030072125,499,0.501002004008016,0.22645290581162325,0.24448897795591182,0.028056112224448898,agent_0013
46,496.0,0.006012024048096192,2.5127909368223023,0.2463200569169961,499,0.5150300601202404,0.2124248496993988,0.2665330661322645,0.006012024048096192,agent_0013
47,475.0,0.026052104208416832,2.6903411563879707,0.23893045520948622,499,0.5591182364729459,0.19438877755511022,0.22044088176352705,0.026052104208416832,agent_0013
48,499.0,0.0,2.4067735664403482,0.23176254155320164,499,0.42084168336673344,0.250501002004008,0.3286573146292585,0.0,agent_0013
49,463.0,0.026052104208416832,2.753005905387614,0.2248096653066056,499,0.45490981963927857,0.24248496993987975,0.27655310621242485,0.026052104208416832,agent_0013
50,496.0,0.008016032064128256,2.422194630766489,0.21806537534740741,499,0.4969939879759519,0.23847695390781562,0.2565130260521042,0.008016032064128256,agent_0013
51,460.0,0.036072144288577156,3.0079713468118676,0.2115234140869852,499,0.46292585170340683,0.2745490981963928,0.22645290581162325,0.036072144288577156,agent_0013
52,487.0,0.01002004008016032,2.588331993546367,0.20517771166437562,499,0.4348697394789579,0.28857715430861725,0.2665330661322645,0.01002004008016032,agent_0013
53,481.0,0.022044088176352707,2.8594641001900367,0.19902238031444436,499,0.43687374749499,0.26452905811623245,0.27655310621242485,0.022044088176352707,agent_0013
54,493.0,0.01002004008016032,2.5659091735498976,0.19305170890501103,499,0.5130260521042084,0.250501002004008,0.22645290581162325,0.01002004008016032,agent_0013
55,463.0,0.036072144288577156,3.047493454190416,0.1872601576378607,499,0.4168336673346693,0.24649298597194388,0.30060120240480964,0.036072144288577156,agent_0013
56,454.0,0.04208416833667335,3.0708781571306654,0.18164235290872485,499,0.3927855711422846,0.2905811623246493,0.2745490981963928,0.04208416833667335,agent_0013
57,487.0,0.018036072144288578,2.7027529420381278,0.1761930823214631,499,0.5070140280561122,0.23647294589178355,0.23847695390781562,0.018036072144288578,agent_0013
58,472.0,0.03807615230460922,2.9741483549022014,0.17090728985181922,499,0.46292585170340683,0.250501002004008,0.24849699398797595,0.03807615230460922,agent_0013
59,463.0,0.03807615230460922,3.026296331665322,0.16578007115626464,499,0.4288577154308617,0.250501002004008,0.28256513026052105,0.03807615230460922,agent_0013
60,490.0,0.012024048096192385,2.488573476298313,0.1608066690215767,499,0.5430861723446894,0.20240480961923848,0.24248496993987975,0.012024048096192385,agent_0013
61,478.0,0.03406813627254509,2.742638343359793,0.1559824689509294,499,0.5771543086172345,0.17635270541082165,0.2124248496993988,0.03406813627254509,agent_0013
62,460.0,0.04208416833667335,2.8523764684000983,0.1513029948824015,499,0.5430861723446894,0.17234468937875752,0.24248496993987975,0.04208416833667335,agent_0013
63,478.0,0.022044088176352707,2.5553592979854796,0.14676390503592945,499,0.5490981963927856,0.20440881763527055,0.22444889779559118,0.022044088176352707,agent_0013
64,475.0,0.026052104208416832,2.5949564270185363,0.14236098788485158,499,0.5571142284569138,0.20440881763527055,0.2124248496993988,0.026052104208416832,agent_0013
65,454.0,0.04208416833667335,3.074751634616583,0.13809015824830603,499,0.48697394789579157,0.24448897795591182,0.22645290581162325,0.04208416833667335,agent_0013
66,445.0,0.052104208416833664,3.3092237691177884,0.13394745350085685,499,0.45090180360721444,0.24649298597194388,0.250501002004008,0.052104208416833664,agent_0013
67,478.0,0.022044088176352707,2.657432311669809,0.12992902989583113,499,0.48296593186372744,0.2745490981963928,0.22044088176352705,0.022044088176352707,agent_0013
68,484.0,0.02004008016032064,2.8074771214405203,0.1260311589989562,499,0.4729458917835671,0.280561122244489,0.22645290581162325,0.02004008016032064,agent_0013
69,487.0,0.02004008016032064,2.758372454046286,0.12225022422898751,499,0.4729458917835671,0.23446893787575152,0.2725450901803607,0.02004008016032064,agent_0013
70,475.0,0.022044088176352707,2.7210892038483347,0.11858271750211788,499,0.4529058116232465,0.2625250501002004,0.2625250501002004,0.022044088176352707,agent_0013
71,496.0,0.008016032064128256,2.627883583285546,0.11502523597705434,499,0.48697394789579157,0.2665330661322645,0.23847695390781562,0.008016032064128256,agent_0013
72,466.0,0.03406813627254509,2.6799353079454207,0.1115744788977427,499,0.5691382765531062,0.20040080160320642,0.1963927855711423,0.03406813627254509,agent_0013
73,475.0,0.026052104208416832,2.7537074275852147,0.10822724453081042,499,0.561122244488978,0.20641282565130262,0.20641282565130262,0.026052104208416832,agent_0013
74,481.0,0.022044088176352707,2.566076019505087,0.10498042719488611,499,0.5450901803607214,0.21643286573146292,0.21643286573146292,0.022044088176352707,agent_0013
75,475.0,0.03006012024048096,2.8072861601499493,0.10183101437903952,499,0.48697394789579157,0.22645290581162325,0.2565130260521042,0.03006012024048096,agent_0013
76,496.0,0.004008016032064128,2.1970853114930264,0.09877608394766833,499,0.6032064128256514,0.19238476953907815,0.20040080160320642,0.004008016032064128,agent_0013
77,466.0,0.03006012024048096,2.4054383118087967,0.09581280142923829,499,0.6412825651302605,0.13026052104208416,0.19839679358717435,0.03006012024048096,agent_0013
78,490.0,0.01002004008016032,2.5593327201095097,0.09293841738636113,499,0.503006012024048,0.23446893787575152,0.25250501002004005,0.01002004008016032,agent_0013
79,490.0,0.014028056112224449,2.763237174439966,0.09015026486477029,499,0.4088176352705411,0.2865731462925852,0.2905811623246493,0.014028056112224449,agent_0013
80,493.0,0.006012024048096192,2.3729802725051803,0.08744575691882718,499,0.5470941883767535,0.21042084168336672,0.23647294589178355,0.006012024048096192,agent_0013
81,487.0,0.02404809619238477,2.7693112012921026,0.08482238421126237,499,0.503006012024048,0.22645290581162325,0.24649298597194388,0.02404809619238477,agent_0013
82,472.0,0.028056112224448898,2.7801487037648864,0.0822777126849245,499,0.4849699398797595,0.22444889779559118,0.2625250501002004,0.028056112224448898,agent_0013
83,499.0,0.004008016032064128,2.4557157353259735,0.07980938130437676,499,0.5410821643286573,0.22845691382765532,0.22645290581162325,0.004008016032064128,agent_0013
84,481.0,0.02404809619238477,2.7624188061543618,0.07741509986524546,499,0.5070140280561122,0.24248496993987975,0.22645290581162325,0.02404809619238477,agent_0013
85,454.0,0.04208416833667335,2.772464646787717,0.0750926468692881,499,0.5891783567134269,0.1843687374749499,0.1843687374749499,0.04208416833667335,agent_0013
86,484.0,0.022044088176352707,2.6752536683135415,0.07283986746320946,499,0.6152304609218436,0.17635270541082165,0.18637274549098196,0.022044088176352707,agent_0013
87,484.0,0.022044088176352707,2.362185582414367,0.07065467143931317,499,0.6673346693386774,0.1462925851703407,0.16432865731462926,0.022044088176352707,agent_0013
88,493.0,0.01002004008016032,2.3949339697641636,0.06853503129613378,499,0.5971943887775552,0.1963927855711423,0.1963927855711423,0.01002004008016032,agent_0013
89,466.0,0.028056112224448898,2.1668010057320815,0.06647898035724976,499,0.8496993987975952,0.050100200400801605,0.07214428857715431,0.028056112224448898,agent_0013
90,490.0,0.014028056112224449,2.5583797113233007,0.06448461094653227,499,0.5430861723446894,0.21042084168336672,0.23246492985971945,0.014028056112224449,agent_0013
91,487.0,0.018036072144288578,2.7062578664425607,0.06255007261813629,499,0.5190380761523046,0.27655310621242485,0.18637274549098196,0.018036072144288578,agent_0013
92,487.0,0.014028056112224449,2.6336787192187234,0.0606735704395922,499,0.4649298597194389,0.27054108216432865,0.250501002004008,0.014028056112224449,agent_0013
93,487.0,0.014028056112224449,2.826445553544861,0.05885336332640443,499,0.35070140280561124,0.2845691382765531,0.35070140280561124,0.014028056112224449,agent_0013
94,484.0,0.014028056112224449,2.574612629615351,0.057087762426612294,499,0.5110220440881763,0.23046092184368738,0.24448897795591182,0.014028056112224449,agent_0013
95,478.0,0.022044088176352707,2.713617123189613,0.05537512955381393,499,0.49298597194388777,0.25250501002004005,0.23246492985971945,0.022044088176352707,agent_0013
96,457.0,0.04408817635270541,3.0520141316334595,0.053713875667199505,499,0.4789579158316633,0.2124248496993988,0.26452905811623245,0.04408817635270541,agent_0013
97,481.0,0.022044088176352707,2.7408615365095077,0.05210245939718352,499,0.48897795591182364,0.2605210420841683,0.22845691382765532,0.022044088176352707,agent_0013
98,457.0,0.04408817635270541,3.076549040085505,0.05053938561526801,499,0.39879759519038077,0.2545090180360721,0.3026052104208417,0.04408817635270541,agent_0013
99,490.0,0.01603206412825651,2.7017417908987955,0.05,499,0.45090180360721444,0.24248496993987975,0.2905811623246493,0.01603206412825651,agent_0013
100,472.0,0.026052104208416832,2.646978223351799,0.05,499,0.5751503006012024,0.1903807615230461,0.20841683366733466,0.026052104208416832,agent_0013
101,475.0,0.028056112224448898,2.8599996493214825,0.05,499,0.46693386773547096,0.250501002004008,0.2545090180360721,0.028056112224448898,agent_0013
102,496.0,0.01002004008016032,2.625914894990633,0.05,499,0.3527054108216433,0.32064128256513025,0.3166332665330661,0.01002004008016032,agent_0013
103,475.0,0.028056112224448898,3.133718773641072,0.05,499,0.3246492985971944,0.3226452905811623,0.3246492985971944,0.028056112224448898,agent_0013
104,466.0,0.03206412825651302,2.9442179772360664,0.05,499,0.3306613226452906,0.3346693386773547,0.3026052104208417,0.03206412825651302,agent_0013
105,460.0,0.036072144288577156,2.9512500014335092,0.05,499,0.37074148296593185,0.3246492985971944,0.2685370741482966,0.036072144288577156,agent_0013
106,496.0,0.008016032064128256,2.7424175346868807,0.05,499,0.3466933867735471,0.2965931863727455,0.3486973947895792,0.008016032064128256,agent_0013
107,499.0,0.014028056112224449,3.0117836007725014,0.05,499,0.3346693386773547,0.32064128256513025,0.3306613226452906,0.014028056112224449,agent_0013
108,484.0,0.02004008016032064,2.877571584949629,0.05,499,0.3867735470941884,0.3046092184368738,0.28857715430861725,0.02004008016032064,agent_0013
109,475.0,0.026052104208416832,2.835361693831568,0.05,499,0.49298597194388777,0.2685370741482966,0.2124248496993988,0.026052104208416832,agent_0013
110,469.0,0.03406813627254509,3.055615624197702,0.05,499,0.4348697394789579,0.27655310621242485,0.2545090180360721,0.03406813627254509,agent_0013
111,499.0,0.002004008016032064,2.3897576859750274,0.05,499,0.4849699398797595,0.23446893787575152,0.2785571142284569,0.002004008016032064,agent_0013
112,499.0,0.004008016032064128,2.5269194880443746,0.05,499,0.4408817635270541,0.280561122244489,0.2745490981963928,0.004008016032064128,agent_0013
113,466.0,0.036072144288577156,3.226000566734741,0.05,499,0.3807615230460922,0.2845691382765531,0.2985971943887776,0.036072144288577156,agent_0013
114,475.0,0.026052104208416832,2.908393937602356,0.05,499,0.48096192384769537,0.2545090180360721,0.23847695390781562,0.026052104208416832,agent_0013
115,478.0,0.03206412825651302,2.9476147334148832,0.05,499,0.4468937875751503,0.23046092184368738,0.2905811623246493,0.03206412825651302,agent_0013
116,457.0,0.04408817635270541,3.1006983454307937,0.05,499,0.4649298597194389,0.26452905811623245,0.22645290581162325,0.04408817635270541,agent_0013
117,493.0,0.012024048096192385,2.610618345084066,0.05,499,0.501002004008016,0.23847695390781562,0.24849699398797595,0.012024048096192385,agent_0013
118,499.0,0.002004008016032064,2.5064049190092716,0.05,499,0.4188376753507014,0.2625250501002004,0.3166332665330661,0.002004008016032064,agent_0013
119,478.0,0.022044088176352707,2.6676842484961525,0.05,499,0.46893787575150303,0.23246492985971945,0.27655310621242485,0.022044088176352707,agent_0013
0,493.0,0.01002004008016032,2.5419746424633254,1.0,499,0.48096192384769537,0.24849699398797595,0.2605210420841683,0.01002004008016032,agent_0014
1,445.0,0.04609218436873747,2.9772917525394242,0.97,499,0.43687374749499,0.20841683366733466,0.30861723446893785,0.04609218436873747,agent_0014
2,487.0,0.014028056112224449,2.6997562210040797,0.9409,499,0.45090180360721444,0.24849699398797595,0.2865731462925852,0.014028056112224449,agent_0014
3,466.0,0.03206412825651302,2.804880755239216,0.912673,499,0.43887775551102204,0.24849699398797595,0.280561122244489,0.03206412825651302,agent_0014
4,466.0,0.03006012024048096,2.9069837127112916,0.8852928099999999,499,0.4088176352705411,0.29458917835671344,0.2665330661322645,0.03006012024048096,agent_0014
5,484.0,0.02004008016032064,2.8031866167741715,0.8587340256999999,499,0.4088176352705411,0.3186372745490982,0.25250501002004005,0.02004008016032064,agent_0014
6,460.0,0.036072144288577156,2.874127173994681,0.8329720049289999,499,0.46092184368737477,0.24248496993987975,0.2605210420841683,0.036072144288577156,agent_0014
7,472.0,0.03406813627254509,3.0209687419464766,0.8079828447811299,499,0.46092184368737477,0.2685370741482966,0.23647294589178355,0.03406813627254509,agent_0014
8,481.0,0.028056112224448898,2.864618360748028,0.783743359437696,499,0.4308617234468938,0.2845691382765531,0.2565130260521042,0.028056112224448898,agent_0014
9,442.0,0.06012024048096192,3.394342279784825,0.7602310586545651,499,0.45090180360721444,0.2665330661322645,0.22244488977955912,0.06012024048096192,agent_0014
10,481.0,0.018036072144288578,2.7481946531891785,0.7374241268949281,499,0.3907815631262525,0.2905811623246493,0.30060120240480964,0.018036072144288578,agent_0014
11,481.0,0.018036072144288578,2.7401968650117823,0.7153014030880802,499,0.46092184368737477,0.27054108216432865,0.250501002004008,0.018036072144288578,agent_0014
12,481.0,0.026052104208416832,2.787261091248634,0.6938423609954378,499,0.46693386773547096,0.26452905811623245,0.24248496993987975,0.026052104208416832,agent_0014
13,469.0,0.028056112224448898,2.7901446082770933,0.6730270901655747,499,0.4168336673346693,0.24649298597194388,0.30861723446893785,0.028056112224448898,agent_0014
14,466.0,0.036072144288577156,2.943421335575137,0.6528362774606075,499,0.45490981963927857,0.2685370741482966,0.24048096192384769,0.036072144288577156,agent_0014
15,490.0,0.008016032064128256,2.49424539669622,0.6332511891367892,499,0.4468937875751503,0.23246492985971945,0.312625250501002,0.008016032064128256,agent_0014
16,478.0,0.026052104208416832,2.8689450301584425,0.6142536534626856,499,0.46292585170340683,0.2665330661322645,0.24448897795591182,0.026052104208416832,agent_0014
17,481.0,0.02004008016032064,2.609182152505274,0.595826043858805,499,0.503006012024048,0.23246492985971945,0.24448897795591182,0.02004008016032064,agent_0014
18,475.0,0.018036072144288578,2.574034745738327,0.5779512625430409,499,0.5290581162324649,0.23246492985971945,0.22044088176352705,0.018036072144288578,agent_0014
19,475.0,0.03006012024048096,2.9188609912621977,0.5606127246667496,499,0.501002004008016,0.21643286573146292,0.25250501002004005,0.03006012024048096,agent_0014
20,472.0,0.028056112224448898,2.9778933619283725,0.5437943429267471,499,0.4348697394789579,0.2545090180360721,0.28256513026052105,0.028056112224448898,agent_0014
21,496.0,0.006012024048096192,2.46159555321071,0.5274805126389447,499,0.533066132264529,0.22244488977955912,0.23847695390781562,0.006012024048096192,agent_0014
22,484.0,0.014028056112224449,2.443487579008159,0.5116560972597763,499,0.5571142284569138,0.22244488977955912,0.20641282565130262,0.014028056112224449,agent_0014
23,478.0,0.022044088176352707,2.7256284865008253,0.496306414341983,499,0.531062124248497,0.22044088176352705,0.22645290581162325,0.022044088176352707,agent_0014
24,493.0,0.01603206412825651,2.5187010223673654,0.48141722191172354,499,0.5410821643286573,0.21643286573146292,0.22645290581162325,0.01603206412825651,agent_0014
25,460.0,0.036072144288577156,2.869713797081569,0.4669747052543718,499,0.4849699398797595,0.22645290581162325,0.25250501002004005,0.036072144288577156,agent_0014
26,493.0,0.01002004008016032,2.391077294070316,0.4529654640967406,499,0.5210420841683366,0.21042084168336672,0.25851703406813625,0.01002004008016032,agent_0014
27,490.0,0.01002004008016032,2.3072223740980538,0.4393765001738384,499,0.5290581162324649,0.20641282565130262,0.2545090180360721,0.01002004008016032,agent_0014
28,469.0,0.026052104208416832,2.78717384635424,0.42619520516862325,499,0.4909819639278557,0.2605210420841683,0.22244488977955912,0.026052104208416832,agent_0014
29,469.0,0.02404809619238477,2.8927574767909072,0.4134093490135645,499,0.3727454909819639,0.3226452905811623,0.280561122244489,0.02404809619238477,agent_0014
30,499.0,0.01002004008016032,2.6246443315318366,0.4010070685431576,499,0.44288577154308617,0.2605210420841683,0.2865731462925852,0.01002004008016032,agent_0014
31,466.0,0.03206412825651302,2.9234026216582856,0.38897685648686287,499,0.4188376753507014,0.250501002004008,0.2985971943887776,0.03206412825651302,agent_0014
32,478.0,0.026052104208416832,2.813804115118998,0.377307550792257,499,0.4729458917835671,0.2605210420841683,0.24048096192384769,0.026052104208416832,agent_0014
33,466.0,0.03807615230460922,3.0696141422795447,0.36598832426848926,499,0.3907815631262525,0.2965931863727455,0.2745490981963928,0.03807615230460922,agent_0014
34,469.0,0.03406813627254509,3.125872779291607,0.35500867454043455,499,0.4348697394789579,0.2685370741482966,0.2625250501002004,0.03406813627254509,agent_0014
35,472.0,0.03006012024048096,2.8790784280942976,0.3443584143042215,499,0.5270541082164328,0.23847695390781562,0.20440881763527055,0.03006012024048096,agent_0014
36,496.0,0.01603206412825651,2.790630816391392,0.3340276618750948,499,0.48096192384769537,0.23446893787575152,0.2685370741482966,0.01603206412825651,agent_0014
37,469.0,0.03406813627254509,2.904657080979706,0.32400683201884195,499,0.4408817635270541,0.250501002004008,0.2745490981963928,0.03406813627254509,agent_0014
38,490.0,0.01603206412825651,2.9296287635488216,0.3142866270582767,499,0.3727454909819639,0.3046092184368738,0.3066132264529058,0.01603206412825651,agent_0014
39,466.0,0.03006012024048096,2.8452651035323533,0.3048580282465284,499,0.5090180360721442,0.23647294589178355,0.22444889779559118,0.03006012024048096,agent_0014
40,478.0,0.02404809619238477,2.763240700852576,0.2957122873991326,499,0.42685370741482964,0.2725450901803607,0.27655310621242485,0.02404809619238477,agent_0014
41,478.0,0.026052104208416832,2.9067905485769203,0.2868409187771586,499,0.45490981963927857,0.2625250501002004,0.2565130260521042,0.026052104208416832,agent_0014
42,466.0,0.03807615230460922,3.155427638913038,0.27823569121384384,499,0.3927855711422846,0.30861723446893785,0.2605210420841683,0.03807615230460922,agent_0014
43,490.0,0.012024048096192385,2.65156904616225,0.2698886204774285,499,0.46292585170340683,0.25851703406813625,0.2665330661322645,0.012024048096192385,agent_0014
44,469.0,0.028056112224448898,2.8380728462915092,0.26179196186310566,499,0.4468937875751503,0.250501002004008,0.2745490981963928,0.028056112224448898,agent_0014
45,496.0,0.006012024048096192,2.5368766647476706,0.2539382030072125,499,0.48697394789579157,0.22645290581162325,0.280561122244489,0.006012024048096192,agent_0014
46,472.0,0.03006012024048096,2.761660059477343,0.2463200569169961,499,0.5170340681362725,0.20841683366733466,0.24448897795591182,0.03006012024048096,agent_0014
47,499.0,0.0,2.02584962418343,0.23893045520948622,499,0.6292585170340681,0.16432865731462926,0.20641282565130262,0.0,agent_0014
48,463.0,0.026052104208416832,2.466013065591979,0.23176254155320164,499,0.6633266533066132,0.1282565130260521,0.18236472945891782,0.026052104208416832,agent_0014
49,496.0,0.008016032064128256,2.391862978018776,0.2248096653066056,499,0.49298597194388777,0.23246492985971945,0.2665330661322645,0.008016032064128256,agent_0014
50,460.0,0.036072144288577156,3.0458733287991144,0.21806537534740741,499,0.4188376753507014,0.2785571142284569,0.2665330661322645,0.036072144288577156,agent_0014
51,490.0,0.01002004008016032,2.5392881688863285,0.2115234140869852,499,0.4408817635270541,0.2745490981963928,0.2745490981963928,0.01002004008016032,agent_0014
52,484.0,0.01603206412825651,2.8484521200617956,0.20517771166437562,499,0.3687374749498998,0.3026052104208417,0.312625250501002,0.01603206412825651,agent_0014
53,493.0,0.01002004008016032,2.603708764721604,0.19902238031444436,499,0.4969939879759519,0.2685370741482966,0.22444889779559118,0.01002004008016032,agent_0014
54,466.0,0.03406813627254509,2.803624174340708,0.19305170890501103,499,0.5490981963927856,0.18837675350701402,0.22845691382765532,0.03406813627254509,agent_0014
55,457.0,0.04008016032064128,2.9798415468689123,0.1872601576378607,499,0.40480961923847697,0.29458917835671344,0.2605210420841683,0.04008016032064128,agent_0014
56,487.0,0.018036072144288578,2.9750098082765923,0.18164235290872485,499,0.35671342685370744,0.3286573146292585,0.2965931863727455,0.018036072144288578,agent_0014
57,472.0,0.03807615230460922,3.10195575009149,0.1761930823214631,499,0.40080160320641284,0.2985971943887776,0.2625250501002004,0.03807615230460922,agent_0014
58,466.0,0.03406813627254509,3.0127614944506425,0.17090728985181922,499,0.39478957915831664,0.27655310621242485,0.29458917835671344,0.03406813627254509,agent_0014
59,490.0,0.012024048096192385,2.793523484919071,0.16578007115626464,499,0.35671342685370744,0.30861723446893785,0.3226452905811623,0.012024048096192385,agent_0014
60,490.0,0.02404809619238477,2.9594001625942847,0.1608066690215767,499,0.3587174348697395,0.3106212424849699,0.3066132264529058,0.02404809619238477,agent_0014
61,466.0,0.036072144288577156,2.8997038088945675,0.1559824689509294,499,0.46693386773547096,0.21442885771543085,0.28256513026052105,0.036072144288577156,agent_0014
62,478.0,0.022044088176352707,2.6155442916631824,0.1513029948824015,499,0.5210420841683366,0.22044088176352705,0.23647294589178355,0.022044088176352707,agent_0014
63,481.0,0.02404809619238477,2.60548952124058,0.14676390503592945,499,0.5250501002004008,0.23046092184368738,0.22044088176352705,0.02404809619238477,agent_0014
64,469.0,0.03206412825651302,2.8575939851704466,0.14236098788485158,499,0.5170340681362725,0.21442885771543085,0.23647294589178355,0.03206412825651302,agent_0014
65,457.0,0.04609218436873747,3.2662711582325,0.13809015824830603,499,0.45691382765531063,0.25250501002004005,0.24448897795591182,0.04609218436873747,agent_0014
66,478.0,0.02004008016032064,2.480256612271741,0.13394745350085685,499,0.6312625250501002,0.18837675350701402,0.16032064128256512,0.02004008016032064,agent_0014
67,484.0,0.02004008016032064,2.716121373299978,0.12992902989583113,499,0.531062124248497,0.24048096192384769,0.20841683366733466,0.02004008016032064,agent_0014
68,487.0,0.02004008016032064,2.75262635320378,0.1260311589989562,499,0.46292585170340683,0.23046092184368738,0.2865731462925852,0.02004008016032064,agent_0014
69,484.0,0.014028056112224449,2.7436307904916766,0.12225022422898751,499,0.3366733466933868,0.3066132264529058,0.342685370741483,0.014028056112224449,agent_0014
70,490.0,0.012024048096192385,2.816599154284879,0.11858271750211788,499,0.3847695390781563,0.312625250501002,0.2905811623246493,0.012024048096192385,agent_0014
71,466.0,0.03406813627254509,2.894617880279217,0.11502523597705434,499,0.4408817635270541,0.27054108216432865,0.2545090180360721,0.03406813627254509,agent_0014
72,475.0,0.026052104208416832,2.534108933402101,0.1115744788977427,499,0.6813627254509018,0.13627254509018036,0.156312625250501,0.026052104208416832,agent_0014
73,481.0,0.022044088176352707,2.4738600077772914,0.10822724453081042,499,0.5891783567134269,0.18637274549098196,0.20240480961923848,0.022044088176352707,agent_0014
74,475.0,0.03006012024048096,2.8108600311597236,0.10498042719488611,499,0.46292585170340683,0.24849699398797595,0.25851703406813625,0.03006012024048096,agent_0014
75,496.0,0.004008016032064128,2.2116314448583942,0.10183101437903952,499,0.6012024048096193,0.20841683366733466,0.18637274549098196,0.004008016032064128,agent_0014
76,481.0,0.022044088176352707,2.780187962292283,0.09877608394766833,499,0.4148296593186373,0.27655310621242485,0.2865731462925852,0.022044088176352707,agent_0014
77,490.0,0.01002004008016032,2.6035982379310396,0.09581280142923829,499,0.46292585170340683,0.2685370741482966,0.25851703406813625,0.01002004008016032,agent_0014
78,490.0,0.014028056112224449,2.6286334613898283,0.09293841738636113,499,0.4969939879759519,0.22244488977955912,0.2665330661322645,0.014028056112224449,agent_0014
79,493.0,0.006012024048096192,2.60181353604445,0.09015026486477029,499,0.37675350701402804,0.28256513026052105,0.3346693386773547,0.006012024048096192,agent_0014
80,487.0,0.02404809619238477,2.6368802377508667,0.08744575691882718,499,0.591182364729459,0.17635270541082165,0.20841683366733466,0.02404809619238477,agent_0014
81,472.0,0.028056112224448898,2.8057521371972087,0.08482238421126237,499,0.48296593186372744,0.23246492985971945,0.2565130260521042,0.028056112224448898,agent_0014
82,499.0,0.006012024048096192,2.6126527881968045,0.0822777126849245,499,0.46292585170340683,0.28256513026052105,0.24849699398797595,0.006012024048096192,agent_0014
83,481.0,0.02404809619238477,2.8832692335076673,0.07980938130437676,499,0.4408817635270541,0.27054108216432865,0.26452905811623245,0.02404809619238477,agent_0014
84,448.0,0.04609218436873747,2.928494739097315,0.07741509986524546,499,0.5150300601202404,0.20641282565130262,0.23246492985971945,0.04609218436873747,agent_0014
85,481.0,0.022044088176352707,2.9224111104500072,0.0750926468692881,499,0.4148296593186373,0.250501002004008,0.312625250501002,0.022044088176352707,agent_0014
86,490.0,0.01603206412825651,2.7229597638731122,0.07283986746320946,499,0.374749498997996,0.3046092184368738,0.3046092184368738,0.01603206412825651,agent_0014
87,490.0,0.012024048096192385,2.5682402270165725,0.07065467143931317,499,0.4729458917835671,0.27054108216432865,0.24448897795591182,0.012024048096192385,agent_0014
88,466.0,0.028056112224448898,2.6747433689793025,0.06853503129613378,499,0.531062124248497,0.22044088176352705,0.22044088176352705,0.028056112224448898,agent_0014
89,490.0,0.014028056112224449,2.707247222912869,0.06647898035724976,499,0.4589178356713427,0.25851703406813625,0.2685370741482966,0.014028056112224449,agent_0014
90,487.0,0.01603206412825651,2.7356494843705748,0.06448461094653227,499,0.4408817635270541,0.2925851703406814,0.250501002004008,0.01603206412825651,agent_0014
91,487.0,0.014028056112224449,2.641304951065107,0.06255007261813629,499,0.4649298597194389,0.2685370741482966,0.25250501002004005,0.014028056112224449,agent_0014
92,487.0,0.014028056112224449,2.700561616988275,0.0606735704395922,499,0.46092184368737477,0.24248496993987975,0.28256513026052105,0.014028056112224449,agent_0014
93,484.0,0.014028056112224449,2.484776867650921,0.05885336332640443,499,0.5731462925851704,0.20040080160320642,0.2124248496993988,0.014028056112224449,agent_0014
94,478.0,0.022044088176352707,2.589762977768852,0.057087762426612294,499,0.5450901803607214,0.2124248496993988,0.22044088176352705,0.022044088176352707,agent_0014
95,457.0,0.04408817635270541,3.0291424139315963,0.05537512955381393,499,0.4909819639278557,0.20841683366733466,0.2565130260521042,0.04408817635270541,agent_0014
96,472.0,0.03006012024048096,2.81601950522378,0.053713875667199505,499,0.4789579158316633,0.24448897795591182,0.24649298597194388,0.03006012024048096,agent_0014
97,451.0,0.050100200400801605,3.082445940295446,0.05210245939718352,499,0.4468937875751503,0.22244488977955912,0.280561122244489,0.050100200400801605,agent_0014
98,490.0,0.01603206412825651,2.6055486346047956,0.05053938561526801,499,0.5450901803607214,0.23246492985971945,0.20641282565130262,0.01603206412825651,agent_0014
99,472.0,0.026052104208416832,2.5920116564118816,0.05,499,0.6112224448897795,0.156312625250501,0.20641282565130262,0.026052104208416832,agent_0014
100,475.0,0.028056112224448898,2.9214925419778557,0.05,499,0.43687374749499,0.2725450901803607,0.2625250501002004,0.028056112224448898,agent_0014
101,496.0,0.01002004008016032,2.4813915224021668,0.05,499,0.48296593186372744,0.2625250501002004,0.24448897795591182,0.01002004008016032,agent_0014
102,478.0,0.022044088176352707,2.728261731088329,0.05,499,0.48697394789579157,0.22244488977955912,0.2685370741482966,0.022044088176352707,agent_0014
103,469.0,0.028056112224448898,2.470523793132973,0.05,499,0.5971943887775552,0.19238476953907815,0.18236472945891782,0.028056112224448898,agent_0014
104,460.0,0.036072144288577156,2.463883511013284,0.05,499,0.6953907815631263,0.11823647294589178,0.15030060120240482,0.036072144288577156,agent_0014
105,499.0,0.004008016032064128,2.4769351920646128,0.05,499,0.4709418837675351,0.24248496993987975,0.28256513026052105,0.004008016032064128,agent_0014
106,499.0,0.014028056112224449,2.8077602337913707,0.05,499,0.48096192384769537,0.24849699398797595,0.2565130260521042,0.014028056112224449,agent_0014
107,484.0,0.02004008016032064,2.73261044874278,0.05,499,0.49498997995991983,0.23647294589178355,0.24849699398797595,0.02004008016032064,agent_0014
108,475.0,0.026052104208416832,2.8755552516206633,0.05,499,0.4909819639278557,0.27054108216432865,0.2124248496993988,0.026052104208416832,agent_0014
109,475.0,0.02404809619238477,2.9317221937472033,0.05,499,0.4468937875751503,0.2725450901803607,0.2565130260521042,0.02404809619238477,agent_0014
110,499.0,0.002004008016032064,2.3629261378730515,0.05,499,0.5210420841683366,0.22645290581162325,0.250501002004008,0.002004008016032064,agent_0014
111,499.0,0.004008016032064128,2.4512535832953595,0.05,499,0.4969939879759519,0.2625250501002004,0.23647294589178355,0.004008016032064128,agent_0014
112,460.0,0.04008016032064128,3.2063067405546715,0.05,499,0.4408817635270541,0.2665330661322645,0.25250501002004005,0.04008016032064128,agent_0014
113,475.0,0.026052104208416832,2.701671257396995,0.05,499,0.5991983967935872,0.18236472945891782,0.19238476953907815,0.026052104208416832,agent_0014
114,475.0,0.03406813627254509,3.0569136169104585,0.05,499,0.3867735470941884,0.25851703406813625,0.32064128256513025,0.03406813627254509,agent_0014
115,463.0,0.03807615230460922,2.9392302799660475,0.05,499,0.5230460921843687,0.22044088176352705,0.218436873747495,0.03807615230460922,agent_0014
116,484.0,0.02004008016032064,2.745783589492058,0.05,499,0.5210420841683366,0.22845691382765532,0.23046092184368738,0.02004008016032064,agent_0014
117,499.0,0.002004008016032064,2.1642118656305307,0.05,499,0.657314629258517,0.14829659318637275,0.19238476953907815,0.002004008016032064,agent_0014
118,478.0,0.022044088176352707,2.6927342081356707,0.05,499,0.45490981963927857,0.23046092184368738,0.2925851703406814,0.022044088176352707,agent_0014
119,481.0,0.01603206412825651,2.651997854636463,0.05,499,0.43687374749499,0.280561122244489,0.2665330661322645,0.01603206412825651,agent_0014
0,469.0,0.03006012024048096,2.768315067563541,1.0,499,0.46092184368737477,0.19238476953907815,0.3166332665330661,0.03006012024048096,agent_0015
1,490.0,0.01002004008016032,2.480079748246798,0.97,499,0.5190380761523046,0.20440881763527055,0.2665330661322645,0.01002004008016032,agent_0015
2,463.0,0.03406813627254509,2.776619696106682,0.9409,499,0.46092184368737477,0.21442885771543085,0.2905811623246493,0.03406813627254509,agent_0015
3,451.0,0.04208416833667335,3.1124829457836096,0.912673,499,0.41282565130260523,0.29458917835671344,0.250501002004008,0.04208416833667335,agent_0015
4,484.0,0.02004008016032064,2.72898036392202,0.8852928099999999,499,0.46693386773547096,0.2905811623246493,0.22244488977955912,0.02004008016032064,agent_0015
5,454.0,0.04008016032064128,2.9613277499438966,0.8587340256999999,499,0.4188376753507014,0.2665330661322645,0.2745490981963928,0.04008016032064128,agent_0015
6,472.0,0.03406813627254509,2.9302369234577217,0.8329720049289999,499,0.5110220440881763,0.22845691382765532,0.22645290581162325,0.03406813627254509,agent_0015
7,481.0,0.028056112224448898,2.8072647250755445,0.8079828447811299,499,0.49498997995991983,0.2545090180360721,0.22244488977955912,0.028056112224448898,agent_0015
8,442.0,0.06012024048096192,3.3478207333562517,0.783743359437696,499,0.5130260521042084,0.20841683366733466,0.218436873747495,0.06012024048096192,agent_0015
9,481.0,0.018036072144288578,2.656992814970002,0.7602310586545651,499,0.43286573146292584,0.2565130260521042,0.2925851703406814,0.018036072144288578,agent_0015
10,478.0,0.022044088176352707,2.661277682129317,0.7374241268949281,499,0.5110220440881763,0.23847695390781562,0.22845691382765532,0.022044088176352707,agent_0015
11,481.0,0.028056112224448898,2.7652670511356856,0.7153014030880802,499,0.49298597194388777,0.24048096192384769,0.23847695390781562,0.028056112224448898,agent_0015
12,469.0,0.028056112224448898,2.7748507651093584,0.6938423609954378,499,0.4408817635270541,0.24849699398797595,0.28256513026052105,0.028056112224448898,agent_0015
13,466.0,0.036072144288577156,2.9003605274685547,0.6730270901655747,499,0.5090180360721442,0.23446893787575152,0.22044088176352705,0.036072144288577156,agent_0015
14,490.0,0.008016032064128256,2.524247280459448,0.6528362774606075,499,0.45691382765531063,0.25250501002004005,0.28256513026052105,0.008016032064128256,agent_0015
15,478.0,0.026052104208416832,2.791782866752732,0.6332511891367892,499,0.5230460921843687,0.24649298597194388,0.20440881763527055,0.026052104208416832,agent_0015
16,487.0,0.01603206412825651,2.5265861431542125,0.6142536534626856,499,0.5290581162324649,0.22044088176352705,0.23446893787575152,0.01603206412825651,agent_0015
17,475.0,0.018036072144288578,2.661881558316348,0.595826043858805,499,0.46292585170340683,0.2625250501002004,0.2565130260521042,0.018036072144288578,agent_0015
18,475.0,0.03006012024048096,2.9489237490953393,0.5779512625430409,499,0.4969939879759519,0.22645290581162325,0.24649298597194388,0.03006012024048096,agent_0015
19,472.0,0.028056112224448898,3.0537583677476037,0.5606127246667496,499,0.3807615230460922,0.2745490981963928,0.3166332665330661,0.028056112224448898,agent_0015
20,496.0,0.006012024048096192,2.6060142637280883,0.5437943429267471,499,0.44288577154308617,0.2785571142284569,0.2725450901803607,0.006012024048096192,agent_0015
21,484.0,0.014028056112224449,2.5647209374854496,0.5274805126389447,499,0.4709418837675351,0.2545090180360721,0.2605210420841683,0.014028056112224449,agent_0015
22,478.0,0.022044088176352707,2.7222546447831015,0.5116560972597763,499,0.5450901803607214,0.2124248496993988,0.22044088176352705,0.022044088176352707,agent_0015
23,493.0,0.01603206412825651,2.5962905243731953,0.496306414341983,499,0.5090180360721442,0.24248496993987975,0.23246492985971945,0.01603206412825651,agent_0015
24,478.0,0.022044088176352707,2.8051511386510386,0.48141722191172354,499,0.4308617234468938,0.2545090180360721,0.2925851703406814,0.022044088176352707,agent_0015
25,493.0,0.01002004008016032,2.4000621096769805,0.4669747052543718,499,0.49298597194388777,0.2124248496993988,0.2845691382765531,0.01002004008016032,agent_0015
26,490.0,0.01002004008016032,2.4259736746066363,0.4529654640967406,499,0.4789579158316633,0.22845691382765532,0.28256513026052105,0.01002004008016032,agent_0015
27,463.0,0.03006012024048096,2.8003132097728414,0.4393765001738384,499,0.4909819639278557,0.27054108216432865,0.20841683366733466,0.03006012024048096,agent_0015
28,469.0,0.02404809619238477,2.846714475665345,0.42619520516862325,499,0.3847695390781563,0.3106212424849699,0.280561122244489,0.02404809619238477,agent_0015
29,490.0,0.018036072144288578,2.728732663135419,0.4134093490135645,499,0.4228456913827655,0.2605210420841683,0.2985971943887776,0.018036072144288578,agent_0015
30,466.0,0.03206412825651302,2.917639845717323,0.4010070685431576,499,0.42084168336673344,0.24649298597194388,0.30060120240480964,0.03206412825651302,agent_0015
31,478.0,0.026052104208416832,2.823927202077767,0.38897685648686287,499,0.48897795591182364,0.2625250501002004,0.22244488977955912,0.026052104208416832,agent_0015
32,463.0,0.04408817635270541,2.89287400397042,0.377307550792257,499,0.5370741482965932,0.20040080160320642,0.218436873747495,0.04408817635270541,agent_0015
33,478.0,0.03006012024048096,2.9356483262984288,0.36598832426848926,499,0.5511022044088176,0.22244488977955912,0.1963927855711423,0.03006012024048096,agent_0015
34,475.0,0.028056112224448898,2.867914212018239,0.35500867454043455,499,0.5130260521042084,0.23246492985971945,0.22645290581162325,0.028056112224448898,agent_0015
35,496.0,0.01603206412825651,2.840978573110186,0.3443584143042215,499,0.45691382765531063,0.2545090180360721,0.2725450901803607,0.01603206412825651,agent_0015
36,457.0,0.04208416833667335,2.8574342733947518,0.3340276618750948,499,0.503006012024048,0.2124248496993988,0.24248496993987975,0.04208416833667335,agent_0015
37,490.0,0.01603206412825651,2.849102869830708,0.32400683201884195,499,0.44488977955911824,0.2785571142284569,0.2605210420841683,0.01603206412825651,agent_0015
38,475.0,0.022044088176352707,2.696548872674292,0.3142866270582767,499,0.5150300601202404,0.22845691382765532,0.23446893787575152,0.022044088176352707,agent_0015
39,478.0,0.02404809619238477,2.807236317191599,0.3048580282465284,499,0.4308617234468938,0.28857715430861725,0.2565130260521042,0.02404809619238477,agent_0015
40,478.0,0.026052104208416832,2.7749668407345625,0.2957122873991326,499,0.5290581162324649,0.218436873747495,0.22645290581162325,0.026052104208416832,agent_0015
41,475.0,0.028056112224448898,2.8212666707355174,0.2868409187771586,499,0.5070140280561122,0.22044088176352705,0.24448897795591182,0.028056112224448898,agent_0015
42,490.0,0.012024048096192385,2.8040518964875885,0.27823569121384384,499,0.3787575150300601,0.27054108216432865,0.33867735470941884,0.012024048096192385,agent_0015
43,469.0,0.028056112224448898,2.9434360569835634,0.2698886204774285,499,0.39879759519038077,0.2905811623246493,0.28256513026052105,0.028056112224448898,agent_0015
44,496.0,0.006012024048096192,2.62056675246177,0.26179196186310566,499,0.42685370741482964,0.250501002004008,0.3166332665330661,0.006012024048096192,agent_0015
45,475.0,0.026052104208416832,3.0064944885697966,0.2539382030072125,499,0.3366733466933868,0.3186372745490982,0.3186372745490982,0.026052104208416832,agent_0015
46,499.0,0.0,2.4756143900751675,0.2463200569169961,499,0.3587174348697395,0.2845691382765531,0.35671342685370744,0.0,agent_0015
47,475.0,0.02004008016032064,2.7739221469524225,0.23893045520948622,499,0.44288577154308617,0.2625250501002004,0.2745490981963928,0.02004008016032064,agent_0015
48,496.0,0.008016032064128256,2.56418394890337,0.23176254155320164,499,0.3967935871743487,0.280561122244489,0.31462925851703405,0.008016032064128256,agent_0015
49,469.0,0.03006012024048096,2.9384303786118617,0.2248096653066056,499,0.4529058116232465,0.2605210420841683,0.2565130260521042,0.03006012024048096,agent_0015
50,487.0,0.01002004008016032,2.274760225092315,0.21806537534740741,499,0.6012024048096193,0.1843687374749499,0.20440881763527055,0.01002004008016032,agent_0015
51,481.0,0.018036072144288578,2.636973842493682,0.2115234140869852,499,0.5531062124248497,0.2124248496993988,0.21643286573146292,0.018036072144288578,agent_0015
52,493.0,0.01002004008016032,2.389014939056753,0.20517771166437562,499,0.5991983967935872,0.1903807615230461,0.20040080160320642,0.01002004008016032,agent_0015
53,466.0,0.03406813627254509,2.7960018092612025,0.19902238031444436,499,0.5571142284569138,0.21643286573146292,0.19238476953907815,0.03406813627254509,agent_0015
54,454.0,0.04208416833667335,2.7504063568190533,0.19305170890501103,499,0.5831663326653307,0.20040080160320642,0.1743486973947896,0.04208416833667335,agent_0015
55,487.0,0.018036072144288578,2.68525249346333,0.1872601576378607,499,0.5210420841683366,0.22244488977955912,0.23847695390781562,0.018036072144288578,agent_0015
56,472.0,0.04008016032064128,2.943146976553057,0.18164235290872485,499,0.49899799599198397,0.23446893787575152,0.22645290581162325,0.04008016032064128,agent_0015
57,466.0,0.036072144288577156,3.0521796627350195,0.1761930823214631,499,0.3787575150300601,0.2905811623246493,0.29458917835671344,0.036072144288577156,agent_0015
58,490.0,0.012024048096192385,2.6421086477850877,0.17090728985181922,499,0.44288577154308617,0.250501002004008,0.29458917835671344,0.012024048096192385,agent_0015
59,490.0,0.02404809619238477,2.746435110127632,0.16578007115626464,499,0.5110220440881763,0.22845691382765532,0.23647294589178355,0.02404809619238477,agent_0015
60,463.0,0.04008016032064128,3.0959804990820894,0.1608066690215767,499,0.37675350701402804,0.27655310621242485,0.3066132264529058,0.04008016032064128,agent_0015
61,478.0,0.022044088176352707,2.658365112255946,0.1559824689509294,499,0.47695390781563124,0.23446893787575152,0.2665330661322645,0.022044088176352707,agent_0015
62,478.0,0.026052104208416832,2.383645045938757,0.1513029948824015,499,0.6593186372745491,0.1402805611222445,0.1743486973947896,0.026052104208416832,agent_0015
63,463.0,0.036072144288577156,2.8997473650824075,0.14676390503592945,499,0.5490981963927856,0.21442885771543085,0.20040080160320642,0.036072144288577156,agent_0015
64,460.0,0.04208416833667335,2.9801944052542813,0.14236098788485158,499,0.5991983967935872,0.1743486973947896,0.1843687374749499,0.04208416833667335,agent_0015
65,478.0,0.02004008016032064,2.544629598305834,0.13809015824830603,499,0.5430861723446894,0.23046092184368738,0.20641282565130262,0.02004008016032064,agent_0015
66,487.0,0.018036072144288578,2.820387252256189,0.13394745350085685,499,0.4468937875751503,0.2905811623246493,0.24448897795591182,0.018036072144288578,agent_0015
67,487.0,0.02004008016032064,2.8349077371231286,0.12992902989583113,499,0.3927855711422846,0.24649298597194388,0.3406813627254509,0.02004008016032064,agent_0015
68,469.0,0.03006012024048096,2.9216241485172185,0.1260311589989562,499,0.3366733466933868,0.280561122244489,0.3527054108216433,0.03006012024048096,agent_0015
69,496.0,0.006012024048096192,2.656269084921568,0.12225022422898751,499,0.4228456913827655,0.2985971943887776,0.2725450901803607,0.006012024048096192,agent_0015
70,493.0,0.01002004008016032,2.5918734065371773,0.11858271750211788,499,0.4288577154308617,0.27655310621242485,0.2845691382765531,0.01002004008016032,agent_0015
71,475.0,0.026052104208416832,2.9088692710216066,0.11502523597705434,499,0.43887775551102204,0.25851703406813625,0.27655310621242485,0.026052104208416832,agent_0015
72,481.0,0.022044088176352707,2.5678467560103426,0.1115744788977427,499,0.5410821643286573,0.20440881763527055,0.23246492985971945,0.022044088176352707,agent_0015
73,475.0,0.03006012024048096,2.709603249198815,0.10822724453081042,499,0.5390781563126252,0.20841683366733466,0.22244488977955912,0.03006012024048096,agent_0015
74,496.0,0.004008016032064128,2.4406937649942178,0.10498042719488611,499,0.4849699398797595,0.27054108216432865,0.24048096192384769,0.004008016032064128,agent_0015
75,478.0,0.02404809619238477,2.820868462253544,0.10183101437903952,499,0.40480961923847697,0.2785571142284569,0.2925851703406814,0.02404809619238477,agent_0015
76,490.0,0.01002004008016032,2.6372596915766553,0.09877608394766833,499,0.45691382765531063,0.2565130260521042,0.27655310621242485,0.01002004008016032,agent_0015
77,490.0,0.014028056112224449,2.6672818873999233,0.09581280142923829,499,0.46893787575150303,0.25250501002004005,0.26452905811623245,0.014028056112224449,agent_0015
78,493.0,0.006012024048096192,2.458844924083763,0.09293841738636113,499,0.4909819639278557,0.24048096192384769,0.2625250501002004,0.006012024048096192,agent_0015
79,484.0,0.026052104208416832,2.970271422430245,0.09015026486477029,499,0.4148296593186373,0.2845691382765531,0.2745490981963928,0.026052104208416832,agent_0015
80,463.0,0.03406813627254509,2.887458938232119,0.08744575691882718,499,0.45490981963927857,0.23046092184368738,0.280561122244489,0.03406813627254509,agent_0015
81,499.0,0.006012024048096192,2.7250875845319564,0.08482238421126237,499,0.37074148296593185,0.3166332665330661,0.3066132264529058,0.006012024048096192,agent_0015
82,469.0,0.036072144288577156,3.078419257770476,0.0822777126849245,499,0.3627254509018036,0.2905811623246493,0.3106212424849699,0.036072144288577156,agent_0015
83,451.0,0.04609218436873747,3.084588843907671,0.07980938130437676,499,0.3847695390781563,0.27054108216432865,0.2985971943887776,0.04609218436873747,agent_0015
84,481.0,0.022044088176352707,2.83844229332649,0.07741509986524546,499,0.4909819639278557,0.21442885771543085,0.2725450901803607,0.022044088176352707,agent_0015
85,481.0,0.026052104208416832,2.776519914003861,0.0750926468692881,499,0.45691382765531063,0.25851703406813625,0.25851703406813625,0.026052104208416832,agent_0015
86,493.0,0.01002004008016032,2.681197734021285,0.07283986746320946,499,0.4088176352705411,0.30861723446893785,0.2725450901803607,0.01002004008016032,agent_0015
87,466.0,0.028056112224448898,2.619964923683219,0.07065467143931317,499,0.5851703406813628,0.20040080160320642,0.18637274549098196,0.028056112224448898,agent_0015
88,490.0,0.014028056112224449,2.54125369122487,0.06853503129613378,499,0.5571142284569138,0.2124248496993988,0.21643286573146292,0.014028056112224449,agent_0015
89,487.0,0.01603206412825651,2.5301489282944023,0.06647898035724976,499,0.625250501002004,0.1963927855711423,0.1623246492985972,0.01603206412825651,agent_0015
90,475.0,0.022044088176352707,2.5721550434887366,0.06448461094653227,499,0.591182364729459,0.22044088176352705,0.16633266533066132,0.022044088176352707,agent_0015
91,478.0,0.02004008016032064,2.4711708242497163,0.06255007261813629,499,0.6533066132264529,0.14829659318637275,0.17835671342685372,0.02004008016032064,agent_0015
92,478.0,0.018036072144288578,2.3859599326805307,0.0606735704395922,499,0.6472945891783567,0.156312625250501,0.17835671342685372,0.018036072144288578,agent_0015
93,469.0,0.03006012024048096,2.6833446472504505,0.05885336332640443,499,0.5531062124248497,0.20641282565130262,0.21042084168336672,0.03006012024048096,agent_0015
94,445.0,0.052104208416833664,3.28499810652202,0.057087762426612294,499,0.42084168336673344,0.22444889779559118,0.3026052104208417,0.052104208416833664,agent_0015
95,481.0,0.022044088176352707,2.954516656057156,0.05537512955381393,499,0.3246492985971944,0.3186372745490982,0.3346693386773547,0.022044088176352707,agent_0015
96,439.0,0.056112224448897796,3.2381745293223667,0.053713875667199505,499,0.37675350701402804,0.2545090180360721,0.312625250501002,0.056112224448897796,agent_0015
97,451.0,0.04208416833667335,2.978076089622494,0.05210245939718352,499,0.4308617234468938,0.24248496993987975,0.2845691382765531,0.04208416833667335,agent_0015
98,472.0,0.026052104208416832,2.588712063670782,0.05053938561526801,499,0.6092184368737475,0.17234468937875752,0.19238476953907815,0.026052104208416832,agent_0015
99,478.0,0.02404809619238477,2.6996863437683447,0.05,499,0.533066132264529,0.22444889779559118,0.218436873747495,0.02404809619238477,agent_0015
100,496.0,0.01002004008016032,2.59317827990406,0.05,499,0.3627254509018036,0.3046092184368738,0.3226452905811623,0.01002004008016032,agent_0015
101,478.0,0.022044088176352707,2.971620534975076,0.05,499,0.3527054108216433,0.312625250501002,0.312625250501002,0.022044088176352707,agent_0015
102,463.0,0.03206412825651302,2.8699948562964925,0.05,499,0.39879759519038077,0.30861723446893785,0.2605210420841683,0.03206412825651302,agent_0015
103,463.0,0.036072144288577156,2.9316737309019714,0.05,499,0.3927855711422846,0.3026052104208417,0.2685370741482966,0.036072144288577156,agent_0015
104,499.0,0.004008016032064128,2.632109902774814,0.05,499,0.40080160320641284,0.2785571142284569,0.3166332665330661,0.004008016032064128,agent_0015
105,499.0,0.01603206412825651,3.013135630628232,0.05,499,0.342685370741483,0.312625250501002,0.3286573146292585,0.01603206412825651,agent_0015
106,484.0,0.02004008016032064,2.874099472103896,0.05,499,0.3787575150300601,0.30060120240480964,0.30060120240480964,0.02004008016032064,agent_0015
107,472.0,0.028056112224448898,2.95686960260036,0.05,499,0.42685370741482964,0.29458917835671344,0.250501002004008,0.028056112224448898,agent_0015
108,478.0,0.022044088176352707,2.9488363363108063,0.05,499,0.3927855711422846,0.2985971943887776,0.2865731462925852,0.022044088176352707,agent_0015
109,499.0,0.002004008016032064,2.5048398787014827,0.05,499,0.4228456913827655,0.2745490981963928,0.30060120240480964,0.002004008016032064,agent_0015
110,499.0,0.004008016032064128,2.561682308964608,0.05,499,0.4188376753507014,0.28256513026052105,0.29458917835671344,0.004008016032064128,agent_0015
111,445.0,0.04809619238476954,3.3152433006479125,0.05,499,0.3847695390781563,0.26452905811623245,0.3026052104208417,0.04809619238476954,agent_0015
112,475.0,0.028056112224448898,3.0592251871066916,0.05,499,0.3907815631262525,0.2905811623246493,0.2905811623246493,0.028056112224448898,agent_0015
113,481.0,0.028056112224448898,2.892599292218345,0.05,499,0.4228456913827655,0.23847695390781562,0.3106212424849699,0.028056112224448898,agent_0015
114,457.0,0.04408817635270541,2.9134372254329945,0.05,499,0.5951903807615231,0.21643286573146292,0.14428857715430862,0.04408817635270541,agent_0015
115,484.0,0.02004008016032064,2.815890139984849,0.05,499,0.46092184368737477,0.24248496993987975,0.27655310621242485,0.02004008016032064,agent_0015
116,499.0,0.002004008016032064,2.3667439629540836,0.05,499,0.5270541082164328,0.21042084168336672,0.2605210420841683,0.002004008016032064,agent_0015
117,466.0,0.03006012024048096,2.684639886231342,0.05,499,0.5290581162324649,0.218436873747495,0.22244488977955912,0.03006012024048096,agent_0015
118,481.0,0.01603206412825651,2.395245837776347,0.05,499,0.5851703406813628,0.1843687374749499,0.21442885771543085,0.01603206412825651,agent_0015
119,472.0,0.028056112224448898,2.8457094418005755,0.05,499,0.4308617234468938,0.28857715430861725,0.25250501002004005,0.028056112224448898,agent_0015
0,487.0,0.012024048096192385,2.6223989690072274,1.0,499,0.44288577154308617,0.2665330661322645,0.2785571142284569,0.012024048096192385,agent_0016
1,466.0,0.03206412825651302,2.7844128917110704,0.97,499,0.45691382765531063,0.24048096192384769,0.27054108216432865,0.03206412825651302,agent_0016
2,454.0,0.04008016032064128,3.054609530513231,0.9409,499,0.4088176352705411,0.30060120240480964,0.250501002004008,0.04008016032064128,agent_0016
3,484.0,0.02004008016032064,2.761352423663164,0.912673,499,0.4228456913827655,0.30060120240480964,0.2565130260521042,0.02004008016032064,agent_0016
4,454.0,0.04008016032064128,2.936693688997187,0.8852928099999999,499,0.45691382765531063,0.25250501002004005,0.250501002004008,0.04008016032064128,agent_0016
5,481.0,0.028056112224448898,2.831814738362541,0.8587340256999999,499,0.5190380761523046,0.218436873747495,0.23446893787575152,0.028056112224448898,agent_0016
6,481.0,0.028056112224448898,2.8092949651248116,0.8329720049289999,499,0.46893787575150303,0.25250501002004005,0.250501002004008,0.028056112224448898,agent_0016
7,457.0,0.04809619238476954,3.191443241612276,0.8079828447811299,499,0.49298597194388777,0.23647294589178355,0.22244488977955912,0.04809619238476954,agent_0016
8,484.0,0.01603206412825651,2.6189187194414005,0.783743359437696,499,0.4408817635270541,0.2565130260521042,0.2865731462925852,0.01603206412825651,agent_0016
9,481.0,0.018036072144288578,2.6431706887599375,0.7602310586545651,499,0.5090180360721442,0.23446893787575152,0.23847695390781562,0.018036072144288578,agent_0016
10,481.0,0.026052104208416832,2.6784377087927074,0.7374241268949281,499,0.531062124248497,0.20841683366733466,0.23446893787575152,0.026052104208416832,agent_0016
11,469.0,0.028056112224448898,2.839992068224645,0.7153014030880802,499,0.3927855711422846,0.2625250501002004,0.3166332665330661,0.028056112224448898,agent_0016
12,466.0,0.036072144288577156,2.946708513988675,0.6938423609954378,499,0.47695390781563124,0.2605210420841683,0.22645290581162325,0.036072144288577156,agent_0016
13,490.0,0.008016032064128256,2.451255944154019,0.6730270901655747,499,0.48697394789579157,0.22845691382765532,0.27655310621242485,0.008016032064128256,agent_0016
14,478.0,0.026052104208416832,2.8541771060099377,0.6528362774606075,499,0.46092184368737477,0.2625250501002004,0.250501002004008,0.026052104208416832,agent_0016
15,484.0,0.02004008016032064,2.819530187124938,0.6332511891367892,499,0.4088176352705411,0.2985971943887776,0.2725450901803607,0.02004008016032064,agent_0016
16,475.0,0.018036072144288578,2.664864871011534,0.6142536534626856,499,0.46893787575150303,0.2665330661322645,0.24649298597194388,0.018036072144288578,agent_0016
17,475.0,0.03006012024048096,2.9524583977053616,0.595826043858805,499,0.48296593186372744,0.24248496993987975,0.24448897795591182,0.03006012024048096,agent_0016
18,472.0,0.028056112224448898,2.9371896976901466,0.5779512625430409,499,0.46092184368737477,0.23847695390781562,0.2725450901803607,0.028056112224448898,agent_0016
19,493.0,0.008016032064128256,2.3662665867880777,0.5606127246667496,499,0.5811623246492986,0.19438877755511022,0.21643286573146292,0.008016032064128256,agent_0016
20,484.0,0.014028056112224449,2.5860918247598557,0.5437943429267471,499,0.4789579158316633,0.24448897795591182,0.2625250501002004,0.014028056112224449,agent_0016
21,478.0,0.022044088176352707,2.8547430251583785,0.5274805126389447,499,0.4288577154308617,0.2685370741482966,0.280561122244489,0.022044088176352707,agent_0016
22,493.0,0.01603206412825651,2.7737643699375343,0.5116560972597763,499,0.36472945891783565,0.2965931863727455,0.3226452905811623,0.01603206412825651,agent_0016
23,466.0,0.03206412825651302,3.0114326217578444,0.496306414341983,499,0.3687374749498998,0.2905811623246493,0.30861723446893785,0.03206412825651302,agent_0016
24,484.0,0.018036072144288578,2.453046648086789,0.48141722191172354,499,0.5110220440881763,0.22044088176352705,0.250501002004008,0.018036072144288578,agent_0016
25,493.0,0.014028056112224449,2.5216660648493963,0.4669747052543718,499,0.4909819639278557,0.23446893787575152,0.2605210420841683,0.014028056112224449,agent_0016
26,469.0,0.026052104208416832,2.683653194740698,0.4529654640967406,499,0.5390781563126252,0.22244488977955912,0.2124248496993988,0.026052104208416832,agent_0016
27,469.0,0.02404809619238477,2.85521551415767,0.4393765001738384,499,0.39478957915831664,0.2905811623246493,0.2905811623246493,0.02404809619238477,agent_0016
28,499.0,0.01002004008016032,2.68871401246053,0.42619520516862325,499,0.3787575150300601,0.2865731462925852,0.3246492985971944,0.01002004008016032,agent_0016
29,466.0,0.03206412825651302,3.02442220102138,0.4134093490135645,499,0.37074148296593185,0.28857715430861725,0.30861723446893785,0.03206412825651302,agent_0016
30,472.0,0.03006012024048096,2.9638128091157956,0.4010070685431576,499,0.4088176352705411,0.2965931863727455,0.26452905811623245,0.03006012024048096,agent_0016
31,466.0,0.03807615230460922,2.986045579423366,0.38897685648686287,499,0.43286573146292584,0.2625250501002004,0.2665330661322645,0.03807615230460922,agent_0016
32,469.0,0.03406813627254509,3.200926083610626,0.377307550792257,499,0.35470941883767537,0.28857715430861725,0.3226452905811623,0.03406813627254509,agent_0016
33,475.0,0.026052104208416832,3.0207351389662946,0.36598832426848926,499,0.374749498997996,0.3046092184368738,0.29458917835671344,0.026052104208416832,agent_0016
34,496.0,0.01603206412825651,2.918472896628111,0.35500867454043455,499,0.3807615230460922,0.2685370741482966,0.3346693386773547,0.01603206412825651,agent_0016
35,445.0,0.050100200400801605,3.0080607618446176,0.3443584143042215,499,0.46693386773547096,0.23046092184368738,0.25250501002004005,0.050100200400801605,agent_0016
36,490.0,0.01603206412825651,2.755290064895258,0.3340276618750948,499,0.47695390781563124,0.24448897795591182,0.2625250501002004,0.01603206412825651,agent_0016
37,475.0,0.022044088176352707,2.5034442650887216,0.32400683201884195,499,0.6152304609218436,0.15430861723446893,0.20841683366733466,0.022044088176352707,agent_0016
38,478.0,0.02404809619238477,2.805571765998572,0.3142866270582767,499,0.4348697394789579,0.2865731462925852,0.2545090180360721,0.02404809619238477,agent_0016
39,469.0,0.03206412825651302,2.981548355733891,0.3048580282465284,499,0.4168336673346693,0.27054108216432865,0.280561122244489,0.03206412825651302,agent_0016
40,481.0,0.028056112224448898,3.1024891141974704,0.2957122873991326,499,0.36072144288577157,0.3166332665330661,0.29458917835671344,0.028056112224448898,agent_0016
41,490.0,0.012024048096192385,2.808730654056074,0.2868409187771586,499,0.374749498997996,0.2665330661322645,0.3466933867735471,0.012024048096192385,agent_0016
42,466.0,0.03006012024048096,3.006048926963141,0.27823569121384384,499,0.3406813627254509,0.32665330661322645,0.3026052104208417,0.03006012024048096,agent_0016
43,496.0,0.006012024048096192,2.545885688173486,0.2698886204774285,499,0.5110220440881763,0.22244488977955912,0.2605210420841683,0.006012024048096192,agent_0016
44,475.0,0.026052104208416832,2.8633331959471318,0.26179196186310566,499,0.4288577154308617,0.26452905811623245,0.280561122244489,0.026052104208416832,agent_0016
45,499.0,0.0,2.3418244211036314,0.2539382030072125,499,0.43887775551102204,0.26452905811623245,0.2965931863727455,0.0,agent_0016
46,460.0,0.028056112224448898,2.7348037107130265,0.2463200569169961,499,0.501002004008016,0.22645290581162325,0.24448897795591182,0.028056112224448898,agent_0016
47,496.0,0.008016032064128256,2.5804994738087608,0.23893045520948622,499,0.374749498997996,0.2845691382765531,0.33266533066132264,0.008016032064128256,agent_0016
48,469.0,0.03006012024048096,3.0421235405604246,0.23176254155320164,499,0.37074148296593185,0.3026052104208417,0.2965931863727455,0.03006012024048096,agent_0016
49,487.0,0.01002004008016032,2.6341573719793816,0.2248096653066056,499,0.3907815631262525,0.2965931863727455,0.3026052104208417,0.01002004008016032,agent_0016
50,484.0,0.018036072144288578,2.81019102463076,0.21806537534740741,499,0.43887775551102204,0.2545090180360721,0.28857715430861725,0.018036072144288578,agent_0016
51,493.0,0.01002004008016032,2.7369174259263813,0.2115234140869852,499,0.40480961923847697,0.2925851703406814,0.2925851703406814,0.01002004008016032,agent_0016
52,463.0,0.036072144288577156,2.9674078881077115,0.20517771166437562,499,0.4969939879759519,0.22044088176352705,0.24649298597194388,0.036072144288577156,agent_0016
53,433.0,0.056112224448897796,2.945584144940038,0.19902238031444436,499,0.5210420841683366,0.21643286573146292,0.20641282565130262,0.056112224448897796,agent_0016
54,487.0,0.018036072144288578,2.657731297077818,0.19305170890501103,499,0.5270541082164328,0.22845691382765532,0.22645290581162325,0.018036072144288578,agent_0016
55,472.0,0.03807615230460922,3.0291938279710884,0.1872601576378607,499,0.41282565130260523,0.27655310621242485,0.2725450901803607,0.03807615230460922,agent_0016
56,463.0,0.03807615230460922,2.8382526193833026,0.18164235290872485,499,0.5490981963927856,0.19839679358717435,0.21442885771543085,0.03807615230460922,agent_0016
57,490.0,0.012024048096192385,2.7529288156076253,0.1761930823214631,499,0.3967935871743487,0.28256513026052105,0.30861723446893785,0.012024048096192385,agent_0016
58,487.0,0.026052104208416832,2.8758854173028805,0.17090728985181922,499,0.4649298597194389,0.2605210420841683,0.24849699398797595,0.026052104208416832,agent_0016
59,472.0,0.03006012024048096,2.9007137196542327,0.16578007115626464,499,0.4348697394789579,0.24649298597194388,0.28857715430861725,0.03006012024048096,agent_0016
60,478.0,0.022044088176352707,2.7913064401350782,0.1608066690215767,499,0.40080160320641284,0.2725450901803607,0.3046092184368738,0.022044088176352707,agent_0016
61,478.0,0.026052104208416832,2.878985502414717,0.1559824689509294,499,0.42084168336673344,0.2925851703406814,0.2605210420841683,0.026052104208416832,agent_0016
62,469.0,0.03206412825651302,3.084479933335117,0.1513029948824015,499,0.36472945891783565,0.2905811623246493,0.312625250501002,0.03206412825651302,agent_0016
63,445.0,0.052104208416833664,3.203404018215729,0.14676390503592945,499,0.4649298597194389,0.23847695390781562,0.24448897795591182,0.052104208416833664,agent_0016
64,478.0,0.02004008016032064,2.723708851940045,0.14236098788485158,499,0.42084168336673344,0.3246492985971944,0.23446893787575152,0.02004008016032064,agent_0016
65,487.0,0.02004008016032064,2.8849986070650613,0.13809015824830603,499,0.38276553106212424,0.3046092184368738,0.2925851703406814,0.02004008016032064,agent_0016
66,487.0,0.02004008016032064,2.954949203231209,0.13394745350085685,499,0.3066132264529058,0.312625250501002,0.36072144288577157,0.02004008016032064,agent_0016
67,487.0,0.012024048096192385,2.822785229001602,0.12992902989583113,499,0.23246492985971945,0.36072144288577157,0.39478957915831664,0.012024048096192385,agent_0016
68,496.0,0.006012024048096192,2.764715317446796,0.1260311589989562,499,0.35470941883767537,0.3286573146292585,0.3106212424849699,0.006012024048096192,agent_0016
69,493.0,0.01002004008016032,2.6864307660347073,0.12225022422898751,499,0.3286573146292585,0.3106212424849699,0.35070140280561124,0.01002004008016032,agent_0016
70,475.0,0.026052104208416832,3.055348239575307,0.11858271750211788,499,0.3366733466933868,0.3246492985971944,0.312625250501002,0.026052104208416832,agent_0016
71,481.0,0.022044088176352707,2.803938948792418,0.11502523597705434,499,0.42084168336673344,0.2785571142284569,0.2785571142284569,0.022044088176352707,agent_0016
72,475.0,0.03006012024048096,3.0092703581816203,0.1115744788977427,499,0.34468937875751504,0.28857715430861725,0.3366733466933868,0.03006012024048096,agent_0016
73,496.0,0.004008016032064128,2.608052462226952,0.10822724453081042,499,0.34468937875751504,0.32665330661322645,0.3246492985971944,0.004008016032064128,agent_0016
74,481.0,0.02004008016032064,2.8586942513479126,0.10498042719488611,499,0.31462925851703405,0.30060120240480964,0.36472945891783565,0.02004008016032064,agent_0016
75,490.0,0.01002004008016032,2.848422224325755,0.10183101437903952,499,0.30060120240480964,0.3486973947895792,0.3406813627254509,0.01002004008016032,agent_0016
76,490.0,0.01603206412825651,2.8714054033610825,0.09877608394766833,499,0.33266533066132264,0.2865731462925852,0.36472945891783565,0.01603206412825651,agent_0016
77,493.0,0.006012024048096192,2.5041887711896047,0.09581280142923829,499,0.45490981963927857,0.2625250501002004,0.27655310621242485,0.006012024048096192,agent_0016
78,487.0,0.02404809619238477,2.8756040125966673,0.09293841738636113,499,0.45691382765531063,0.25250501002004005,0.2665330661322645,0.02404809619238477,agent_0016
79,472.0,0.028056112224448898,2.76690644639535,0.09015026486477029,499,0.48697394789579157,0.22444889779559118,0.2605210420841683,0.028056112224448898,agent_0016
80,499.0,0.004008016032064128,2.5604368048733868,0.08744575691882718,499,0.49899799599198397,0.2605210420841683,0.23647294589178355,0.004008016032064128,agent_0016
81,481.0,0.02404809619238477,2.8681246153597066,0.08482238421126237,499,0.4188376753507014,0.26452905811623245,0.2925851703406814,0.02404809619238477,agent_0016
82,460.0,0.03807615230460922,2.9579933995789514,0.0822777126849245,499,0.4168336673346693,0.2565130260521042,0.28857715430861725,0.03807615230460922,agent_0016
83,481.0,0.022044088176352707,2.8211825779225843,0.07980938130437676,499,0.46292585170340683,0.23647294589178355,0.2785571142284569,0.022044088176352707,agent_0016
84,490.0,0.01603206412825651,2.6976225672670853,0.07741509986524546,499,0.4028056112224449,0.29458917835671344,0.2865731462925852,0.01603206412825651,agent_0016
85,493.0,0.01002004008016032,2.609138547486489,0.0750926468692881,499,0.48096192384769537,0.27054108216432865,0.23847695390781562,0.01002004008016032,agent_0016
86,466.0,0.028056112224448898,2.7106753059787705,0.07283986746320946,499,0.4749498997995992,0.24048096192384769,0.2565130260521042,0.028056112224448898,agent_0016
87,484.0,0.022044088176352707,2.8001009928920375,0.07065467143931317,499,0.4849699398797595,0.24248496993987975,0.250501002004008,0.022044088176352707,agent_0016
88,478.0,0.02404809619238477,2.854014952879204,0.06853503129613378,499,0.4589178356713427,0.28857715430861725,0.22845691382765532,0.02404809619238477,agent_0016
89,487.0,0.014028056112224449,2.600260309499813,0.06647898035724976,499,0.4729458917835671,0.2725450901803607,0.24048096192384769,0.014028056112224449,agent_0016
90,487.0,0.014028056112224449,2.730123016933901,0.06448461094653227,499,0.4288577154308617,0.2725450901803607,0.2845691382765531,0.014028056112224449,agent_0016
91,490.0,0.01002004008016032,2.5107692454793864,0.06255007261813629,499,0.5490981963927856,0.21643286573146292,0.22444889779559118,0.01002004008016032,agent_0016
92,478.0,0.022044088176352707,2.6341291164581295,0.0606735704395922,499,0.531062124248497,0.20841683366733466,0.23847695390781562,0.022044088176352707,agent_0016
93,457.0,0.04408817635270541,3.175597322268279,0.05885336332640443,499,0.4308617234468938,0.22444889779559118,0.30060120240480964,0.04408817635270541,agent_0016
94,481.0,0.022044088176352707,2.8556814460970688,0.057087762426612294,499,0.40681362725450904,0.2965931863727455,0.2745490981963928,0.022044088176352707,agent_0016
95,469.0,0.036072144288577156,3.0779426158581473,0.05537512955381393,499,0.3286573146292585,0.28857715430861725,0.3466933867735471,0.036072144288577156,agent_0016
96,490.0,0.01603206412825651,2.754015382409492,0.053713875667199505,499,0.4288577154308617,0.2625250501002004,0.2925851703406814,0.01603206412825651,agent_0016
97,490.0,0.014028056112224449,2.572480838226163,0.05210245939718352,499,0.503006012024048,0.22645290581162325,0.2565130260521042,0.014028056112224449,agent_0016
98,475.0,0.028056112224448898,2.827052663286476,0.05053938561526801,499,0.5150300601202404,0.24448897795591182,0.2124248496993988,0.028056112224448898,agent_0016
99,496.0,0.01002004008016032,2.4618843401825887,0.05,499,0.47695390781563124,0.2625250501002004,0.250501002004008,0.01002004008016032,agent_0016
100,478.0,0.022044088176352707,2.8725554808620672,0.05,499,0.4288577154308617,0.250501002004008,0.2985971943887776,0.022044088176352707,agent_0016
101,469.0,0.028056112224448898,2.84483597840874,0.05,499,0.3807615230460922,0.3026052104208417,0.28857715430861725,0.028056112224448898,agent_0016
102,460.0,0.036072144288577156,2.8529856894189556,0.05,499,0.4468937875751503,0.2905811623246493,0.22645290581162325,0.036072144288577156,agent_0016
103,499.0,0.004008016032064128,2.653681846555324,0.05,499,0.374749498997996,0.28256513026052105,0.33867735470941884,0.004008016032064128,agent_0016
104,499.0,0.014028056112224449,2.9027920265597986,0.05,499,0.4188376753507014,0.27655310621242485,0.2905811623246493,0.014028056112224449,agent_0016
105,484.0,0.02004008016032064,2.708128050607118,0.05,499,0.5090180360721442,0.24448897795591182,0.22645290581162325,0.02004008016032064,agent_0016
106,475.0,0.028056112224448898,2.618652982936009,0.05,499,0.6613226452905812,0.16633266533066132,0.14428857715430862,0.028056112224448898,agent_0016
107,466.0,0.03206412825651302,2.974786665653664,0.05,499,0.48697394789579157,0.25250501002004005,0.22845691382765532,0.03206412825651302,agent_0016
108,499.0,0.002004008016032064,2.415018850708117,0.05,499,0.4749498997995992,0.24048096192384769,0.28256513026052105,0.002004008016032064,agent_0016
109,499.0,0.004008016032064128,2.4758943532278743,0.05,499,0.48296593186372744,0.25250501002004005,0.2605210420841683,0.004008016032064128,agent_0016
110,472.0,0.03206412825651302,3.1184234616121733,0.05,499,0.4308617234468938,0.2545090180360721,0.28256513026052105,0.03206412825651302,agent_0016
111,475.0,0.026052104208416832,3.0232876506719086,0.05,499,0.3967935871743487,0.2845691382765531,0.2925851703406814,0.026052104208416832,agent_0016
112,472.0,0.036072144288577156,3.0499355566599977,0.05,499,0.39478957915831664,0.25851703406813625,0.3106212424849699,0.036072144288577156,agent_0016
113,457.0,0.04408817635270541,3.1351800346968983,0.05,499,0.44889779559118237,0.2725450901803607,0.23446893787575152,0.04408817635270541,agent_0016
114,481.0,0.02404809619238477,2.954791224028233,0.05,499,0.4168336673346693,0.2725450901803607,0.2865731462925852,0.02404809619238477,agent_0016
115,499.0,0.002004008016032064,2.5570897500990672,0.05,499,0.3847695390781563,0.2785571142284569,0.3346693386773547,0.002004008016032064,agent_0016
116,472.0,0.028056112224448898,2.8384137209301805,0.05,499,0.39879759519038077,0.2545090180360721,0.3186372745490982,0.028056112224448898,agent_0016
117,475.0,0.02404809619238477,2.5464627316017627,0.05,499,0.5470941883767535,0.18837675350701402,0.24048096192384769,0.02404809619238477,agent_0016
118,481.0,0.02404809619238477,2.668494310280054,0.05,499,0.5250501002004008,0.23046092184368738,0.22044088176352705,0.02404809619238477,agent_0016
119,466.0,0.03206412825651302,2.7029843525964043,0.05,499,0.5350701402805611,0.20641282565130262,0.22645290581162325,0.03206412825651302,agent_0016
0,466.0,0.03206412825651302,2.810903607925625,1.0,499,0.4468937875751503,0.24448897795591182,0.27655310621242485,0.03206412825651302,agent_0017
1,454.0,0.04008016032064128,3.1015943015627263,0.97,499,0.4028056112224449,0.28256513026052105,0.2745490981963928,0.04008016032064128,agent_0017
2,487.0,0.018036072144288578,2.660279395415215,0.9409,499,0.4849699398797595,0.28857715430861725,0.20841683366733466,0.018036072144288578,agent_0017
3,454.0,0.04008016032064128,2.881916667953007,0.912673,499,0.4969939879759519,0.23246492985971945,0.23046092184368738,0.04008016032064128,agent_0017
4,472.0,0.03406813627254509,3.017859600062906,0.8852928099999999,499,0.46092184368737477,0.25851703406813625,0.24649298597194388,0.03406813627254509,agent_0017
5,481.0,0.028056112224448898,2.8571577123830934,0.8587340256999999,499,0.4408817635270541,0.280561122244489,0.250501002004008,0.028056112224448898,agent_0017
6,442.0,0.06012024048096192,3.2739248672464547,0.8329720049289999,499,0.5070140280561122,0.23246492985971945,0.20040080160320642,0.06012024048096192,agent_0017
7,481.0,0.018036072144288578,2.6535849409594636,0.8079828447811299,499,0.46292585170340683,0.23046092184368738,0.28857715430861725,0.018036072144288578,agent_0017
8,481.0,0.018036072144288578,2.6824043685318544,0.783743359437696,499,0.5090180360721442,0.22044088176352705,0.25250501002004005,0.018036072144288578,agent_0017
9,475.0,0.028056112224448898,2.8227848534098046,0.7602310586545651,499,0.45490981963927857,0.2745490981963928,0.24248496993987975,0.028056112224448898,agent_0017
10,469.0,0.028056112224448898,2.8296169560315745,0.7374241268949281,499,0.4168336673346693,0.2545090180360721,0.30060120240480964,0.028056112224448898,agent_0017
11,466.0,0.036072144288577156,2.8606475630761827,0.7153014030880802,499,0.5090180360721442,0.23046092184368738,0.22444889779559118,0.036072144288577156,agent_0017
12,490.0,0.008016032064128256,2.418436772095452,0.6938423609954378,499,0.4909819639278557,0.22244488977955912,0.2785571142284569,0.008016032064128256,agent_0017
13,478.0,0.026052104208416832,2.905926257110734,0.6730270901655747,499,0.4348697394789579,0.280561122244489,0.25851703406813625,0.026052104208416832,agent_0017
14,475.0,0.028056112224448898,2.8061738836021055,0.6528362774606075,499,0.43887775551102204,0.2745490981963928,0.25851703406813625,0.028056112224448898,agent_0017
15,475.0,0.02004008016032064,2.573621709283613,0.6332511891367892,499,0.5170340681362725,0.22845691382765532,0.23446893787575152,0.02004008016032064,agent_0017
16,460.0,0.04208416833667335,3.139617517234168,0.6142536534626856,499,0.4589178356713427,0.24448897795591182,0.2545090180360721,0.04208416833667335,agent_0017
17,481.0,0.022044088176352707,2.9311066584177894,0.595826043858805,499,0.3967935871743487,0.2625250501002004,0.3186372745490982,0.022044088176352707,agent_0017
18,496.0,0.006012024048096192,2.5232336208377193,0.5779512625430409,499,0.4969939879759519,0.24849699398797595,0.24849699398797595,0.006012024048096192,agent_0017
19,484.0,0.014028056112224449,2.5441183347013627,0.5606127246667496,499,0.45691382765531063,0.24448897795591182,0.2845691382765531,0.014028056112224449,agent_0017
20,478.0,0.022044088176352707,2.812467434433348,0.5437943429267471,499,0.4529058116232465,0.2605210420841683,0.26452905811623245,0.022044088176352707,agent_0017
21,493.0,0.018036072144288578,2.6597221045270305,0.5274805126389447,499,0.49899799599198397,0.2605210420841683,0.22244488977955912,0.018036072144288578,agent_0017
22,469.0,0.03206412825651302,2.8837668539569585,0.5116560972597763,499,0.46893787575150303,0.23446893787575152,0.26452905811623245,0.03206412825651302,agent_0017
23,493.0,0.012024048096192385,2.513499701293598,0.496306414341983,499,0.45090180360721444,0.23246492985971945,0.3046092184368738,0.012024048096192385,agent_0017
24,490.0,0.01002004008016032,2.520544184290557,0.48141722191172354,499,0.4248496993987976,0.25250501002004005,0.312625250501002,0.01002004008016032,agent_0017
25,463.0,0.03006012024048096,2.8947200422256794,0.4669747052543718,499,0.4288577154308617,0.30060120240480964,0.24048096192384769,0.03006012024048096,agent_0017
26,469.0,0.026052104208416832,2.880322602147487,0.4529654640967406,499,0.3787575150300601,0.2985971943887776,0.2965931863727455,0.026052104208416832,agent_0017
27,499.0,0.01002004008016032,2.7543875734435184,0.4393765001738384,499,0.33266533066132264,0.30861723446893785,0.3486973947895792,0.01002004008016032,agent_0017
28,466.0,0.03206412825651302,2.9817509723261866,0.42619520516862325,499,0.3687374749498998,0.2845691382765531,0.31462925851703405,0.03206412825651302,agent_0017
29,472.0,0.03006012024048096,2.927307433149643,0.4134093490135645,499,0.43687374749499,0.2925851703406814,0.24048096192384769,0.03006012024048096,agent_0017
30,463.0,0.04008016032064128,3.0052662677609723,0.4010070685431576,499,0.45490981963927857,0.27054108216432865,0.23446893787575152,0.04008016032064128,agent_0017
31,469.0,0.03406813627254509,3.1384262141526893,0.38897685648686287,499,0.4088176352705411,0.2665330661322645,0.2905811623246493,0.03406813627254509,agent_0017
32,472.0,0.03206412825651302,3.0450920357689526,0.377307550792257,499,0.42685370741482964,0.2865731462925852,0.2545090180360721,0.03206412825651302,agent_0017
33,496.0,0.018036072144288578,2.913489674186164,0.36598832426848926,499,0.4148296593186373,0.2605210420841683,0.3066132264529058,0.018036072144288578,agent_0017
34,469.0,0.03406813627254509,2.8917855641209913,0.35500867454043455,499,0.4288577154308617,0.25851703406813625,0.2785571142284569,0.03406813627254509,agent_0017
35,490.0,0.018036072144288578,3.0066938418863405,0.3443584143042215,499,0.33867735470941884,0.2985971943887776,0.34468937875751504,0.018036072144288578,agent_0017
36,475.0,0.022044088176352707,2.6296823236698104,0.3340276618750948,499,0.5450901803607214,0.1963927855711423,0.23647294589178355,0.022044088176352707,agent_0017
37,478.0,0.02404809619238477,2.7053620255889737,0.32400683201884195,499,0.4749498997995992,0.23847695390781562,0.2625250501002004,0.02404809619238477,agent_0017
38,478.0,0.026052104208416832,2.992934768762543,0.3142866270582767,499,0.41082164328657317,0.28256513026052105,0.280561122244489,0.026052104208416832,agent_0017
39,472.0,0.03206412825651302,3.035133431691872,0.3048580282465284,499,0.41282565130260523,0.2905811623246493,0.26452905811623245,0.03206412825651302,agent_0017
40,487.0,0.018036072144288578,2.8414672090505464,0.2957122873991326,499,0.4408817635270541,0.250501002004008,0.2905811623246493,0.018036072144288578,agent_0017
41,466.0,0.03406813627254509,2.8622513012235595,0.2868409187771586,499,0.46292585170340683,0.22845691382765532,0.2745490981963928,0.03406813627254509,agent_0017
42,496.0,0.006012024048096192,2.5819480141465054,0.27823569121384384,499,0.45090180360721444,0.23647294589178355,0.3066132264529058,0.006012024048096192,agent_0017
43,475.0,0.026052104208416832,2.824218160462648,0.2698886204774285,499,0.44889779559118237,0.250501002004008,0.2745490981963928,0.026052104208416832,agent_0017
44,499.0,0.0,2.210790848371846,0.26179196186310566,499,0.5270541082164328,0.2124248496993988,0.2605210420841683,0.0,agent_0017
45,460.0,0.028056112224448898,2.6557914893287458,0.2539382030072125,499,0.533066132264529,0.20240480961923848,0.23647294589178355,0.028056112224448898,agent_0017
46,496.0,0.008016032064128256,2.581325887268535,0.2463200569169961,499,0.374749498997996,0.2965931863727455,0.32064128256513025,0.008016032064128256,agent_0017
47,469.0,0.03006012024048096,3.0875331534621964,0.23893045520948622,499,0.3366733466933868,0.31462925851703405,0.3186372745490982,0.03006012024048096,agent_0017
48,487.0,0.01002004008016032,2.785812793525858,0.23176254155320164,499,0.28256513026052105,0.3486973947895792,0.3587174348697395,0.01002004008016032,agent_0017
49,484.0,0.01603206412825651,2.889121485657864,0.2248096653066056,499,0.32064128256513025,0.30861723446893785,0.35470941883767537,0.01603206412825651,agent_0017
50,493.0,0.01002004008016032,2.6757504613801735,0.21806537534740741,499,0.40480961923847697,0.2905811623246493,0.29458917835671344,0.01002004008016032,agent_0017
51,466.0,0.03406813627254509,3.0243309062554373,0.2115234140869852,499,0.4028056112224449,0.26452905811623245,0.2985971943887776,0.03406813627254509,agent_0017
52,466.0,0.03406813627254509,3.054805836525836,0.20517771166437562,499,0.3306613226452906,0.342685370741483,0.2925851703406814,0.03406813627254509,agent_0017
53,487.0,0.018036072144288578,2.8764824502418,0.19902238031444436,499,0.4088176352705411,0.2925851703406814,0.280561122244489,0.018036072144288578,agent_0017
54,472.0,0.04008016032064128,3.0480662240244727,0.19305170890501103,499,0.44288577154308617,0.25851703406813625,0.25851703406813625,0.04008016032064128,agent_0017
55,457.0,0.04208416833667335,2.94948084693196,0.1872601576378607,499,0.4749498997995992,0.218436873747495,0.26452905811623245,0.04208416833667335,agent_0017
56,490.0,0.012024048096192385,2.773851170186875,0.18164235290872485,499,0.3787575150300601,0.2925851703406814,0.3166332665330661,0.012024048096192385,agent_0017
57,490.0,0.02404809619238477,2.913357267520489,0.1761930823214631,499,0.4168336673346693,0.2905811623246493,0.2685370741482966,0.02404809619238477,agent_0017
58,463.0,0.04008016032064128,3.012502228345532,0.17090728985181922,499,0.4248496993987976,0.23046092184368738,0.3046092184368738,0.04008016032064128,agent_0017
59,478.0,0.022044088176352707,2.608037370119311,0.16578007115626464,499,0.5270541082164328,0.20240480961923848,0.24849699398797595,0.022044088176352707,agent_0017
60,481.0,0.02404809619238477,2.5931685721181186,0.1608066690215767,499,0.5791583166332666,0.18837675350701402,0.20841683366733466,0.02404809619238477,agent_0017
61,454.0,0.04208416833667335,3.051209224873658,0.1559824689509294,499,0.48697394789579157,0.24248496993987975,0.22845691382765532,0.04208416833667335,agent_0017
62,460.0,0.04208416833667335,3.0242917314126574,0.1513029948824015,499,0.531062124248497,0.20240480961923848,0.22444889779559118,0.04208416833667335,agent_0017
63,478.0,0.02004008016032064,2.317025510709892,0.14676390503592945,499,0.6733466933867736,0.16633266533066132,0.1402805611222445,0.02004008016032064,agent_0017
64,487.0,0.022044088176352707,2.5809221099255635,0.14236098788485158,499,0.6212424849699398,0.17635270541082165,0.18036072144288579,0.022044088176352707,agent_0017
65,481.0,0.026052104208416832,2.850842998617296,0.13809015824830603,499,0.5150300601202404,0.24048096192384769,0.218436873747495,0.026052104208416832,agent_0017
66,475.0,0.022044088176352707,2.6231357013114573,0.13394745350085685,499,0.46893787575150303,0.23046092184368738,0.2785571142284569,0.022044088176352707,agent_0017
67,490.0,0.012024048096192385,2.569730542633463,0.12992902989583113,499,0.5571142284569138,0.23046092184368738,0.20040080160320642,0.012024048096192385,agent_0017
68,466.0,0.03406813627254509,2.753653414527762,0.1260311589989562,499,0.503006012024048,0.218436873747495,0.24448897795591182,0.03406813627254509,agent_0017
69,475.0,0.026052104208416832,2.8977945060459604,0.12225022422898751,499,0.45490981963927857,0.2665330661322645,0.25250501002004005,0.026052104208416832,agent_0017
70,481.0,0.022044088176352707,2.7176800062584032,0.11858271750211788,499,0.45691382765531063,0.2605210420841683,0.2605210420841683,0.022044088176352707,agent_0017
71,475.0,0.03006012024048096,2.9173295850151573,0.11502523597705434,499,0.38276553106212424,0.26452905811623245,0.3226452905811623,0.03006012024048096,agent_0017
72,496.0,0.004008016032064128,2.310234372893431,0.1115744788977427,499,0.5270541082164328,0.22444889779559118,0.24448897795591182,0.004008016032064128,agent_0017
73,475.0,0.028056112224448898,2.6257107006613096,0.10822724453081042,499,0.5130260521042084,0.21643286573146292,0.24248496993987975,0.028056112224448898,agent_0017
74,490.0,0.01002004008016032,2.557075555774952,0.10498042719488611,499,0.5110220440881763,0.24048096192384769,0.23847695390781562,0.01002004008016032,agent_0017
75,484.0,0.02004008016032064,2.7493249141616616,0.10183101437903952,499,0.4729458917835671,0.24849699398797595,0.25851703406813625,0.02004008016032064,agent_0017
76,493.0,0.006012024048096192,2.442032459176707,0.09877608394766833,499,0.47695390781563124,0.24649298597194388,0.27054108216432865,0.006012024048096192,agent_0017
77,484.0,0.026052104208416832,2.898759123127037,0.09581280142923829,499,0.43887775551102204,0.2625250501002004,0.2725450901803607,0.026052104208416832,agent_0017
78,472.0,0.028056112224448898,2.8031982910345317,0.09293841738636113,499,0.47695390781563124,0.22444889779559118,0.27054108216432865,0.028056112224448898,agent_0017
79,499.0,0.004008016032064128,2.3889131246293496,0.09015026486477029,499,0.5591182364729459,0.218436873747495,0.218436873747495,0.004008016032064128,agent_0017
80,478.0,0.026052104208416832,2.716366099416655,0.08744575691882718,499,0.5270541082164328,0.23246492985971945,0.21442885771543085,0.026052104208416832,agent_0017
81,454.0,0.04208416833667335,2.962122065302961,0.08482238421126237,499,0.4589178356713427,0.24248496993987975,0.2565130260521042,0.04208416833667335,agent_0017
82,481.0,0.022044088176352707,2.725209512268188,0.0822777126849245,499,0.49899799599198397,0.22444889779559118,0.2545090180360721,0.022044088176352707,agent_0017
83,490.0,0.01603206412825651,2.4493082297283215,0.07980938130437676,499,0.5651302605210421,0.2124248496993988,0.20641282565130262,0.01603206412825651,agent_0017
84,490.0,0.012024048096192385,2.498882455833499,0.07741509986524546,499,0.5390781563126252,0.23246492985971945,0.21643286573146292,0.012024048096192385,agent_0017
85,466.0,0.028056112224448898,2.8033564766262846,0.0750926468692881,499,0.4168336673346693,0.2745490981963928,0.280561122244489,0.028056112224448898,agent_0017
86,484.0,0.022044088176352707,2.786319568423512,0.07283986746320946,499,0.48296593186372744,0.24248496993987975,0.25250501002004005,0.022044088176352707,agent_0017
87,487.0,0.01603206412825651,2.707766848862083,0.07065467143931317,499,0.49899799599198397,0.2745490981963928,0.21042084168336672,0.01603206412825651,agent_0017
88,481.0,0.018036072144288578,2.7194737288350708,0.06853503129613378,499,0.4188376753507014,0.3066132264529058,0.2565130260521042,0.018036072144288578,agent_0017
89,487.0,0.014028056112224449,2.736332824408942,0.06647898035724976,499,0.41282565130260523,0.2865731462925852,0.2865731462925852,0.014028056112224449,agent_0017
90,484.0,0.014028056112224449,2.579436816025673,0.06448461094653227,499,0.45490981963927857,0.24649298597194388,0.2845691382765531,0.014028056112224449,agent_0017
91,478.0,0.022044088176352707,2.7107681050665664,0.06255007261813629,499,0.42685370741482964,0.23647294589178355,0.31462925851703405,0.022044088176352707,agent_0017
92,454.0,0.04609218436873747,3.202132265634482,0.0606735704395922,499,0.4148296593186373,0.22845691382765532,0.3106212424849699,0.04609218436873747,agent_0017
93,481.0,0.022044088176352707,2.866007344651378,0.05885336332640443,499,0.3867735470941884,0.29458917835671344,0.2965931863727455,0.022044088176352707,agent_0017
94,469.0,0.036072144288577156,2.999666183234557,0.057087762426612294,499,0.40080160320641284,0.27054108216432865,0.2925851703406814,0.036072144288577156,agent_0017
95,490.0,0.01603206412825651,2.8191654189169353,0.05537512955381393,499,0.3807615230460922,0.28256513026052105,0.32064128256513025,0.01603206412825651,agent_0017
96,481.0,0.022044088176352707,3.0264947674780713,0.053713875667199505,499,0.33867735470941884,0.3066132264529058,0.33266533066132264,0.022044088176352707,agent_0017
97,475.0,0.028056112224448898,2.9896157846766696,0.05210245939718352,499,0.38877755511022044,0.2925851703406814,0.2905811623246493,0.028056112224448898,agent_0017
98,496.0,0.01002004008016032,2.394428578376906,0.05053938561526801,499,0.5210420841683366,0.24248496993987975,0.22645290581162325,0.01002004008016032,agent_0017
99,478.0,0.022044088176352707,2.69065645980872,0.05,499,0.5390781563126252,0.22244488977955912,0.21643286573146292,0.022044088176352707,agent_0017
100,466.0,0.03206412825651302,2.609406531394787,0.05,499,0.5390781563126252,0.23647294589178355,0.19238476953907815,0.03206412825651302,agent_0017
101,460.0,0.036072144288577156,2.609731064984706,0.05,499,0.6052104208416834,0.1843687374749499,0.1743486973947896,0.036072144288577156,agent_0017
102,499.0,0.004008016032064128,2.4947795263901815,0.05,499,0.45691382765531063,0.250501002004008,0.28857715430861725,0.004008016032064128,agent_0017
103,499.0,0.014028056112224449,2.8785926179411865,0.05,499,0.4288577154308617,0.2725450901803607,0.2845691382765531,0.014028056112224449,agent_0017
104,484.0,0.02004008016032064,2.8234837698703132,0.05,499,0.4408817635270541,0.2725450901803607,0.2665330661322645,0.02004008016032064,agent_0017
105,472.0,0.028056112224448898,2.8614165347276397,0.05,499,0.4789579158316633,0.2685370741482966,0.22444889779559118,0.028056112224448898,agent_0017
106,466.0,0.03206412825651302,2.582588007047941,0.05,499,0.6833667334669339,0.1342685370741483,0.15030060120240482,0.03206412825651302,agent_0017
107,499.0,0.002004008016032064,2.225644312993496,0.05,499,0.5711422845691383,0.19238476953907815,0.23446893787575152,0.002004008016032064,agent_0017
108,499.0,0.004008016032064128,2.4437328248045436,0.05,499,0.5110220440881763,0.23847695390781562,0.24649298597194388,0.004008016032064128,agent_0017
109,457.0,0.04609218436873747,3.38836367371583,0.05,499,0.38276553106212424,0.2785571142284569,0.2925851703406814,0.04609218436873747,agent_0017
110,475.0,0.026052104208416832,2.8683886728935777,0.05,499,0.4849699398797595,0.23647294589178355,0.25250501002004005,0.026052104208416832,agent_0017
111,481.0,0.028056112224448898,2.9156106721547963,0.05,499,0.40681362725450904,0.2605210420841683,0.3046092184368738,0.028056112224448898,agent_0017
112,463.0,0.03807615230460922,3.0905289969743164,0.05,499,0.3867735470941884,0.2965931863727455,0.2785571142284569,0.03807615230460922,agent_0017
113,484.0,0.02004008016032064,3.0436871054116246,0.05,499,0.3246492985971944,0.3226452905811623,0.33266533066132264,0.02004008016032064,agent_0017
114,499.0,0.002004008016032064,2.5703728314146836,0.05,499,0.3847695390781563,0.2785571142284569,0.3346693386773547,0.002004008016032064,agent_0017
115,466.0,0.03206412825651302,2.906741065559009,0.05,499,0.3927855711422846,0.2605210420841683,0.31462925851703405,0.03206412825651302,agent_0017
116,475.0,0.022044088176352707,2.5900048039015546,0.05,499,0.5150300601202404,0.22444889779559118,0.23847695390781562,0.022044088176352707,agent_0017
117,469.0,0.03206412825651302,2.9199575385021888,0.05,499,0.42685370741482964,0.2845691382765531,0.2565130260521042,0.03206412825651302,agent_0017
118,466.0,0.03206412825651302,2.682816774051162,0.05,499,0.5390781563126252,0.20040080160320642,0.22845691382765532,0.03206412825651302,agent_0017
119,484.0,0.018036072144288578,2.6955626878594816,0.05,499,0.4849699398797595,0.26452905811623245,0.23246492985971945,0.018036072144288578,agent_0017
0,454.0,0.04008016032064128,2.9947682989661573,1.0,499,0.44488977955911824,0.27655310621242485,0.23847695390781562,0.04008016032064128,agent_0018
1,487.0,0.018036072144288578,2.7164195347675135,0.97,499,0.4408817635270541,0.2925851703406814,0.24849699398797595,0.018036072144288578,agent_0018
2,454.0,0.04008016032064128,2.9720719811103136,0.9409,499,0.4148296593186373,0.27054108216432865,0.2745490981963928,0.04008016032064128,agent_0018
3,472.0,0.03206412825651302,2.938734977575973,0.912673,499,0.48697394789579157,0.24849699398797595,0.23246492985971945,0.03206412825651302,agent_0018
4,481.0,0.028056112224448898,2.7613122726060513,0.8852928099999999,499,0.5090180360721442,0.24048096192384769,0.22244488977955912,0.028056112224448898,agent_0018
5,445.0,0.06012024048096192,3.332450762575602,0.8587340256999999,499,0.4849699398797595,0.24248496993987975,0.2124248496993988,0.06012024048096192,agent_0018
6,484.0,0.01603206412825651,2.633900315326506,0.8329720049289999,499,0.4308617234468938,0.250501002004008,0.3026052104208417,0.01603206412825651,agent_0018
7,478.0,0.022044088176352707,2.670809430596284,0.8079828447811299,499,0.4969939879759519,0.23647294589178355,0.24448897795591182,0.022044088176352707,agent_0018
8,481.0,0.02404809619238477,2.772021757437732,0.783743359437696,499,0.4649298597194389,0.27054108216432865,0.24048096192384769,0.02404809619238477,agent_0018
9,469.0,0.028056112224448898,2.827304071435633,0.7602310586545651,499,0.4288577154308617,0.2545090180360721,0.28857715430861725,0.028056112224448898,agent_0018
10,466.0,0.036072144288577156,2.8947499134911387,0.7374241268949281,499,0.5230460921843687,0.218436873747495,0.22244488977955912,0.036072144288577156,agent_0018
11,490.0,0.008016032064128256,2.4845628345074133,0.7153014030880802,499,0.46292585170340683,0.23847695390781562,0.2905811623246493,0.008016032064128256,agent_0018
12,478.0,0.026052104208416832,2.8192403552363547,0.6938423609954378,499,0.47695390781563124,0.25851703406813625,0.23847695390781562,0.026052104208416832,agent_0018
13,481.0,0.02004008016032064,2.663308272619017,0.6730270901655747,499,0.44288577154308617,0.25250501002004005,0.2845691382765531,0.02004008016032064,agent_0018
14,475.0,0.018036072144288578,2.5541062064655793,0.6528362774606075,499,0.531062124248497,0.22244488977955912,0.22845691382765532,0.018036072144288578,agent_0018
15,475.0,0.03006012024048096,2.988831011746308,0.6332511891367892,499,0.4589178356713427,0.24048096192384769,0.27054108216432865,0.03006012024048096,agent_0018
16,472.0,0.028056112224448898,2.9848248119579486,0.6142536534626856,499,0.41282565130260523,0.2565130260521042,0.3026052104208417,0.028056112224448898,agent_0018
17,496.0,0.006012024048096192,2.4660721928231606,0.595826043858805,499,0.5210420841683366,0.24048096192384769,0.23246492985971945,0.006012024048096192,agent_0018
18,484.0,0.014028056112224449,2.510165307636422,0.5779512625430409,499,0.49899799599198397,0.23647294589178355,0.250501002004008,0.014028056112224449,agent_0018
19,478.0,0.022044088176352707,2.750558048674026,0.5606127246667496,499,0.4969939879759519,0.23647294589178355,0.24448897795591182,0.022044088176352707,agent_0018
20,493.0,0.01603206412825651,2.7512624977662266,0.5437943429267471,499,0.41282565130260523,0.280561122244489,0.2905811623246493,0.01603206412825651,agent_0018
21,475.0,0.026052104208416832,2.7807205226968117,0.5274805126389447,499,0.48697394789579157,0.24248496993987975,0.24448897795591182,0.026052104208416832,agent_0018
22,493.0,0.012024048096192385,2.529546280132321,0.5116560972597763,499,0.45090180360721444,0.23046092184368738,0.3066132264529058,0.012024048096192385,agent_0018
23,493.0,0.012024048096192385,2.59204744156334,0.496306414341983,499,0.42685370741482964,0.26452905811623245,0.2965931863727455,0.012024048096192385,agent_0018
24,469.0,0.026052104208416832,2.835233178250647,0.48141722191172354,499,0.4909819639278557,0.27054108216432865,0.2124248496993988,0.026052104208416832,agent_0018
25,463.0,0.03006012024048096,2.914912044946233,0.4669747052543718,499,0.3967935871743487,0.3026052104208417,0.27054108216432865,0.03006012024048096,agent_0018
26,499.0,0.01002004008016032,2.677265491411777,0.4529654640967406,499,0.3847695390781563,0.2785571142284569,0.32665330661322645,0.01002004008016032,agent_0018
27,466.0,0.03206412825651302,2.8825075233766557,0.4393765001738384,499,0.4288577154308617,0.25851703406813625,0.280561122244489,0.03206412825651302,agent_0018
28,478.0,0.026052104208416832,2.7505250275470394,0.42619520516862325,499,0.5130260521042084,0.23847695390781562,0.22244488977955912,0.026052104208416832,agent_0018
29,454.0,0.04609218436873747,3.027424963985857,0.4134093490135645,499,0.48296593186372744,0.2124248496993988,0.25851703406813625,0.04609218436873747,agent_0018
30,478.0,0.028056112224448898,3.0499138344645407,0.4010070685431576,499,0.44488977955911824,0.27655310621242485,0.250501002004008,0.028056112224448898,agent_0018
31,472.0,0.028056112224448898,2.875630196996712,0.38897685648686287,499,0.5170340681362725,0.23046092184368738,0.22444889779559118,0.028056112224448898,agent_0018
32,496.0,0.01603206412825651,2.857627775326697,0.377307550792257,499,0.43887775551102204,0.2605210420841683,0.2845691382765531,0.01603206412825651,agent_0018
33,469.0,0.03406813627254509,2.9147698514390155,0.36598832426848926,499,0.4288577154308617,0.26452905811623245,0.2725450901803607,0.03406813627254509,agent_0018
34,490.0,0.018036072144288578,2.883948845047581,0.35500867454043455,499,0.40080160320641284,0.2545090180360721,0.32665330661322645,0.018036072144288578,agent_0018
35,475.0,0.022044088176352707,2.809689662311319,0.3443584143042215,499,0.43887775551102204,0.2665330661322645,0.2725450901803607,0.022044088176352707,agent_0018
36,478.0,0.02404809619238477,2.874522300768815,0.3340276618750948,499,0.38877755511022044,0.3166332665330661,0.27054108216432865,0.02404809619238477,agent_0018
37,478.0,0.026052104208416832,2.872949104371921,0.32400683201884195,499,0.48096192384769537,0.25250501002004005,0.24048096192384769,0.026052104208416832,agent_0018
38,481.0,0.03006012024048096,3.086555216459953,0.3142866270582767,499,0.40681362725450904,0.3026052104208417,0.2605210420841683,0.03006012024048096,agent_0018
39,490.0,0.012024048096192385,2.7762162386992078,0.3048580282465284,499,0.39879759519038077,0.280561122244489,0.30861723446893785,0.012024048096192385,agent_0018
40,466.0,0.03406813627254509,3.072439364564434,0.2957122873991326,499,0.3727454909819639,0.2925851703406814,0.30060120240480964,0.03406813627254509,agent_0018
41,496.0,0.006012024048096192,2.6400920422913052,0.2868409187771586,499,0.4028056112224449,0.25851703406813625,0.33266533066132264,0.006012024048096192,agent_0018
42,475.0,0.026052104208416832,2.955339526574969,0.27823569121384384,499,0.33867735470941884,0.28256513026052105,0.3527054108216433,0.026052104208416832,agent_0018
43,499.0,0.0,2.572534653538048,0.2698886204774285,499,0.27655310621242485,0.3406813627254509,0.38276553106212424,0.0,agent_0018
44,472.0,0.022044088176352707,2.7219373307782337,0.26179196186310566,499,0.48296593186372744,0.22645290581162325,0.2685370741482966,0.022044088176352707,agent_0018
45,496.0,0.008016032064128256,2.5012971503203905,0.2539382030072125,499,0.44288577154308617,0.26452905811623245,0.2845691382765531,0.008016032064128256,agent_0018
46,469.0,0.03206412825651302,3.036564933764944,0.2463200569169961,499,0.44889779559118237,0.2785571142284569,0.24048096192384769,0.03206412825651302,agent_0018
47,493.0,0.006012024048096192,2.672397050126436,0.23893045520948622,499,0.342685370741483,0.3286573146292585,0.3226452905811623,0.006012024048096192,agent_0018
48,487.0,0.014028056112224449,2.8666324540297454,0.23176254155320164,499,0.312625250501002,0.32665330661322645,0.3466933867735471,0.014028056112224449,agent_0018
49,493.0,0.01002004008016032,2.7204175937304216,0.2248096653066056,499,0.38877755511022044,0.3106212424849699,0.2905811623246493,0.01002004008016032,agent_0018
50,466.0,0.03406813627254509,3.071807669165104,0.21806537534740741,499,0.3687374749498998,0.2865731462925852,0.3106212424849699,0.03406813627254509,agent_0018
51,466.0,0.03406813627254509,2.950275186281188,0.2115234140869852,499,0.3907815631262525,0.3046092184368738,0.27054108216432865,0.03406813627254509,agent_0018
52,487.0,0.018036072144288578,2.909866841393391,0.20517771166437562,499,0.3627254509018036,0.3306613226452906,0.28857715430861725,0.018036072144288578,agent_0018
53,475.0,0.036072144288577156,2.9942807813428547,0.19902238031444436,499,0.43687374749499,0.2605210420841683,0.2665330661322645,0.036072144288577156,agent_0018
54,466.0,0.036072144288577156,2.828393201464041,0.19305170890501103,499,0.5230460921843687,0.19238476953907815,0.24849699398797595,0.036072144288577156,agent_0018
55,490.0,0.012024048096192385,2.750447942498269,0.1872601576378607,499,0.38276553106212424,0.280561122244489,0.3246492985971944,0.012024048096192385,agent_0018
56,490.0,0.02404809619238477,2.9291511354934903,0.18164235290872485,499,0.40080160320641284,0.3066132264529058,0.2685370741482966,0.02404809619238477,agent_0018
57,466.0,0.04008016032064128,3.2949375268557084,0.1761930823214631,499,0.3026052104208417,0.342685370741483,0.31462925851703405,0.04008016032064128,agent_0018
58,478.0,0.022044088176352707,2.7461463616697785,0.17090728985181922,499,0.42685370741482964,0.26452905811623245,0.2865731462925852,0.022044088176352707,agent_0018
59,481.0,0.02404809619238477,2.703914622784073,0.16578007115626464,499,0.4468937875751503,0.2725450901803607,0.2565130260521042,0.02404809619238477,agent_0018
60,469.0,0.03206412825651302,2.9900686024599255,0.1608066690215767,499,0.46092184368737477,0.2625250501002004,0.24448897795591182,0.03206412825651302,agent_0018
61,457.0,0.04609218436873747,3.3570349435294027,0.1559824689509294,499,0.3727454909819639,0.2965931863727455,0.2845691382765531,0.04609218436873747,agent_0018
62,478.0,0.02004008016032064,2.7195326446776735,0.1513029948824015,499,0.4348697394789579,0.2985971943887776,0.24649298597194388,0.02004008016032064,agent_0018
63,487.0,0.02004008016032064,2.7699207535178476,0.14676390503592945,499,0.45090180360721444,0.25851703406813625,0.27054108216432865,0.02004008016032064,agent_0018
64,487.0,0.02004008016032064,2.8971412863627872,0.14236098788485158,499,0.35671342685370744,0.28857715430861725,0.3346693386773547,0.02004008016032064,agent_0018
65,475.0,0.02404809619238477,2.6573014629532485,0.13809015824830603,499,0.46092184368737477,0.23847695390781562,0.27655310621242485,0.02404809619238477,agent_0018
66,496.0,0.006012024048096192,2.538522418542548,0.13394745350085685,499,0.531062124248497,0.24849699398797595,0.21442885771543085,0.006012024048096192,agent_0018
67,493.0,0.01002004008016032,2.4574031209811533,0.12992902989583113,499,0.503006012024048,0.24248496993987975,0.24448897795591182,0.01002004008016032,agent_0018
68,475.0,0.026052104208416832,2.817137748144529,0.1260311589989562,499,0.49298597194388777,0.24448897795591182,0.23647294589178355,0.026052104208416832,agent_0018
69,481.0,0.022044088176352707,2.35234386725765,0.12225022422898751,499,0.6713426853707415,0.1402805611222445,0.16633266533066132,0.022044088176352707,agent_0018
70,475.0,0.03006012024048096,2.878594943368525,0.11858271750211788,499,0.4188376753507014,0.23647294589178355,0.31462925851703405,0.03006012024048096,agent_0018
71,496.0,0.004008016032064128,2.352462455089763,0.11502523597705434,499,0.5270541082164328,0.22645290581162325,0.24248496993987975,0.004008016032064128,agent_0018
72,481.0,0.022044088176352707,2.743264454140962,0.1115744788977427,499,0.43687374749499,0.26452905811623245,0.27655310621242485,0.022044088176352707,agent_0018
73,490.0,0.01002004008016032,2.6038221049825574,0.10822724453081042,499,0.49899799599198397,0.2605210420841683,0.23046092184368738,0.01002004008016032,agent_0018
74,490.0,0.014028056112224449,2.659321172416068,0.10498042719488611,499,0.44889779559118237,0.24849699398797595,0.28857715430861725,0.014028056112224449,agent_0018
75,493.0,0.006012024048096192,2.376010650539764,0.10183101437903952,499,0.533066132264529,0.20841683366733466,0.25250501002004005,0.006012024048096192,agent_0018
76,487.0,0.02404809619238477,2.8612205538286983,0.09877608394766833,499,0.45691382765531063,0.250501002004008,0.2685370741482966,0.02404809619238477,agent_0018
77,472.0,0.028056112224448898,2.6920765776194786,0.09581280142923829,499,0.5430861723446894,0.21442885771543085,0.21442885771543085,0.028056112224448898,agent_0018
78,499.0,0.004008016032064128,2.6698159049986683,0.09293841738636113,499,0.42685370741482964,0.3106212424849699,0.25851703406813625,0.004008016032064128,agent_0018
79,481.0,0.02404809619238477,2.985315837620737,0.09015026486477029,499,0.33266533066132264,0.3166332665330661,0.32665330661322645,0.02404809619238477,agent_0018
80,454.0,0.04208416833667335,2.8902152981740903,0.08744575691882718,499,0.49498997995991983,0.20841683366733466,0.2545090180360721,0.04208416833667335,agent_0018
81,481.0,0.022044088176352707,2.83274271008521,0.08482238421126237,499,0.43687374749499,0.23847695390781562,0.3026052104208417,0.022044088176352707,agent_0018
82,484.0,0.022044088176352707,2.7751174412211066,0.0822777126849245,499,0.4188376753507014,0.28857715430861725,0.27054108216432865,0.022044088176352707,agent_0018
83,493.0,0.01002004008016032,2.583318209443859,0.07980938130437676,499,0.44288577154308617,0.2625250501002004,0.2845691382765531,0.01002004008016032,agent_0018
84,466.0,0.028056112224448898,2.8992276749746773,0.07741509986524546,499,0.374749498997996,0.29458917835671344,0.3026052104208417,0.028056112224448898,agent_0018
85,490.0,0.01603206412825651,2.8787993155142524,0.0750926468692881,499,0.3867735470941884,0.2925851703406814,0.3046092184368738,0.01603206412825651,agent_0018
86,487.0,0.01603206412825651,2.836362499294922,0.07283986746320946,499,0.38877755511022044,0.3286573146292585,0.2665330661322645,0.01603206412825651,agent_0018
87,487.0,0.014028056112224449,2.7818663874550893,0.07065467143931317,499,0.3466933867735471,0.3306613226452906,0.30861723446893785,0.014028056112224449,agent_0018
88,487.0,0.014028056112224449,2.8857177784447723,0.06853503129613378,499,0.3166332665330661,0.30861723446893785,0.36072144288577157,0.014028056112224449,agent_0018
89,484.0,0.014028056112224449,2.7482565417822693,0.06647898035724976,499,0.36072144288577157,0.2905811623246493,0.3346693386773547,0.014028056112224449,agent_0018
90,469.0,0.03006012024048096,2.8254389300221363,0.06448461094653227,499,0.46292585170340683,0.25851703406813625,0.24849699398797595,0.03006012024048096,agent_0018
91,457.0,0.04208416833667335,3.061866172362471,0.06255007261813629,499,0.44288577154308617,0.20641282565130262,0.30861723446893785,0.04208416833667335,agent_0018
92,481.0,0.022044088176352707,2.7961088701726156,0.0606735704395922,499,0.46893787575150303,0.26452905811623245,0.24448897795591182,0.022044088176352707,agent_0018
93,466.0,0.04008016032064128,3.1538898481411466,0.05885336332640443,499,0.34468937875751504,0.2865731462925852,0.3286573146292585,0.04008016032064128,agent_0018
94,490.0,0.01603206412825651,2.74135888353933,0.057087762426612294,499,0.4649298597194389,0.24448897795591182,0.2745490981963928,0.01603206412825651,agent_0018
95,487.0,0.018036072144288578,2.6618692686823175,0.05537512955381393,499,0.5110220440881763,0.22645290581162325,0.24448897795591182,0.018036072144288578,agent_0018
96,475.0,0.028056112224448898,2.7320845234430884,0.053713875667199505,499,0.5831663326653307,0.20440881763527055,0.1843687374749499,0.028056112224448898,agent_0018
97,496.0,0.01002004008016032,2.020409141313287,0.05210245939718352,499,0.7755511022044088,0.11422845691382766,0.10020040080160321,0.01002004008016032,agent_0018
98,478.0,0.02404809619238477,2.373841485616277,0.05053938561526801,499,0.7675350701402806,0.10020040080160321,0.10821643286573146,0.02404809619238477,agent_0018
99,478.0,0.02404809619238477,2.2885046898038337,0.05,499,0.7294589178356713,0.11222444889779559,0.1342685370741483,0.02404809619238477,agent_0018
100,460.0,0.03807615230460922,2.5775027731808215,0.05,499,0.6513026052104208,0.15430861723446893,0.156312625250501,0.03807615230460922,agent_0018
101,499.0,0.004008016032064128,2.1507540212757417,0.05,499,0.6693386773547094,0.1342685370741483,0.19238476953907815,0.004008016032064128,agent_0018
102,499.0,0.014028056112224449,2.844274858410337,0.05,499,0.4709418837675351,0.250501002004008,0.26452905811623245,0.014028056112224449,agent_0018
103,484.0,0.02004008016032064,2.7690566610954894,0.05,499,0.45490981963927857,0.25851703406813625,0.2665330661322645,0.02004008016032064,agent_0018
104,472.0,0.028056112224448898,2.775482881088428,0.05,499,0.5250501002004008,0.24048096192384769,0.20641282565130262,0.028056112224448898,agent_0018
105,466.0,0.03206412825651302,2.8493269532457037,0.05,499,0.5490981963927856,0.23847695390781562,0.18036072144288579,0.03206412825651302,agent_0018
106,499.0,0.002004008016032064,2.30494023143644,0.05,499,0.5370741482965932,0.2124248496993988,0.24849699398797595,0.002004008016032064,agent_0018
107,499.0,0.004008016032064128,2.399431233065048,0.05,499,0.5270541082164328,0.23647294589178355,0.23246492985971945,0.004008016032064128,agent_0018
108,466.0,0.03406813627254509,2.999151639731988,0.05,499,0.49298597194388777,0.23046092184368738,0.24248496993987975,0.03406813627254509,agent_0018
109,484.0,0.02004008016032064,2.6602418652985933,0.05,499,0.593186372745491,0.20641282565130262,0.18036072144288579,0.02004008016032064,agent_0018
110,481.0,0.028056112224448898,2.8406421671531774,0.05,499,0.4749498997995992,0.22244488977955912,0.2745490981963928,0.028056112224448898,agent_0018
111,463.0,0.03807615230460922,3.009666621881038,0.05,499,0.4589178356713427,0.25250501002004005,0.250501002004008,0.03807615230460922,agent_0018
112,493.0,0.012024048096192385,2.8424013815503346,0.05,499,0.3587174348697395,0.33867735470941884,0.2905811623246493,0.012024048096192385,agent_0018
113,499.0,0.002004008016032064,2.477977597021293,0.05,499,0.45691382765531063,0.24448897795591182,0.2965931863727455,0.002004008016032064,agent_0018
114,478.0,0.022044088176352707,2.8349325337938533,0.05,499,0.3627254509018036,0.27655310621242485,0.33867735470941884,0.022044088176352707,agent_0018
115,481.0,0.01603206412825651,2.660278628562092,0.05,499,0.40681362725450904,0.28857715430861725,0.28857715430861725,0.01603206412825651,agent_0018
116,466.0,0.03206412825651302,2.9709396804324713,0.05,499,0.3286573146292585,0.31462925851703405,0.3246492985971944,0.03206412825651302,agent_0018
117,466.0,0.03206412825651302,3.0839549125791175,0.05,499,0.3046092184368738,0.3306613226452906,0.33266533066132264,0.03206412825651302,agent_0018
118,484.0,0.018036072144288578,2.851522062073767,0.05,499,0.39478957915831664,0.2905811623246493,0.2965931863727455,0.018036072144288578,agent_0018
119,475.0,0.026052104208416832,3.014244776694973,0.05,499,0.3787575150300601,0.28256513026052105,0.312625250501002,0.026052104208416832,agent_0018
0,487.0,0.018036072144288578,2.7340461409888075,1.0,499,0.44488977955911824,0.312625250501002,0.22444889779559118,0.018036072144288578,agent_0019
1,454.0,0.04008016032064128,2.89556024346446,0.97,499,0.45691382765531063,0.24048096192384769,0.2625250501002004,0.04008016032064128,agent_0019
2,472.0,0.03406813627254509,2.9542566933268333,0.9409,499,0.4969939879759519,0.23647294589178355,0.23246492985971945,0.03406813627254509,agent_0019
3,481.0,0.028056112224448898,2.7566558430718664,0.912673,499,0.48697394789579157,0.2565130260521042,0.22845691382765532,0.028056112224448898,agent_0019
4,442.0,0.06012024048096192,3.284086057045068,0.8852928099999999,499,0.533066132264529,0.218436873747495,0.18837675350701402,0.06012024048096192,agent_0019
5,481.0,0.01603206412825651,2.558626260833332,0.8587340256999999,499,0.47695390781563124,0.24048096192384769,0.2665330661322645,0.01603206412825651,agent_0019
6,481.0,0.018036072144288578,2.7298830284284312,0.8329720049289999,499,0.48096192384769537,0.23847695390781562,0.2625250501002004,0.018036072144288578,agent_0019
7,481.0,0.026052104208416832,2.7487174126062417,0.8079828447811299,499,0.4709418837675351,0.2565130260521042,0.24649298597194388,0.026052104208416832,agent_0019
8,469.0,0.028056112224448898,2.7789239726617447,0.783743359437696,499,0.4168336673346693,0.2545090180360721,0.30060120240480964,0.028056112224448898,agent_0019
9,466.0,0.036072144288577156,2.916559830280302,0.7602310586545651,499,0.4909819639278557,0.24849699398797595,0.22444889779559118,0.036072144288577156,agent_0019
10,490.0,0.008016032064128256,2.508652132453483,0.7374241268949281,499,0.4308617234468938,0.24649298597194388,0.31462925851703405,0.008016032064128256,agent_0019
11,478.0,0.026052104208416832,2.894759563114779,0.7153014030880802,499,0.44288577154308617,0.2665330661322645,0.26452905811623245,0.026052104208416832,agent_0019
12,475.0,0.028056112224448898,2.838159445281225,0.6938423609954378,499,0.42084168336673344,0.280561122244489,0.27054108216432865,0.028056112224448898,agent_0019
13,475.0,0.018036072144288578,2.7324048511627854,0.6730270901655747,499,0.42084168336673344,0.2925851703406814,0.2685370741482966,0.018036072144288578,agent_0019
14,475.0,0.03006012024048096,3.0690713677437556,0.6528362774606075,499,0.39879759519038077,0.27655310621242485,0.29458917835671344,0.03006012024048096,agent_0019
15,472.0,0.028056112224448898,2.9786922965795686,0.6332511891367892,499,0.43286573146292584,0.2605210420841683,0.2785571142284569,0.028056112224448898,agent_0019
16,496.0,0.006012024048096192,2.431304708424772,0.6142536534626856,499,0.5470941883767535,0.2124248496993988,0.23446893787575152,0.006012024048096192,agent_0019
17,484.0,0.014028056112224449,2.4817754319858856,0.595826043858805,499,0.533066132264529,0.22645290581162325,0.22645290581162325,0.014028056112224449,agent_0019
18,478.0,0.022044088176352707,2.78843250956618,0.5779512625430409,499,0.44488977955911824,0.2545090180360721,0.2785571142284569,0.022044088176352707,agent_0019
19,493.0,0.01603206412825651,2.618553498378282,0.5606127246667496,499,0.503006012024048,0.2605210420841683,0.22044088176352705,0.01603206412825651,agent_0019
20,475.0,0.028056112224448898,2.7883763697114365,0.5437943429267471,499,0.5210420841683366,0.22444889779559118,0.22645290581162325,0.028056112224448898,agent_0019
21,493.0,0.01002004008016032,2.41568392154811,0.5274805126389447,499,0.49298597194388777,0.22645290581162325,0.27054108216432865,0.01002004008016032,agent_0019
22,493.0,0.014028056112224449,2.5520723823539644,0.5116560972597763,499,0.46893787575150303,0.24048096192384769,0.27655310621242485,0.014028056112224449,agent_0019
23,469.0,0.026052104208416832,2.723463497295591,0.496306414341983,499,0.5430861723446894,0.24248496993987975,0.18837675350701402,0.026052104208416832,agent_0019
24,469.0,0.02404809619238477,2.8522146637281267,0.48141722191172354,499,0.4148296593186373,0.3026052104208417,0.25851703406813625,0.02404809619238477,agent_0019
25,493.0,0.014028056112224449,2.717441531395131,0.4669747052543718,499,0.38877755511022044,0.26452905811623245,0.33266533066132264,0.014028056112224449,agent_0019
26,466.0,0.03206412825651302,2.831062823587447,0.4529654640967406,499,0.47695390781563124,0.2124248496993988,0.2785571142284569,0.03206412825651302,agent_0019
27,478.0,0.026052104208416832,2.806504600449851,0.4393765001738384,499,0.503006012024048,0.23847695390781562,0.23246492985971945,0.026052104208416832,agent_0019
28,469.0,0.03807615230460922,3.052574103642739,0.42619520516862325,499,0.4408817635270541,0.26452905811623245,0.2565130260521042,0.03807615230460922,agent_0019
29,478.0,0.028056112224448898,3.02993249240857,0.4134093490135645,499,0.4789579158316633,0.24849699398797595,0.24448897795591182,0.028056112224448898,agent_0019
30,472.0,0.03006012024048096,3.062871426235696,0.4010070685431576,499,0.4468937875751503,0.2665330661322645,0.2565130260521042,0.03006012024048096,agent_0019
31,496.0,0.01603206412825651,2.792099285860651,0.38897685648686287,499,0.46693386773547096,0.23647294589178355,0.280561122244489,0.01603206412825651,agent_0019
32,469.0,0.03406813627254509,2.7908930406882835,0.377307550792257,499,0.4909819639278557,0.23446893787575152,0.24048096192384769,0.03406813627254509,agent_0019
33,490.0,0.018036072144288578,2.8633826929501143,0.36598832426848926,499,0.43687374749499,0.25851703406813625,0.2865731462925852,0.018036072144288578,agent_0019
34,475.0,0.022044088176352707,2.7381671931543345,0.35500867454043455,499,0.4749498997995992,0.24248496993987975,0.2605210420841683,0.022044088176352707,agent_0019
35,478.0,0.02404809619238477,2.7740097113934077,0.3443584143042215,499,0.4408817635270541,0.24649298597194388,0.28857715430861725,0.02404809619238477,agent_0019
36,478.0,0.026052104208416832,2.8105710502593,0.3340276618750948,499,0.49899799599198397,0.24048096192384769,0.23446893787575152,0.026052104208416832,agent_0019
37,475.0,0.03206412825651302,3.063965384393386,0.32400683201884195,499,0.40080160320641284,0.2965931863727455,0.27054108216432865,0.03206412825651302,agent_0019
38,490.0,0.012024048096192385,2.7928791165010676,0.3142866270582767,499,0.3687374749498998,0.2745490981963928,0.34468937875751504,0.012024048096192385,agent_0019
39,466.0,0.03006012024048096,2.8974906572598638,0.3048580282465284,499,0.4248496993987976,0.26452905811623245,0.280561122244489,0.03006012024048096,agent_0019
40,496.0,0.006012024048096192,2.5778026651364043,0.2957122873991326,499,0.46092184368737477,0.23647294589178355,0.2965931863727455,0.006012024048096192,agent_0019
41,472.0,0.03006012024048096,2.963011562203454,0.2868409187771586,499,0.3927855711422846,0.26452905811623245,0.312625250501002,0.03006012024048096,agent_0019
42,499.0,0.0,2.3470686546854522,0.27823569121384384,499,0.45691382765531063,0.25250501002004005,0.2905811623246493,0.0,agent_0019
43,478.0,0.018036072144288578,2.710002167200197,0.2698886204774285,499,0.4709418837675351,0.24649298597194388,0.26452905811623245,0.018036072144288578,agent_0019
44,496.0,0.008016032064128256,2.429021040876421,0.26179196186310566,499,0.5170340681362725,0.24448897795591182,0.23046092184368738,0.008016032064128256,agent_0019
45,460.0,0.036072144288577156,3.0090747000894855,0.2539382030072125,499,0.48897795591182364,0.2605210420841683,0.21442885771543085,0.036072144288577156,agent_0019
46,493.0,0.006012024048096192,2.507531116702121,0.2463200569169961,499,0.44488977955911824,0.2725450901803607,0.27655310621242485,0.006012024048096192,agent_0019
47,487.0,0.014028056112224449,2.831498215077879,0.23893045520948622,499,0.35671342685370744,0.3106212424849699,0.3186372745490982,0.014028056112224449,agent_0019
48,493.0,0.01002004008016032,2.6930972049678417,0.23176254155320164,499,0.4288577154308617,0.28857715430861725,0.2725450901803607,0.01002004008016032,agent_0019
49,466.0,0.03406813627254509,3.020669535871029,0.2248096653066056,499,0.41282565130260523,0.24649298597194388,0.3066132264529058,0.03406813627254509,agent_0019
50,457.0,0.04008016032064128,2.835069861234859,0.21806537534740741,499,0.5230460921843687,0.22244488977955912,0.21442885771543085,0.04008016032064128,agent_0019
51,487.0,0.018036072144288578,2.6536655838145333,0.2115234140869852,499,0.5270541082164328,0.23046092184368738,0.22444889779559118,0.018036072144288578,agent_0019
52,472.0,0.04008016032064128,3.1720764678686386,0.20517771166437562,499,0.35470941883767537,0.30861723446893785,0.2965931863727455,0.04008016032064128,agent_0019
53,463.0,0.03807615230460922,2.830448904191307,0.19902238031444436,499,0.5110220440881763,0.1903807615230461,0.2605210420841683,0.03807615230460922,agent_0019
54,490.0,0.012024048096192385,2.669319208150926,0.19305170890501103,499,0.4188376753507014,0.2605210420841683,0.30861723446893785,0.012024048096192385,agent_0019
55,490.0,0.02404809619238477,2.733766972026157,0.1872601576378607,499,0.48096192384769537,0.23446893787575152,0.2605210420841683,0.02404809619238477,agent_0019
56,466.0,0.04008016032064128,3.007227783736724,0.18164235290872485,499,0.4709418837675351,0.23446893787575152,0.2545090180360721,0.04008016032064128,agent_0019
57,478.0,0.022044088176352707,2.896764000675354,0.1761930823214631,499,0.3186372745490982,0.32665330661322645,0.33266533066132264,0.022044088176352707,agent_0019
58,481.0,0.022044088176352707,2.7823267189680267,0.17090728985181922,499,0.3807615230460922,0.30861723446893785,0.28857715430861725,0.022044088176352707,agent_0019
59,469.0,0.03206412825651302,3.012553810042952,0.16578007115626464,499,0.4088176352705411,0.2665330661322645,0.2925851703406814,0.03206412825651302,agent_0019
60,460.0,0.04208416833667335,3.2324387142596964,0.1608066690215767,499,0.4168336673346693,0.2725450901803607,0.2685370741482966,0.04208416833667335,agent_0019
61,478.0,0.02004008016032064,2.5910257773582046,0.1559824689509294,499,0.5050100200400801,0.27054108216432865,0.20440881763527055,0.02004008016032064,agent_0019
62,487.0,0.02004008016032064,2.735745884973335,0.1513029948824015,499,0.49498997995991983,0.25851703406813625,0.22645290581162325,0.02004008016032064,agent_0019
63,481.0,0.02404809619238477,2.7149529917466566,0.14676390503592945,499,0.5410821643286573,0.218436873747495,0.21643286573146292,0.02404809619238477,agent_0019
64,460.0,0.03206412825651302,2.7175365507046902,0.14236098788485158,499,0.4729458917835671,0.23647294589178355,0.25851703406813625,0.03206412825651302,agent_0019
65,496.0,0.006012024048096192,2.5775512800438283,0.13809015824830603,499,0.48897795591182364,0.2685370741482966,0.23647294589178355,0.006012024048096192,agent_0019
66,466.0,0.03406813627254509,2.9378120454537275,0.13394745350085685,499,0.3627254509018036,0.2965931863727455,0.3066132264529058,0.03406813627254509,agent_0019
67,487.0,0.01603206412825651,3.001093610486363,0.12992902989583113,499,0.30060120240480964,0.33266533066132264,0.35070140280561124,0.01603206412825651,agent_0019
68,481.0,0.022044088176352707,2.984098372318384,0.1260311589989562,499,0.29458917835671344,0.3527054108216433,0.3306613226452906,0.022044088176352707,agent_0019
69,466.0,0.036072144288577156,2.95239380727569,0.12225022422898751,499,0.4348697394789579,0.24448897795591182,0.2845691382765531,0.036072144288577156,agent_0019
70,496.0,0.004008016032064128,2.3653984273033646,0.11858271750211788,499,0.5070140280561122,0.24649298597194388,0.24248496993987975,0.004008016032064128,agent_0019
71,478.0,0.026052104208416832,2.8538974647776816,0.11502523597705434,499,0.3807615230460922,0.28256513026052105,0.3106212424849699,0.026052104208416832,agent_0019
72,487.0,0.012024048096192385,2.5449311519293363,0.1115744788977427,499,0.49899799599198397,0.22845691382765532,0.2605210420841683,0.012024048096192385,agent_0019
73,490.0,0.014028056112224449,2.65109616018642,0.10822724453081042,499,0.4709418837675351,0.22444889779559118,0.2905811623246493,0.014028056112224449,agent_0019
74,493.0,0.008016032064128256,2.5743349315221375,0.10498042719488611,499,0.43286573146292584,0.2665330661322645,0.2925851703406814,0.008016032064128256,agent_0019
75,484.0,0.026052104208416832,2.706812726234562,0.10183101437903952,499,0.5350701402805611,0.20841683366733466,0.23046092184368738,0.026052104208416832,agent_0019
76,472.0,0.028056112224448898,2.552920431069513,0.09877608394766833,499,0.6392785571142284,0.1462925851703407,0.18637274549098196,0.028056112224448898,agent_0019
77,499.0,0.004008016032064128,2.4438367620026327,0.09581280142923829,499,0.5551102204408818,0.22444889779559118,0.21643286573146292,0.004008016032064128,agent_0019
78,481.0,0.02404809619238477,2.7595904268785456,0.09293841738636113,499,0.501002004008016,0.23847695390781562,0.23647294589178355,0.02404809619238477,agent_0019
79,454.0,0.04208416833667335,3.0121383400296433,0.09015026486477029,499,0.39478957915831664,0.2725450901803607,0.2905811623246493,0.04208416833667335,agent_0019
80,481.0,0.022044088176352707,2.9556693163881484,0.08744575691882718,499,0.3927855711422846,0.2745490981963928,0.3106212424849699,0.022044088176352707,agent_0019
81,484.0,0.022044088176352707,2.808096616932969,0.08482238421126237,499,0.3867735470941884,0.2845691382765531,0.3066132264529058,0.022044088176352707,agent_0019
82,490.0,0.012024048096192385,2.682681158132409,0.0822777126849245,499,0.374749498997996,0.29458917835671344,0.3186372745490982,0.012024048096192385,agent_0019
83,466.0,0.028056112224448898,2.819214110429942,0.07980938130437676,499,0.40080160320641284,0.2785571142284569,0.2925851703406814,0.028056112224448898,agent_0019
84,490.0,0.014028056112224449,2.758434164941139,0.07741509986524546,499,0.3907815631262525,0.2745490981963928,0.32064128256513025,0.014028056112224449,agent_0019
85,487.0,0.01603206412825651,2.7417697620276575,0.0750926468692881,499,0.43887775551102204,0.30060120240480964,0.24448897795591182,0.01603206412825651,agent_0019
86,487.0,0.014028056112224449,2.6306387139120604,0.07283986746320946,499,0.48096192384769537,0.28256513026052105,0.22244488977955912,0.014028056112224449,agent_0019
87,487.0,0.014028056112224449,2.7138849882663263,0.07065467143931317,499,0.43887775551102204,0.25851703406813625,0.28857715430861725,0.014028056112224449,agent_0019
88,478.0,0.018036072144288578,2.650620153196806,0.06853503129613378,499,0.46292585170340683,0.2545090180360721,0.26452905811623245,0.018036072144288578,agent_0019
89,478.0,0.022044088176352707,2.7271505612645335,0.06647898035724976,499,0.44288577154308617,0.24649298597194388,0.28857715430861725,0.022044088176352707,agent_0019
90,457.0,0.04408817635270541,3.173593670148831,0.06448461094653227,499,0.42084168336673344,0.23446893787575152,0.30060120240480964,0.04408817635270541,agent_0019
91,481.0,0.022044088176352707,2.6907557571202587,0.06255007261813629,499,0.49298597194388777,0.2565130260521042,0.22845691382765532,0.022044088176352707,agent_0019
92,439.0,0.056112224448897796,2.9846609840492606,0.0606735704395922,499,0.5230460921843687,0.20440881763527055,0.21643286573146292,0.056112224448897796,agent_0019
93,451.0,0.04208416833667335,3.0353958806794825,0.05885336332640443,499,0.44288577154308617,0.23847695390781562,0.27655310621242485,0.04208416833667335,agent_0019
94,469.0,0.03006012024048096,2.875926841948106,0.057087762426612294,499,0.48897795591182364,0.23647294589178355,0.24448897795591182,0.03006012024048096,agent_0019
95,481.0,0.022044088176352707,2.8271374439559143,0.05537512955381393,499,0.4729458917835671,0.2725450901803607,0.23246492985971945,0.022044088176352707,agent_0019
96,496.0,0.01002004008016032,2.634630535852084,0.053713875667199505,499,0.3667334669338677,0.3246492985971944,0.2985971943887776,0.01002004008016032,agent_0019
97,478.0,0.022044088176352707,2.9865315488909507,0.05210245939718352,499,0.3406813627254509,0.3106212424849699,0.32665330661322645,0.022044088176352707,agent_0019
98,478.0,0.02404809619238477,2.8241086701048044,0.05053938561526801,499,0.3166332665330661,0.3166332665330661,0.342685370741483,0.02404809619238477,agent_0019
99,460.0,0.03807615230460922,2.8478052755430934,0.05,499,0.4288577154308617,0.26452905811623245,0.2685370741482966,0.03807615230460922,agent_0019
100,499.0,0.004008016032064128,2.439414154011813,0.05,499,0.47695390781563124,0.23647294589178355,0.28256513026052105,0.004008016032064128,agent_0019
101,499.0,0.014028056112224449,2.944860203430971,0.05,499,0.36472945891783565,0.30060120240480964,0.32064128256513025,0.014028056112224449,agent_0019
102,475.0,0.026052104208416832,2.9286184716902843,0.05,499,0.42084168336673344,0.28857715430861725,0.26452905811623245,0.026052104208416832,agent_0019
103,463.0,0.03406813627254509,2.8036986776870148,0.05,499,0.49298597194388777,0.2625250501002004,0.21042084168336672,0.03406813627254509,agent_0019
104,448.0,0.04408817635270541,2.8661641298740674,0.05,499,0.6092184368737475,0.17835671342685372,0.1683366733466934,0.04408817635270541,agent_0019
105,499.0,0.002004008016032064,2.4467566249495283,0.05,499,0.4729458917835671,0.250501002004008,0.2745490981963928,0.002004008016032064,agent_0019
106,499.0,0.004008016032064128,2.5059327776196993,0.05,499,0.4248496993987976,0.2665330661322645,0.3046092184368738,0.004008016032064128,agent_0019
107,445.0,0.04809619238476954,3.364180346568303,0.05,499,0.38276553106212424,0.2725450901803607,0.2965931863727455,0.04809619238476954,agent_0019
108,475.0,0.026052104208416832,2.980870951700871,0.05,499,0.41282565130260523,0.2725450901803607,0.28857715430861725,0.026052104208416832,agent_0019
109,475.0,0.03206412825651302,3.057656811019902,0.05,499,0.33266533066132264,0.2845691382765531,0.35070140280561124,0.03206412825651302,agent_0019
110,457.0,0.04408817635270541,3.1664707601555033,0.05,499,0.4168336673346693,0.29458917835671344,0.24448897795591182,0.04408817635270541,agent_0019
111,481.0,0.02404809619238477,2.9939550306612555,0.05,499,0.3927855711422846,0.2925851703406814,0.2905811623246493,0.02404809619238477,agent_0019
112,499.0,0.002004008016032064,2.496194078906229,0.05,499,0.4028056112224449,0.2685370741482966,0.32665330661322645,0.002004008016032064,agent_0019
113,466.0,0.03006012024048096,2.925125096377473,0.05,499,0.3587174348697395,0.27054108216432865,0.3406813627254509,0.03006012024048096,agent_0019
114,466.0,0.028056112224448898,2.8834911406568984,0.05,499,0.3727454909819639,0.3026052104208417,0.2965931863727455,0.028056112224448898,agent_0019
115,472.0,0.03006012024048096,2.9917297926784867,0.05,499,0.3046092184368738,0.3406813627254509,0.3246492985971944,0.03006012024048096,agent_0019
116,466.0,0.03206412825651302,2.849288639060646,0.05,499,0.48296593186372744,0.24048096192384769,0.24448897795591182,0.03206412825651302,agent_0019
117,484.0,0.018036072144288578,2.606549556572622,0.05,499,0.593186372745491,0.2124248496993988,0.17635270541082165,0.018036072144288578,agent_0019
118,472.0,0.028056112224448898,2.7524404199343095,0.05,499,0.5731462925851704,0.1903807615230461,0.20841683366733466,0.028056112224448898,agent_0019
119,496.0,0.01002004008016032,2.5843976325208793,0.05,499,0.47695390781563124,0.2545090180360721,0.25851703406813625,0.01002004008016032,agent_0019
