min_covar,restart,ll_per_obs,n_iter,em_converged,health_ok,kept,is_winner,max_condition_number,min_eigenvalue,N,T,seed,covariance_type
0.01,0,-1.6885991822183242,275,True,True,True,False,14.116875810891246,0.0046671630075574054,10,1000,42,full
0.01,1,-1.491105337312983,38,True,True,True,False,14.015757292825496,0.004723755239910937,10,1000,42,full
0.01,2,-1.6887268388137497,300,True,True,True,False,14.117442214860978,0.004667165677899239,10,1000,42,full
0.01,3,-1.6888177744018957,300,True,True,True,False,14.11681849902651,0.0046672531068900425,10,1000,42,full
0.01,4,-1.6882763981571487,251,True,True,True,False,14.119055706006806,0.004666763443030213,10,1000,42,full
0.01,5,-1.6890089880415253,300,True,True,True,False,14.116206793877343,0.0046673225063283705,10,1000,42,full
0.01,6,-1.688611574528848,300,True,True,True,False,14.117002084572077,0.0046671373991228155,10,1000,42,full
0.01,7,-1.688600535174893,300,True,True,True,False,14.116912977174861,0.004667156318074535,10,1000,42,full
0.01,8,-1.6886254502610725,300,True,True,True,False,14.117017657828965,0.004667129791259658,10,1000,42,full
0.01,9,-1.4911053357433053,25,True,True,True,False,14.01575536359798,0.004723760986094289,10,1000,42,full
0.001,0,-1.688599187005184,278,True,True,True,False,14.116875984248715,0.004667162973195554,10,1000,42,full
0.001,1,-1.491105337192933,49,True,True,True,False,14.015757234439919,0.00472375541570906,10,1000,42,full
0.001,2,-1.6888267327253346,300,True,True,True,False,14.117548824412863,0.0046671889648119734,10,1000,42,full
0.001,3,-1.6888162618701414,300,True,True,True,False,14.116793791296873,0.00466725807645906,10,1000,42,full
0.001,4,-1.6882764324397017,246,True,True,True,False,14.119056600204505,0.0046667639065611196,10,1000,42,full
0.001,5,-1.6890113107986189,300,True,True,True,False,14.116197430501344,0.0046673223426610885,10,1000,42,full
0.001,6,-1.688614583944207,300,True,True,True,False,14.117008998818495,0.004667135113903379,10,1000,42,full
0.001,7,-1.688600801058999,300,True,True,True,False,14.116918208709516,0.004667155358057527,10,1000,42,full
0.001,8,-1.6886328102205779,300,True,True,True,False,14.11701648552727,0.00466712755909985,10,1000,42,full
0.001,9,-1.4911053357225985,26,True,True,True,True,14.015755413559823,0.00472376083959518,10,1000,42,full
0.0001,0,-1.6885991901341941,278,True,True,True,False,14.116876113531237,0.0046671629500440156,10,1000,42,full
0.0001,1,-1.4911053370892398,38,True,True,True,False,14.015757182106634,0.0047237555732169536,10,1000,42,full
0.0001,2,-1.6889614452128212,91,True,True,True,False,14.117336161803092,0.004667233704247311,10,1000,42,full
0.0001,3,-1.6888160994109902,300,True,True,True,False,14.11679112265106,0.004667258612001361,10,1000,42,full
0.0001,4,-1.6882764321101997,246,True,True,True,False,14.119056773534622,0.004666763955017318,10,1000,42,full
0.0001,5,-1.6890115396207959,300,True,True,True,False,14.116196532181654,0.00466732232400166,10,1000,42,full
0.0001,6,-1.6886149659845284,300,True,True,True,False,14.117009676574025,0.004667134858865481,10,1000,42,full
0.0001,7,-1.6886008325570623,300,True,True,True,False,14.116918803232211,0.004667155248554614,10,1000,42,full
0.0001,8,-1.6886338453507659,300,True,True,True,False,14.117016054520256,0.004667127299323787,10,1000,42,full
0.0001,9,-1.491105335753238,26,True,True,True,False,14.015755342390483,0.004723761049423633,10,1000,42,full
0.01,0,-1.5117666301882657,41,True,True,True,False,14.639061813678858,0.004619447440755956,10,1000,43,full
0.01,1,-1.5117666277041752,30,True,True,True,True,14.639061240972579,0.0046194547704010045,10,1000,43,full
0.01,2,-1.7031935717829711,300,True,True,True,False,14.748162113065026,0.0045653942679971535,10,1000,43,full
0.01,3,-1.70236144657012,300,True,True,True,False,14.748782386512012,0.004565348656699066,10,1000,43,full
0.01,4,-1.7032216618015457,300,True,True,True,False,14.748342274930021,0.0045653372224079515,10,1000,43,full
0.01,5,-1.7021877199919406,232,True,True,True,False,14.747589399027222,0.004565350761509243,10,1000,43,full
0.01,6,-1.7022448563041177,272,True,True,True,False,14.748022327198896,0.004565209861287358,10,1000,43,full
0.01,7,-1.7020531470170932,213,True,True,True,False,14.747662856159474,0.0045653241728466935,10,1000,43,full
0.01,8,-1.7055537942417163,300,True,True,True,False,15.036651482175182,0.004522094133541476,10,1000,43,full
0.01,9,-1.7026594367756636,300,True,True,True,False,14.748473305106733,0.004565258111054704,10,1000,43,full
0.001,0,-1.5117666303077006,41,True,True,True,False,14.639061823361446,0.004619447311503723,10,1000,43,full
0.001,1,-1.5117666277068953,30,True,True,True,False,14.639061240252358,0.004619454781995948,10,1000,43,full
0.001,2,-1.7031942918189402,300,True,True,True,False,14.748166504817974,0.0045653930233076736,10,1000,43,full
0.001,3,-1.7023587777457134,300,True,True,True,False,14.748773585688216,0.0045653630962725735,10,1000,43,full
0.001,4,-1.70321862538478,300,True,True,True,False,14.748321498179983,0.004565344379711132,10,1000,43,full
0.001,5,-1.7021877190931842,250,True,True,True,False,14.747589485325795,0.0045653507549830805,10,1000,43,full
0.001,6,-1.702244850851163,272,True,True,True,False,14.748022392051805,0.0045652100423606325,10,1000,43,full
0.001,7,-1.702053141957046,219,True,True,True,False,14.747662554337463,0.004565324512097211,10,1000,43,full
0.001,8,-1.6681196883933094,300,True,True,True,False,15.061968456114348,0.0032728923720567247,10,1000,43,full
0.001,9,-1.7026650084017811,300,True,True,True,False,14.748459316495277,0.0045652583082661635,10,1000,43,full
0.0001,0,-1.511766630319637,41,True,True,True,False,14.639061824316505,0.004619447298734389,10,1000,43,full
0.0001,1,-1.5117666277074844,30,True,True,True,False,14.639061240075973,0.004619454784411425,10,1000,43,full
0.0001,2,-1.7031943719519627,300,True,True,True,False,14.748166989648874,0.004565392885531366,10,1000,43,full
0.0001,3,-1.7023587735540553,300,True,True,True,False,14.74877357060103,0.004565363117276151,10,1000,43,full
0.0001,4,-1.7032181780561215,300,True,True,True,False,14.74831850253582,0.00456534539616524,10,1000,43,full
0.0001,5,-1.7021877192727364,253,True,True,True,False,14.747589480075982,0.004565350755169875,10,1000,43,full
0.0001,6,-1.7022448511409147,272,True,True,True,False,14.748022392626906,0.004565210049010377,10,1000,43,full
0.0001,7,-1.702053138710432,220,True,True,True,False,14.747662482546575,0.004565324589609345,10,1000,43,full
0.0001,8,-1.668006687156968,300,True,True,True,False,14.97048911762308,0.0032274571460564443,10,1000,43,full
0.0001,9,-1.7026655501007943,300,True,True,True,False,14.748457933297985,0.0045652583293469854,10,1000,43,full
0.01,0,-1.6978067444772729,300,True,True,True,False,14.726306736380712,0.0045707960789112805,10,1000,44,full
0.01,1,-1.500661363871044,35,True,True,True,False,14.623598235718811,0.004622764007077751,10,1000,44,full
0.01,2,-1.6976299935231947,300,True,True,True,False,14.726692123795711,0.004570793945578793,10,1000,44,full
0.01,3,-1.6988766713817283,300,True,True,True,False,14.726324464308979,0.00457069863776498,10,1000,44,full
0.01,4,-1.6975250841138485,270,True,True,True,False,14.726637003192748,0.004570788222715133,10,1000,44,full
0.01,5,-1.6976220641861994,300,True,True,True,False,14.726384807306218,0.004570774565969097,10,1000,44,full
0.01,6,-1.6978157113145516,300,True,True,True,False,14.726296371896701,0.0045707987678447175,10,1000,44,full
0.01,7,-1.6978227043076974,276,True,True,True,False,41.37964956975809,0.004570756440600597,10,1000,44,full
0.01,8,-1.6978247834446767,300,True,True,True,False,14.72628534066302,0.004570801431948252,10,1000,44,full
0.01,9,-1.697800790550479,300,True,True,True,False,14.726311343007694,0.004570794882813703,10,1000,44,full
0.001,0,-1.697803696527896,300,True,True,True,False,14.72630981459541,0.004570795293737899,10,1000,44,full
0.001,1,-1.5006613638640558,35,True,True,True,False,14.623598171921904,0.0046227638092932065,10,1000,44,full
0.001,2,-1.6976502262362785,300,True,True,True,False,14.726411787498924,0.0045708274257647485,10,1000,44,full
0.001,3,-1.6988809006623848,300,True,True,True,False,14.726294189699674,0.004570703397230656,10,1000,44,full
0.001,4,-1.6975250828904453,244,True,True,True,False,14.726637047559114,0.0045707882497163085,10,1000,44,full
0.001,5,-1.697620528275314,300,True,True,True,False,14.726385373489283,0.004570774294689235,10,1000,44,full
0.001,6,-1.6978161769454327,300,True,True,True,False,14.726295820105074,0.004570798909063881,10,1000,44,full
0.001,7,-1.697822753106724,300,True,True,True,False,41.37393016496767,0.004570756489193145,10,1000,44,full
0.001,8,-1.6978250827781542,300,True,True,True,False,14.726284945233132,0.00457080152459904,10,1000,44,full
0.001,9,-1.6978036865958719,300,True,True,True,False,14.726308654582443,0.0045707956017342856,10,1000,44,full
0.0001,0,-1.6978033878628342,300,True,True,True,False,14.726310120333803,0.0045707952155732935,10,1000,44,full
0.0001,1,-1.5006613638637112,35,True,True,True,True,14.623598164675935,0.004622763786843391,10,1000,44,full
0.0001,2,-1.6974911958305268,300,True,True,True,False,14.726118831516663,0.004570647869987745,10,1000,44,full
0.0001,3,-1.6988815870241254,300,True,True,True,False,14.726290903500516,0.004570703926052697,10,1000,44,full
0.0001,4,-1.6975250846899737,242,True,True,True,False,14.72663710911533,0.004570788257329305,10,1000,44,full
0.0001,5,-1.6976203913637495,300,True,True,True,False,14.726385426215012,0.004570774270471277,10,1000,44,full
0.0001,6,-1.697816245392288,300,True,True,True,False,14.726295740482259,0.00457079892917024,10,1000,44,full
0.0001,7,-1.6978227785358009,300,True,True,True,False,41.36852874970456,0.004570756514033977,10,1000,44,full
0.0001,8,-1.697825112186768,300,True,True,True,False,14.726284906273149,0.0045708015337153594,10,1000,44,full
0.0001,9,-1.6978039614247504,300,True,True,True,False,14.726308393984333,0.004570795671079457,10,1000,44,full
0.01,0,-1.7190062967375044,300,True,True,True,False,14.697327381465536,0.004514545625991127,10,1000,45,full
0.01,1,-1.7179265167343492,300,True,True,True,False,37.01465958681237,0.004514816188118127,10,1000,45,full
0.01,2,-1.7201595694215728,300,True,True,True,False,14.697305956424572,0.004514824135017461,10,1000,45,full
0.01,3,-1.7179060468106508,279,True,True,True,False,37.971864466267924,0.004514828601652396,10,1000,45,full
0.01,4,-1.7193886353175847,300,True,True,True,False,14.69781883270294,0.004515053638041483,10,1000,45,full
0.01,5,-1.7193957182386654,300,True,True,True,False,14.69782034932476,0.004515041445310131,10,1000,45,full
0.01,6,-1.5256000213200198,23,True,True,True,False,14.604375144491827,0.004572263175121643,10,1000,45,full
0.01,7,-1.7193863105451594,300,True,True,True,False,14.697817373734576,0.004515058667934504,10,1000,45,full
0.01,8,-1.719384082027325,300,True,True,True,False,14.69781523048629,0.00451506513918677,10,1000,45,full
0.01,9,-1.6837749412945315,121,True,True,True,False,15.253869463360385,0.0029149327280512615,10,1000,45,full
0.001,0,-1.7190045782295682,300,True,True,True,False,14.697334845526193,0.004514547332318975,10,1000,45,full
0.001,1,-1.7179320107054605,300,True,True,True,False,37.13195179610876,0.004514812818986673,10,1000,45,full
0.001,2,-1.720162586622086,300,True,True,True,False,14.697290490312032,0.004514823616550213,10,1000,45,full
0.001,3,-1.7179060454754802,281,True,True,True,False,37.97490498049433,0.004514828610422085,10,1000,45,full
0.001,4,-1.719388806558371,300,True,True,True,False,14.697818896851965,0.004515053297253862,10,1000,45,full
0.001,5,-1.7193953626889489,300,True,True,True,False,14.697820301865201,0.004515041988947509,10,1000,45,full
0.001,6,-1.525600021143573,25,True,True,True,True,14.604374032228714,0.004572262091240524,10,1000,45,full
0.001,7,-1.7193863552910607,300,True,True,True,False,14.697817405152913,0.004515058560328475,10,1000,45,full
0.001,8,-1.7193841184596488,300,True,True,True,False,14.697815285278276,0.004515065004192912,10,1000,45,full
0.001,9,-1.683774881016885,113,True,True,True,False,15.253595071046348,0.0029145131544875266,10,1000,45,full
0.0001,0,-1.719004417424286,300,True,True,True,False,14.69733556076466,0.004514547497176404,10,1000,45,full
0.0001,1,-1.7179324417022341,300,True,True,True,False,37.14056470603827,0.004514812506213873,10,1000,45,full
0.0001,2,-1.7201629983734115,300,True,True,True,False,14.697288770312094,0.004514823612577483,10,1000,45,full
0.0001,3,-1.7179060465728941,281,True,True,True,False,37.97239943652737,0.004514828603192259,10,1000,45,full
0.0001,4,-1.7193888236759165,300,True,True,True,False,14.697818903128551,0.004515053263372384,10,1000,45,full
0.0001,5,-1.719385876126507,300,True,True,True,False,14.697817067874263,0.004515059745233627,10,1000,45,full
0.0001,6,-1.5256000211683134,25,True,True,True,False,14.604374320801018,0.004572262364573942,10,1000,45,full
0.0001,7,-1.7193863597758423,300,True,True,True,False,14.697817408285227,0.004515058549573415,10,1000,45,full
0.0001,8,-1.719384122205229,300,True,True,True,False,14.69781529084307,0.004515064990410946,10,1000,45,full
0.0001,9,-1.6837748754972435,112,True,True,True,False,15.253563934638157,0.00291443224227315,10,1000,45,full
0.01,0,-1.693719613879514,300,True,True,True,False,19.508869093668324,0.0045154435660570294,10,1000,46,full
0.01,1,-1.6958398650291806,300,True,True,True,False,14.728125876503643,0.004515093846066315,10,1000,46,full
0.01,2,-1.694507194902226,300,True,True,True,False,14.727692024857237,0.00451517387341048,10,1000,46,full
0.01,3,-1.6945420395666853,300,True,True,True,False,14.727662346921527,0.0045152007840133,10,1000,46,full
0.01,4,-1.6944525834764246,119,True,True,True,False,14.728741372225233,0.004515317498074525,10,1000,46,full
0.01,5,-1.5075022930314375,25,True,True,True,False,14.63401274352381,0.004571029404422373,10,1000,46,full
0.01,6,-1.6945303128329994,300,True,True,True,False,14.727677496331038,0.004515192084560148,10,1000,46,full
0.01,7,-1.6945453776373605,300,True,True,True,False,14.727646391137043,0.004515207464173293,10,1000,46,full
0.01,8,-1.6578061255166372,120,True,True,True,False,15.179518150394046,0.0029486083378807335,10,1000,46,full
0.01,9,-1.6957133644510596,300,True,True,True,False,14.731620285927905,0.004514453075140581,10,1000,46,full
0.001,0,-1.6937009824444613,300,True,True,True,False,20.78198820481751,0.004515436282489801,10,1000,46,full
0.001,1,-1.6957120440864795,300,True,True,True,False,14.727228913638617,0.004515512800038251,10,1000,46,full
0.001,2,-1.694507542599464,300,True,True,True,False,14.727691789256896,0.004515174295902161,10,1000,46,full
0.001,3,-1.6945413223849766,300,True,True,True,False,14.727663192743965,0.004515200315613703,10,1000,46,full
0.001,4,-1.6944525763948837,146,True,True,True,False,14.728741845232234,0.004515317542972163,10,1000,46,full
0.001,5,-1.5075022928096928,25,True,True,True,False,14.634012517263177,0.004571029852678253,10,1000,46,full
0.001,6,-1.6945303886005685,300,True,True,True,False,14.727677350383422,0.004515192163104305,10,1000,46,full
0.001,7,-1.6945438336787098,300,True,True,True,False,14.727648707266129,0.004515206260993017,10,1000,46,full
0.001,8,-1.5075022909928533,31,True,True,True,False,14.634008371459966,0.004571037995383054,10,1000,46,full
0.001,9,-1.6957160660865858,300,True,True,True,False,14.731614260172547,0.004514451231875038,10,1000,46,full
0.0001,0,-1.6936993590825238,300,True,True,True,False,20.895480245855712,0.004515435588048046,10,1000,46,full
0.0001,1,-1.6958359833885537,300,True,True,True,False,14.728119242233646,0.004515094585718086,10,1000,46,full
0.0001,2,-1.694507577628746,300,True,True,True,False,14.727691765357815,0.004515174338056489,10,1000,46,full
0.0001,3,-1.69454125197891,300,True,True,True,False,14.727663275366039,0.004515200269577613,10,1000,46,full
0.0001,4,-1.6944525773602228,149,True,True,True,False,14.72874216143146,0.004515317585420774,10,1000,46,full
0.0001,5,-1.5075022927839712,25,True,True,True,False,14.634012490136787,0.004571029906396866,10,1000,46,full
0.0001,6,-1.6945303955494448,300,True,True,True,False,14.727677336259152,0.004515192170582273,10,1000,46,full
0.0001,7,-1.6945436745668963,300,True,True,True,False,14.727648941432147,0.004515206137909233,10,1000,46,full
0.0001,8,-1.5075022909926932,31,True,True,True,True,14.634008373787138,0.004571037990825452,10,1000,46,full
0.0001,9,-1.6957163561467707,300,True,True,True,False,14.731613672063334,0.004514451017013276,10,1000,46,full
0.01,0,-1.717987732190014,300,True,True,True,False,14.888441521883852,0.004541232391622944,10,1000,47,full
0.01,1,-1.7185310604691366,300,True,True,True,False,14.886103435045824,0.004540940797926364,10,1000,47,full
0.01,2,-1.7184685342020078,300,True,True,True,False,14.88420960796127,0.00454146083461069,10,1000,47,full
0.01,3,-1.718110494735116,300,True,True,True,False,14.881938769677111,0.004541198437291869,10,1000,47,full
0.01,4,-1.5298375171489127,24,True,True,True,False,14.7676776143276,0.004604292032909932,10,1000,47,full
0.01,5,-1.718527962709767,228,True,True,True,False,14.886050917859118,0.004540951437426494,10,1000,47,full
0.01,6,-1.7185290071698345,300,True,True,True,False,14.886081514307724,0.00454094539125814,10,1000,47,full
0.01,7,-1.5298375194284886,34,True,True,True,False,14.767685419827004,0.004604282282367758,10,1000,47,full
0.01,8,-1.7188551757945054,300,True,True,True,False,14.884482758642813,0.004541470909978023,10,1000,47,full
0.01,9,-1.7191632348776704,300,True,True,True,False,14.885456961869524,0.004541196844916486,10,1000,47,full
0.001,0,-1.7175777541290012,300,True,True,True,False,14.889332139678878,0.004541234051233747,10,1000,47,full
0.001,1,-1.7185305137364892,300,True,True,True,False,14.886098340893144,0.004540941740764725,10,1000,47,full
0.001,2,-1.718468625338305,300,True,True,True,False,14.884210811549018,0.004541460523454517,10,1000,47,full
0.001,3,-1.7182492070278603,197,True,True,True,False,14.884249931229542,0.0045409624123056045,10,1000,47,full
0.001,4,-1.52983751713409,25,True,True,True,True,14.767677766558634,0.00460429184625042,10,1000,47,full
0.001,5,-1.7185279570210106,227,True,True,True,False,14.886050717648626,0.004540951485666558,10,1000,47,full
0.001,6,-1.7185283583159594,287,True,True,True,False,14.88607008502271,0.004540947836670161,10,1000,47,full
0.001,7,-1.5298375194767915,34,True,True,True,False,14.767685489570347,0.004604282195017105,10,1000,47,full
0.001,8,-1.7185973314004008,300,True,True,True,False,14.884334333272045,0.004541632711567306,10,1000,47,full
0.001,9,-1.719159392795381,300,True,True,True,False,14.88547234075014,0.004541197340357077,10,1000,47,full
0.0001,0,-1.7175449318699674,300,True,True,True,False,14.889357030625437,0.0045412367874589285,10,1000,47,full
0.0001,1,-1.7185304681814013,300,True,True,True,False,14.886097891409134,0.004540941826299104,10,1000,47,full
0.0001,2,-1.7184685433489093,300,True,True,True,False,14.884210333631943,0.004541460610457476,10,1000,47,full
0.0001,3,-1.7182491883704005,193,True,True,True,False,14.88425178052995,0.004540961980292504,10,1000,47,full
0.0001,4,-1.5298375171527114,25,True,True,True,False,14.767677577905937,0.0046042920814568225,10,1000,47,full
0.0001,5,-1.7185279554150708,227,True,True,True,False,14.886050690309558,0.004540951493860492,10,1000,47,full
0.0001,6,-1.7185283533185458,282,True,True,True,False,14.886069972336635,0.004540947860428551,10,1000,47,full
0.0001,7,-1.5298375194843221,34,True,True,True,False,14.767685500354988,0.004604282181509776,10,1000,47,full
0.0001,8,-1.7185736960323044,300,True,True,True,False,14.884350233687709,0.004541637296227482,10,1000,47,full
0.0001,9,-1.719158889028896,300,True,True,True,False,14.885474008987359,0.004541197387330418,10,1000,47,full
0.01,0,-1.7235783679639287,300,True,True,True,False,15.126679205393488,0.004479911145234938,10,1000,48,full
0.01,1,-1.7235335265099923,300,True,True,True,False,15.127879323400832,0.004479526704249313,10,1000,48,full
0.01,2,-1.7235739508637933,272,True,True,True,False,15.126612047542862,0.0044799094335164855,10,1000,48,full
0.01,3,-1.5341870273779161,44,True,True,True,False,15.026538157237747,0.004538511014686253,10,1000,48,full
0.01,4,-1.7237264101384746,300,True,True,True,False,15.127921456983886,0.004479419420773432,10,1000,48,full
0.01,5,-1.723534717512248,300,True,True,True,False,15.127885073506732,0.004479522528701205,10,1000,48,full
0.01,6,-1.7235054767452442,237,True,True,True,False,15.125293434542044,0.00447967792745378,10,1000,48,full
0.01,7,-1.674801236137718,185,True,True,True,False,22.056049617695837,0.002886935466128929,10,1000,48,full
0.01,8,-1.5341870275359106,32,True,True,True,False,15.026538067706344,0.004538512234858063,10,1000,48,full
0.01,9,-1.7235461570464525,300,True,True,True,False,15.127720017220595,0.004479589347033726,10,1000,48,full
0.001,0,-1.7235791753243233,300,True,True,True,False,15.126685699195788,0.004479911077349361,10,1000,48,full
0.001,1,-1.7235334589496714,300,True,True,True,False,15.127878905959545,0.004479526981661037,10,1000,48,full
0.001,2,-1.7235741085544476,300,True,True,True,False,15.126624816362908,0.004479909433383238,10,1000,48,full
0.001,3,-1.5341870275009684,42,True,True,True,False,15.026538083310607,0.004538512056962497,10,1000,48,full
0.001,4,-1.723703321652592,300,True,True,True,False,15.127914434802646,0.004479472446351774,10,1000,48,full
0.001,5,-1.7235356982090557,300,True,True,True,False,15.127889604033543,0.004479519421244433,10,1000,48,full
0.001,6,-1.7235054788909068,242,True,True,True,False,15.125293142968358,0.0044796780173167955,10,1000,48,full
0.001,7,-1.5341870273728222,51,True,True,True,True,15.026538212276119,0.004538510232754075,10,1000,48,full
0.001,8,-1.5341870273801677,33,True,True,True,False,15.026538221694818,0.0045385100887274585,10,1000,48,full
0.001,9,-1.72354595170364,300,True,True,True,False,15.127721645679422,0.004479589777286235,10,1000,48,full
0.0001,0,-1.7235792722034224,300,True,True,True,False,15.126686471937616,0.004479911064875585,10,1000,48,full
0.0001,1,-1.7235334523253634,300,True,True,True,False,15.127878862491187,0.004479527009702289,10,1000,48,full
0.0001,2,-1.7235741873194907,300,True,True,True,False,15.126625725761642,0.004479909582585932,10,1000,48,full
0.0001,3,-1.534187027435415,42,True,True,True,False,15.02653811315581,0.004538511637054276,10,1000,48,full
0.0001,4,-1.7237029829768162,300,True,True,True,False,15.127914423256279,0.004479473168079297,10,1000,48,full
0.0001,5,-1.7235358215289587,300,True,True,True,False,15.127890147319519,0.004479519052176545,10,1000,48,full
0.0001,6,-1.7235054752885648,243,True,True,True,False,15.125293636644294,0.004479677887882052,10,1000,48,full
0.0001,7,-1.5341870274384968,50,True,True,True,False,15.026538111327927,0.004538511660248159,10,1000,48,full
0.0001,8,-1.5341870273788953,33,True,True,True,False,15.026538220153714,0.00453851011078771,10,1000,48,full
0.0001,9,-1.723545929335622,300,True,True,True,False,15.127721823890184,0.004479589823510141,10,1000,48,full
0.01,0,-1.7072641635448988,300,True,True,True,False,14.727372164767372,0.004629080130957599,10,1000,49,full
0.01,1,-1.70642960102078,300,True,True,True,False,14.728373092602109,0.004628328375754381,10,1000,49,full
0.01,2,-1.5198842928434002,31,True,True,True,True,14.630280075411298,0.004697146499913742,10,1000,49,full
0.01,3,-1.707191962979284,300,True,True,True,False,14.727018224111346,0.004629314566535002,10,1000,49,full
0.01,4,-1.706288017769896,300,True,True,True,False,14.727413059093902,0.004629284572692553,10,1000,49,full
0.01,5,-1.6574213639538327,300,True,True,True,False,28.872518174665764,0.0025892372039236404,10,1000,49,full
0.01,6,-1.5198842928520093,40,True,True,True,False,14.630279988445903,0.0046971469693365886,10,1000,49,full
0.01,7,-1.7078620573338388,244,True,True,True,False,14.731510287345866,0.004627161264472157,10,1000,49,full
0.01,8,-1.7065823833317852,127,True,True,True,False,44.31053617894899,0.004627997029324218,10,1000,49,full
0.01,9,-1.7062878949331488,239,True,True,True,False,14.727412254002253,0.00462928623150357,10,1000,49,full
0.001,0,-1.7072632831690553,300,True,True,True,False,14.727369680460537,0.004629081795001241,10,1000,49,full
0.001,1,-1.7064291158788583,300,True,True,True,False,14.728369238470076,0.004628331360839569,10,1000,49,full
0.001,2,-1.5198842962497847,33,True,True,True,False,14.630283736087195,0.004697137067099463,10,1000,49,full
0.001,3,-1.7071947392004585,300,True,True,True,False,14.727036981844192,0.004629301241019198,10,1000,49,full
0.001,4,-1.7062883675407419,300,True,True,True,False,14.727413668160528,0.004629281371124769,10,1000,49,full
0.001,5,-1.6574215893181121,300,True,True,True,False,28.865841750536077,0.002589382308795196,10,1000,49,full
0.001,6,-1.5198842949402511,36,True,True,True,False,14.630283016432466,0.004697138986654847,10,1000,49,full
0.001,7,-1.7078620702671499,250,True,True,True,False,14.731508442916214,0.004627161634226005,10,1000,49,full
0.001,8,-1.7059249901194578,219,True,True,True,False,144.3519499894165,0.004627901200032859,10,1000,49,full
0.001,9,-1.706289392195753,300,True,True,True,False,14.72741524064958,0.004629273574443548,10,1000,49,full
0.0001,0,-1.7072632032343364,300,True,True,True,False,14.727369447084367,0.004629081950423024,10,1000,49,full
0.0001,1,-1.7064290735425385,300,True,True,True,False,14.728368873684625,0.004628331638134488,10,1000,49,full
0.0001,2,-1.5198842949527622,34,True,True,True,False,14.630283022790112,0.00469713896587767,10,1000,49,full
0.0001,3,-1.7071950192125613,300,True,True,True,False,14.727038842482273,0.0046292999269821455,10,1000,49,full
0.0001,4,-1.7062884259151043,300,True,True,True,False,14.72741377076447,0.004629280874299824,10,1000,49,full
0.0001,5,-1.6574216078042,300,True,True,True,False,28.865293232613443,0.0025893942713085417,10,1000,49,full
0.0001,6,-1.5198842949689195,36,True,True,True,False,14.630283034413228,0.004697138939100163,10,1000,49,full
0.0001,7,-1.7078620676701481,251,True,True,True,False,14.731508467647474,0.004627161627588151,10,1000,49,full
0.0001,8,-1.7059249918484525,216,True,True,True,False,144.34667432077057,0.0046279012346969765,10,1000,49,full
0.0001,9,-1.706290537580553,300,True,True,True,False,14.727416794655536,0.004629266041822332,10,1000,49,full
0.01,0,-1.7042261331477475,185,True,True,True,False,14.997361680240987,0.004612566773981703,10,1000,50,full
0.01,1,-1.7045601941883342,300,True,True,True,False,14.996884387069096,0.004612558820400101,10,1000,50,full
0.01,2,-1.7042261427773464,170,True,True,True,False,14.997363506649267,0.004612566581559924,10,1000,50,full
0.01,3,-1.704226191297942,218,True,True,True,False,14.99735539845688,0.004612572168241351,10,1000,50,full
0.01,4,-1.519592266131878,30,True,True,True,False,14.886623309899317,0.00468102903510451,10,1000,50,full
0.01,5,-1.5195922626692653,33,True,True,True,False,14.886615018407769,0.0046810407840183555,10,1000,50,full
0.01,6,-1.5195922647656117,26,True,True,True,False,14.886621838758913,0.004681031121773611,10,1000,50,full
0.01,7,-1.7044066940704596,100,True,True,True,False,40.79029690146856,0.004612155181813289,10,1000,50,full
0.01,8,-1.7057087894967735,300,True,True,True,False,14.99224131751893,0.004613462186536595,10,1000,50,full
0.01,9,-1.5195922650561005,30,True,True,True,False,14.886622183432115,0.004681030633866334,10,1000,50,full
0.001,0,-1.7042261346712178,182,True,True,True,False,14.997361559390331,0.004612566764470711,10,1000,50,full
0.001,1,-1.7045515169348466,300,True,True,True,False,14.99683249903734,0.004612549050443698,10,1000,50,full
0.001,2,-1.7042261394524298,170,True,True,True,False,14.99736360602343,0.004612566607268208,10,1000,50,full
0.001,3,-1.7042261895629938,217,True,True,True,False,14.997355857044827,0.0046125722216952825,10,1000,50,full
0.001,4,-1.5195922649987297,31,True,True,True,False,14.88662211711393,0.004681030727924905,10,1000,50,full
0.001,5,-1.5195922626152356,33,True,True,True,False,14.886615314825356,0.004681040364788573,10,1000,50,full
0.001,6,-1.519592266084706,25,True,True,True,False,14.886623262351652,0.004681029099634748,10,1000,50,full
0.001,7,-1.7044066948608105,98,True,True,True,False,40.79383811031074,0.004612155138794539,10,1000,50,full
0.001,8,-1.7056213319920812,300,True,True,True,False,14.992621445777987,0.0046133476481140774,10,1000,50,full
0.001,9,-1.5195922653244274,30,True,True,True,False,14.886622483893726,0.004681030207522875,10,1000,50,full
0.0001,0,-1.7042261323365528,182,True,True,True,False,14.997361623385661,0.004612566782650654,10,1000,50,full
0.0001,1,-1.7045470522586441,300,True,True,True,False,14.996817312849307,0.004612546400298871,10,1000,50,full
0.0001,2,-1.7042261391256635,170,True,True,True,False,14.997363615416862,0.004612566609818851,10,1000,50,full
0.0001,3,-1.7042261886656793,217,True,True,True,False,14.997355913590999,0.004612572221933131,10,1000,50,full
0.0001,4,-1.5195922650417426,31,True,True,True,False,14.88662216689203,0.004681030657293176,10,1000,50,full
0.0001,5,-1.5195922626103278,33,True,True,True,True,14.886615345930226,0.004681040320792794,10,1000,50,full
0.0001,6,-1.5195922660561414,25,True,True,True,False,14.886623234654936,0.004681029139008849,10,1000,50,full
0.0001,7,-1.7044066941257028,98,True,True,True,False,40.79437074468658,0.004612155128251137,10,1000,50,full
0.0001,8,-1.7056093278311568,300,True,True,True,False,14.99268214818143,0.004613329551524812,10,1000,50,full
0.0001,9,-1.5195922653575136,30,True,True,True,False,14.886622519926775,0.004681030156391251,10,1000,50,full
0.01,0,-1.6907634316264724,225,True,True,True,False,14.842112971401576,0.004541224078298893,10,1000,51,full
0.01,1,-1.690763451818305,165,True,True,True,False,14.842103817723517,0.004541227706094045,10,1000,51,full
0.01,2,-1.6907634525307127,166,True,True,True,False,14.842103330457288,0.004541227769545679,10,1000,51,full
0.01,3,-1.6914402823508394,300,True,True,True,False,14.842863635391334,0.004541441816350324,10,1000,51,full
0.01,4,-1.5040947649729153,42,True,True,True,True,14.695978257755929,0.004621808961446927,10,1000,51,full
0.01,5,-1.5040947657083186,27,True,True,True,False,14.6959927507267,0.0046218001991748785,10,1000,51,full
0.01,6,-1.6915669090757994,149,True,True,True,False,14.842155902120552,0.00454152917267496,10,1000,51,full
0.01,7,-1.6910656396169215,300,True,True,True,False,14.842305262454625,0.0045405951003137605,10,1000,51,full
0.01,8,-1.5040947671732963,38,True,True,True,False,14.696005218977282,0.004621793556131154,10,1000,51,full
0.01,9,-1.6913507878998848,300,True,True,True,False,14.842520561647387,0.004541575038845539,10,1000,51,full
0.001,0,-1.6907634379043615,218,True,True,True,False,14.842112894708507,0.004541224062849558,10,1000,51,full
0.001,1,-1.6907634497415427,165,True,True,True,False,14.842103877809917,0.004541227694596105,10,1000,51,full
0.001,2,-1.6907634506233518,165,True,True,True,False,14.842103355927405,0.0045412277592832865,10,1000,51,full
0.001,3,-1.6914354279346866,300,True,True,True,False,14.842845929267972,0.004541451194354621,10,1000,51,full
0.001,4,-1.5040947650561853,41,True,True,True,False,14.695974984722792,0.004621810831613929,10,1000,51,full
0.001,5,-1.5040947671487155,32,True,True,True,False,14.696005078659326,0.004621793634823249,10,1000,51,full
0.001,6,-1.691566916342917,144,True,True,True,False,14.842155990094136,0.004541529158203625,10,1000,51,full
0.001,7,-1.6910658376674426,300,True,True,True,False,14.842304824096193,0.004540595476073515,10,1000,51,full
0.001,8,-1.5040947672291507,38,True,True,True,False,14.696005533263298,0.00462179337655654,10,1000,51,full
0.001,9,-1.6913506973258712,300,True,True,True,False,14.842523421888838,0.0045415743315844245,10,1000,51,full
0.0001,0,-1.6907634325364593,218,True,True,True,False,14.84211296186211,0.004541224075938694,10,1000,51,full
0.0001,1,-1.6907634495374302,165,True,True,True,False,14.842103883722904,0.004541227693463643,10,1000,51,full
0.0001,2,-1.69076344956764,165,True,True,True,False,14.842103378742491,0.004541227753948168,10,1000,51,full
0.0001,3,-1.69143491146271,300,True,True,True,False,14.842844115697437,0.00454145215033738,10,1000,51,full
0.0001,4,-1.5040947650294594,41,True,True,True,False,14.695975763350802,0.004621810386713425,10,1000,51,full
0.0001,5,-1.5040947673918919,32,True,True,True,False,14.696006427527537,0.004621792864103503,10,1000,51,full
0.0001,6,-1.6915669132708802,144,True,True,True,False,14.842155953468572,0.004541529164335281,10,1000,51,full
0.0001,7,-1.6910657902130783,300,True,True,True,False,14.842304491130182,0.004540595577794469,10,1000,51,full
0.0001,8,-1.5040947672359166,38,True,True,True,False,14.696005571175217,0.00462179335489456,10,1000,51,full
0.0001,9,-1.6913506669880451,300,True,True,True,False,14.842523601955634,0.004541574280824069,10,1000,51,full
0.01,0,-1.6975197546587937,300,True,True,True,False,13.929444168543455,0.004734140949472597,10,2000,42,full
0.01,1,-1.6615418971341802,300,True,True,True,False,14.343707942988024,0.003300827595295628,10,2000,42,full
0.01,2,-1.6978721362317815,300,True,True,True,False,13.92875265459474,0.004733900538647186,10,2000,42,full
0.01,3,-1.6984595138021705,273,True,True,True,False,13.928494050863083,0.00473447447719416,10,2000,42,full
0.01,4,-1.6977660771256753,300,True,True,True,False,13.927859901701185,0.004734422266871355,10,2000,42,full
0.01,5,-1.6984631696007684,300,True,True,True,False,13.929836777004203,0.0047337271633811975,10,2000,42,full
0.01,6,-1.6975802010432435,300,True,True,True,False,13.929181782358063,0.004734160804473754,10,2000,42,full
0.01,7,-1.6975801578672982,300,True,True,True,False,13.92921220021736,0.004734150481633759,10,2000,42,full
0.01,8,-1.6975803879061524,300,True,True,True,False,13.929230847360152,0.004734144914472685,10,2000,42,full
0.01,9,-1.6982473575460904,300,True,True,True,False,13.929084827370138,0.0047342476130839166,10,2000,42,full
0.001,0,-1.6975140055183513,300,True,True,True,False,13.92947510479627,0.004734124047988127,10,2000,42,full
0.001,1,-1.6615418641468638,300,True,True,True,False,14.343586868564355,0.0033006599629423527,10,2000,42,full
0.001,2,-1.6974894053565712,300,True,True,True,False,13.929618462533327,0.004734008435076505,10,2000,42,full
0.001,3,-1.6984594805347304,271,True,True,True,False,13.928498539378941,0.0047344733209593055,10,2000,42,full
0.001,4,-1.697771635736352,300,True,True,True,False,13.927904941519202,0.004734414015884681,10,2000,42,full
0.001,5,-1.6984635409978572,300,True,True,True,False,13.929832130719655,0.004733728667879907,10,2000,42,full
0.001,6,-1.6975800702909292,300,True,True,True,False,13.929184533086323,0.004734159873356554,10,2000,42,full
0.001,7,-1.6975802502763588,300,True,True,True,False,13.929214865752426,0.0047341496389479735,10,2000,42,full
0.001,8,-1.6975804444941331,300,True,True,True,False,13.929231719095736,0.00473414464604411,10,2000,42,full
0.001,9,-1.698249327607804,300,True,True,True,False,13.929085575302604,0.004734247826446124,10,2000,42,full
0.0001,0,-1.6975134396654106,300,True,True,True,False,13.92947808283036,0.004734122333551056,10,2000,42,full
0.0001,1,-1.6615418608068944,300,True,True,True,True,14.343574348528296,0.0033006426985277043,10,2000,42,full
0.0001,2,-1.697489968051696,300,True,True,True,False,13.929606277331985,0.00473401904340972,10,2000,42,full
0.0001,3,-1.6984594788236416,271,True,True,True,False,13.928499066015542,0.004734473181555837,10,2000,42,full
0.0001,4,-1.6977723607984434,300,True,True,True,False,13.927910592999897,0.004734413016259521,10,2000,42,full
0.0001,5,-1.6984635949946039,300,True,True,True,False,13.929831676575848,0.004733728833627808,10,2000,42,full
0.0001,6,-1.697580059223976,300,True,True,True,False,13.929184774594624,0.0047341597919766405,10,2000,42,full
0.0001,7,-1.697580260620911,300,True,True,True,False,13.929215141493213,0.004734149552087892,10,2000,42,full
0.0001,8,-1.697580450672558,300,True,True,True,False,13.92923181340613,0.004734144617045811,10,2000,42,full
0.0001,9,-1.6982495551615229,300,True,True,True,False,13.929085691036748,0.004734247847702886,10,2000,42,full
0.01,0,-1.6938254372154038,300,True,True,True,False,14.230418782757537,0.004683454727583392,10,2000,43,full
0.01,1,-1.692743418978481,300,True,True,True,False,14.230750217751307,0.004683177145942211,10,2000,43,full
0.01,2,-1.5034552302229884,29,True,True,True,True,14.181100361510431,0.0047265792462866454,10,2000,43,full
0.01,3,-1.692887006439752,300,True,True,True,False,14.229901378687014,0.004683619396390681,10,2000,43,full
0.01,4,-1.6937468723721802,300,True,True,True,False,14.23026621130634,0.004683525170715985,10,2000,43,full
0.01,5,-1.6927432979709311,300,True,True,True,False,14.230761383341125,0.004683164547384373,10,2000,43,full
0.01,6,-1.692637780425265,300,True,True,True,False,14.23069391283665,0.004683325008941019,10,2000,43,full
0.01,7,-1.692747479619083,300,True,True,True,False,14.230731736322337,0.004683192799751906,10,2000,43,full
0.01,8,-1.5034552303845194,32,True,True,True,False,14.181100358265649,0.004726578940370117,10,2000,43,full
0.01,9,-1.6927506361296925,300,True,True,True,False,14.230720718053762,0.004683201325397869,10,2000,43,full
0.001,0,-1.6938258350128428,300,True,True,True,False,14.23041631458621,0.004683455733391502,10,2000,43,full
0.001,1,-1.6926370061551193,300,True,True,True,False,14.230054473818285,0.004683549140963768,10,2000,43,full
0.001,2,-1.5034552303969517,29,True,True,True,False,14.1811003580161,0.004726578917646288,10,2000,43,full
0.001,3,-1.6927433926215911,300,True,True,True,False,14.230750531037502,0.00468317297595206,10,2000,43,full
0.001,4,-1.6937470367393161,300,True,True,True,False,14.230262560891672,0.0046835262778782425,10,2000,43,full
0.001,5,-1.6927431577613516,300,True,True,True,False,14.23076074107121,0.004683165410512486,10,2000,43,full
0.001,6,-1.6926377554688592,300,True,True,True,False,14.230694371766637,0.004683324832172704,10,2000,43,full
0.001,7,-1.6927476046238819,300,True,True,True,False,14.230731224455468,0.004683193203537801,10,2000,43,full
0.001,8,-1.6931089378606459,300,True,True,True,False,14.232130460770016,0.004683079368319392,10,2000,43,full
0.001,9,-1.6927507092798304,300,True,True,True,False,14.230720368973993,0.00468320158427959,10,2000,43,full
0.0001,0,-1.6938258772338868,300,True,True,True,False,14.230416066565246,0.004683455834545304,10,2000,43,full
0.0001,1,-1.692634730415934,300,True,True,True,False,14.230043129100135,0.004683554004722841,10,2000,43,full
0.0001,2,-1.5034552304178026,29,True,True,True,False,14.181100357614845,0.0047265788797519115,10,2000,43,full
0.0001,3,-1.6927431814789557,300,True,True,True,False,14.230753455967216,0.004683171121569795,10,2000,43,full
0.0001,4,-1.6937470596191269,300,True,True,True,False,14.230262271319486,0.004683526354489401,10,2000,43,full
0.0001,5,-1.6927431452705253,300,True,True,True,False,14.230760676196404,0.004683165495755181,10,2000,43,full
0.0001,6,-1.6926377531548078,300,True,True,True,False,14.230694415124225,0.004683324815535389,10,2000,43,full
0.0001,7,-1.6927476178973342,300,True,True,True,False,14.23073117054376,0.00468319324600877,10,2000,43,full
0.0001,8,-1.5034552305093611,32,True,True,True,False,14.181100355897144,0.004726578717072673,10,2000,43,full
0.0001,9,-1.692750717415522,300,True,True,True,False,14.230720330418368,0.004683201612860511,10,2000,43,full
0.01,0,-1.6799932460733202,300,True,True,True,False,14.210819311420453,0.0047195639131957234,10,2000,44,full
0.01,1,-1.6811007331604115,300,True,True,True,False,14.210919272967711,0.004719591939668736,10,2000,44,full
0.01,2,-1.6802827620829948,300,True,True,True,False,14.210853947154154,0.004719566183459607,10,2000,44,full
0.01,3,-1.4872271975201543,48,True,True,True,False,14.157279960509985,0.004764308313915152,10,2000,44,full
0.01,4,-1.6802704475730004,300,True,True,True,False,14.210875285965695,0.0047195485306107746,10,2000,44,full
0.01,5,-1.679992979449712,274,True,True,True,False,14.210833897329454,0.004719558584256259,10,2000,44,full
0.01,6,-1.6802684674077688,300,True,True,True,False,14.210878657161093,0.0047195461261858775,10,2000,44,full
0.01,7,-1.6799930394896327,300,True,True,True,False,14.21082171829799,0.004719562958577851,10,2000,44,full
0.01,8,-1.6799929975431804,266,True,True,True,False,14.210834455049437,0.004719558295097674,10,2000,44,full
0.01,9,-1.6802694494277144,300,True,True,True,False,14.210876796352661,0.004719547540642047,10,2000,44,full
0.001,0,-1.67999313577345,300,True,True,True,False,14.210820483853851,0.0047195634527062765,10,2000,44,full
0.001,1,-1.4872271981023968,39,True,True,True,False,14.157280384163899,0.004764307224878171,10,2000,44,full
0.001,2,-1.6802818604980356,300,True,True,True,False,14.21085537053388,0.004719564979177699,10,2000,44,full
0.001,3,-1.4872271976913167,47,True,True,True,False,14.157280095797267,0.0047643079661587855,10,2000,44,full
0.001,4,-1.6802703619192616,300,True,True,True,False,14.210875455031724,0.0047195483943928826,10,2000,44,full
0.001,5,-1.6799929830890188,273,True,True,True,False,14.210833929954921,0.004719558579961486,10,2000,44,full
0.001,6,-1.6802694917762222,300,True,True,True,False,14.210876034050116,0.004719548439831342,10,2000,44,full
0.001,7,-1.6799930105651284,300,True,True,True,False,14.21082209917984,0.00471956281557777,10,2000,44,full
0.001,8,-1.6799929984861883,268,True,True,True,False,14.21083448819596,0.004719558277648202,10,2000,44,full
0.001,9,-1.6802694058308814,300,True,True,True,False,14.210876854080126,0.0047195475060052665,10,2000,44,full
0.0001,0,-1.679993127174116,300,True,True,True,False,14.210820581814373,0.004719563414585594,10,2000,44,full
0.0001,1,-1.4872271974846285,40,True,True,True,True,14.157279930986267,0.004764308389801066,10,2000,44,full
0.0001,2,-1.6802817745346448,300,True,True,True,False,14.210855506665283,0.004719564864357651,10,2000,44,full
0.0001,3,-1.4872271976421092,47,True,True,True,False,14.15728005802475,0.00476430806325456,10,2000,44,full
0.0001,4,-1.680270353455457,300,True,True,True,False,14.21087547177084,0.0047195483809052766,10,2000,44,full
0.0001,5,-1.6799929830203029,273,True,True,True,False,14.210833928892015,0.004719558580338943,10,2000,44,full
0.0001,6,-1.6802696950602567,300,True,True,True,False,14.210875494232347,0.004719548927444398,10,2000,44,full
0.0001,7,-1.6799930078725593,300,True,True,True,False,14.210822135879896,0.004719562801810539,10,2000,44,full
0.0001,8,-1.679992999740574,268,True,True,True,False,14.210834511134127,0.004719558268049401,10,2000,44,full
0.0001,9,-1.680269406216756,300,True,True,True,False,14.210876847839332,0.004719547513205455,10,2000,44,full
0.01,0,-1.6843833931597645,300,True,True,True,False,14.048852184204845,0.004715575471829053,10,2000,45,full
0.01,1,-1.6831078462923932,300,True,True,True,False,14.04652328308234,0.004715576001538527,10,2000,45,full
0.01,2,-1.68446410991641,300,True,True,True,False,14.048788290488822,0.004715560773530079,10,2000,45,full
0.01,3,-1.6832596566146243,165,True,True,True,False,14.047699254905133,0.004715681363180633,10,2000,45,full
0.01,4,-1.6832907991002715,300,True,True,True,False,14.047713872323024,0.004715718046841161,10,2000,45,full
0.01,5,-1.6833607893303393,300,True,True,True,False,14.04775356181009,0.004715702724179874,10,2000,45,full
0.01,6,-1.4911635156614076,25,True,True,True,False,14.030908849104456,0.00475299281362088,10,2000,45,full
0.01,7,-1.6832868769191682,300,True,True,True,False,14.047712993090832,0.004715717330165907,10,2000,45,full
0.01,8,-1.683264544013998,300,True,True,True,False,14.047707646148657,0.004715704184447713,10,2000,45,full
0.01,9,-1.4911635167047061,38,True,True,True,False,14.030905405669474,0.004752987645002364,10,2000,45,full
0.001,0,-1.684394894917791,300,True,True,True,False,14.048882193907742,0.004715583342416533,10,2000,45,full
0.001,1,-1.6831078356716866,300,True,True,True,False,14.046522821439108,0.00471557608142007,10,2000,45,full
0.001,2,-1.6844221516045808,300,True,True,True,False,14.048502800154125,0.004715615841209605,10,2000,45,full
0.001,3,-1.6832594978069606,158,True,True,True,False,14.047700554129365,0.004715683577440773,10,2000,45,full
0.001,4,-1.683292012035725,300,True,True,True,False,14.04771431188228,0.004715718211400972,10,2000,45,full
0.001,5,-1.6833593341375206,300,True,True,True,False,14.047752126110485,0.004715703493882535,10,2000,45,full
0.001,6,-1.4911635155271452,27,True,True,True,True,14.030908266926824,0.0047529919377739096,10,2000,45,full
0.001,7,-1.6832867654997634,300,True,True,True,False,14.047712960583143,0.004715717308594243,10,2000,45,full
0.001,8,-1.68326471122325,300,True,True,True,False,14.047707702638975,0.004715704431029875,10,2000,45,full
0.001,9,-1.491163516582235,39,True,True,True,False,14.03090553920491,0.004752987845248323,10,2000,45,full
0.0001,0,-1.6843863446148628,300,True,True,True,False,14.048795471082522,0.0047156036381479005,10,2000,45,full
0.0001,1,-1.6831078458189244,300,True,True,True,False,14.046522845994872,0.004715576088253246,10,2000,45,full
0.0001,2,-1.684421007960312,300,True,True,True,False,14.048489681732125,0.004715618657491801,10,2000,45,full
0.0001,3,-1.6832594863070884,158,True,True,True,False,14.047700696179573,0.004715683829799107,10,2000,45,full
0.0001,4,-1.683292130675504,300,True,True,True,False,14.047714354140714,0.004715718225947166,10,2000,45,full
0.0001,5,-1.6833591745740735,300,True,True,True,False,14.047751962343382,0.004715703585518324,10,2000,45,full
0.0001,6,-1.4911635155453025,27,True,True,True,False,14.03090839304512,0.004752992127077557,10,2000,45,full
0.0001,7,-1.6832867536729657,300,True,True,True,False,14.047712957140458,0.004715717306287691,10,2000,45,full
0.0001,8,-1.6832647282427002,300,True,True,True,False,14.04770770829637,0.004715704455798143,10,2000,45,full
0.0001,9,-1.4911635166448236,39,True,True,True,False,14.03090547008063,0.00475298774159136,10,2000,45,full
0.01,0,-1.6919638473971657,297,True,True,True,False,14.171000013742,0.004696759333206044,10,2000,46,full
0.01,1,-1.5037435484118302,38,True,True,True,False,14.14408169340909,0.0047369402958676214,10,2000,46,full
0.01,2,-1.692197848749617,279,True,True,True,False,14.171891900341382,0.004697002155589208,10,2000,46,full
0.01,3,-1.692210231196697,300,True,True,True,False,14.171807156957636,0.004697052156987605,10,2000,46,full
0.01,4,-1.6922001949692582,300,True,True,True,False,14.171853016057007,0.00469702024795892,10,2000,46,full
0.01,5,-1.503743549371846,22,True,True,True,False,14.14408481058823,0.004736934138712233,10,2000,46,full
0.01,6,-1.6921980131915726,262,True,True,True,False,14.171885580942131,0.004697004309051836,10,2000,46,full
0.01,7,-1.6921973605182363,190,True,True,True,False,14.171944622788988,0.004696983327639508,10,2000,46,full
0.01,8,-1.5037435492175781,35,True,True,True,False,14.144084647580112,0.004736934537467685,10,2000,46,full
0.01,9,-1.6938220197489693,300,True,True,True,False,14.208090231515541,0.004689690189441014,10,2000,46,full
0.001,0,-1.6919638479199803,290,True,True,True,False,14.171000043287332,0.004696759357505009,10,2000,46,full
0.001,1,-1.503743548412118,38,True,True,True,False,14.144081691987076,0.00473694029863176,10,2000,46,full
0.001,2,-1.6921978146278842,271,True,True,True,False,14.171893301466945,0.004697001642913208,10,2000,46,full
0.001,3,-1.6922100640153859,300,True,True,True,False,14.171807485746207,0.004697051781999662,10,2000,46,full
0.001,4,-1.692200208585498,300,True,True,True,False,14.171852742492122,0.00469702032214299,10,2000,46,full
0.001,5,-1.5037435483784551,22,True,True,True,True,14.144081875732967,0.004736939851158493,10,2000,46,full
0.001,6,-1.6921980074810758,261,True,True,True,False,14.171885740648733,0.004697004243518866,10,2000,46,full
0.001,7,-1.6921973552640972,191,True,True,True,False,14.171939972990865,0.004696984965366721,10,2000,46,full
0.001,8,-1.5037435495869491,34,True,True,True,False,14.144085097134894,0.004736933658528734,10,2000,46,full
0.001,9,-1.693822144174228,300,True,True,True,False,14.208305533577375,0.00468965297408437,10,2000,46,full
0.0001,0,-1.6919638456060784,290,True,True,True,False,14.171000046522192,0.004696759360590098,10,2000,46,full
0.0001,1,-1.503743548412165,38,True,True,True,False,14.144081691789358,0.004736940299016849,10,2000,46,full
0.0001,2,-1.6921978136667861,270,True,True,True,False,14.171893385195464,0.004697001621355447,10,2000,46,full
0.0001,3,-1.6922100464832435,300,True,True,True,False,14.171807520754887,0.004697051742495618,10,2000,46,full
0.0001,4,-1.692200214048462,300,True,True,True,False,14.171852676696746,0.00469702035087164,10,2000,46,full
0.0001,5,-1.5037435484506023,22,True,True,True,False,14.144081501502392,0.004736940577709647,10,2000,46,full
0.0001,6,-1.6921980065393047,261,True,True,True,False,14.171885762918714,0.004697004232770756,10,2000,46,full
0.0001,7,-1.692197355578066,191,True,True,True,False,14.171939525666003,0.0046969851280374945,10,2000,46,full
0.0001,8,-1.503743549548599,34,True,True,True,False,14.144085053916532,0.004736933743056996,10,2000,46,full
0.0001,9,-1.6938221579824364,300,True,True,True,False,14.208329329901227,0.004689648853969821,10,2000,46,full
0.01,0,-1.51384345071418,56,True,True,True,False,14.073529442844658,0.004735607980788589,10,2000,47,full
0.01,1,-1.7044035813695424,188,True,True,True,False,14.101397706799343,0.004694814038319986,10,2000,47,full
0.01,2,-1.7044066317474902,300,True,True,True,False,14.101364317183355,0.004694821341235694,10,2000,47,full
0.01,3,-1.7044038987875334,300,True,True,True,False,14.10142669256846,0.0046948088112941785,10,2000,47,full
0.01,4,-1.5138434507536316,24,True,True,True,False,14.073529443764839,0.004735608146452463,10,2000,47,full
0.01,5,-1.7044088348910704,300,True,True,True,False,14.101492007937445,0.0046947952919254325,10,2000,47,full
0.01,6,-1.7044034984571796,255,True,True,True,False,14.10140469070732,0.004694813754206534,10,2000,47,full
0.01,7,-1.5138434518116084,33,True,True,True,False,14.073529219547115,0.004735602433739307,10,2000,47,full
0.01,8,-1.7050820432301308,300,True,True,True,False,14.100919497133766,0.004694962592221464,10,2000,47,full
0.01,9,-1.5138434519184334,34,True,True,True,False,14.073529212414272,0.004735602263816789,10,2000,47,full
0.001,0,-1.513843450726351,55,True,True,True,False,14.07352944483419,0.004735608034697438,10,2000,47,full
0.001,1,-1.7044035666072574,184,True,True,True,False,14.101397811752378,0.004694814118705908,10,2000,47,full
0.001,2,-1.7044064242826389,300,True,True,True,False,14.101365873912526,0.004694820977678542,10,2000,47,full
0.001,3,-1.7044039075933626,300,True,True,True,False,14.101428291092667,0.004694808291959322,10,2000,47,full
0.001,4,-1.5138434505957488,26,True,True,True,True,14.073529414851603,0.00473560727524653,10,2000,47,full
0.001,5,-1.7044081390627528,300,True,True,True,False,14.101484738624045,0.004694796683445306,10,2000,47,full
0.001,6,-1.704403499799776,247,True,True,True,False,14.10140542228035,0.004694813613068968,10,2000,47,full
0.001,7,-1.5138434517422306,33,True,True,True,False,14.073529224333598,0.0047356025479980525,10,2000,47,full
0.001,8,-1.705077743832582,300,True,True,True,False,14.10091889220997,0.004694962461337339,10,2000,47,full
0.001,9,-1.5138434520986528,34,True,True,True,False,14.073529200946536,0.004735601991559041,10,2000,47,full
0.0001,0,-1.5138434506813998,55,True,True,True,False,14.073529436692452,0.004735607824444341,10,2000,47,full
0.0001,1,-1.704403563386233,184,True,True,True,False,14.101397923539084,0.004694814099061147,10,2000,47,full
0.0001,2,-1.7044064043118452,300,True,True,True,False,14.101366026696521,0.004694820942037234,10,2000,47,full
0.0001,3,-1.7044039073242947,300,True,True,True,False,14.101428383562785,0.004694808259902211,10,2000,47,full
0.0001,4,-1.5138434506157814,26,True,True,True,False,14.073529421026475,0.004735607433888048,10,2000,47,full
0.0001,5,-1.7044080787220885,300,True,True,True,False,14.101484108294558,0.004694796804419153,10,2000,47,full
0.0001,6,-1.7044034966447228,247,True,True,True,False,14.101405632653776,0.004694813543401479,10,2000,47,full
0.0001,7,-1.5138434517365225,33,True,True,True,False,14.073529224733605,0.004735602557557805,10,2000,47,full
0.0001,8,-1.7050773451365302,300,True,True,True,False,14.100918895748128,0.004694962417625111,10,2000,47,full
0.0001,9,-1.513843451350919,35,True,True,True,False,14.07352925425184,0.00473560326628808,10,2000,47,full
0.01,0,-1.7099108982938833,300,True,True,True,False,14.471394677570169,0.00460896727044101,10,2000,48,full
0.01,1,-1.7103091801729362,300,True,True,True,False,14.472183118762661,0.004608695268617555,10,2000,48,full
0.01,2,-1.7103074439087298,183,True,True,True,False,14.472213901273635,0.004608691988415814,10,2000,48,full
0.01,3,-1.710869798774358,300,True,True,True,False,14.472410559722139,0.004608811724936458,10,2000,48,full
0.01,4,-1.7103114876731167,300,True,True,True,False,14.472154920823009,0.004608698574311751,10,2000,48,full
0.01,5,-1.7103173987921807,300,True,True,True,False,14.47209645635277,0.00460870761667736,10,2000,48,full
0.01,6,-1.7106217921152955,300,True,True,True,False,14.472900518942728,0.004608735143020517,10,2000,48,full
0.01,7,-1.5140252951750195,38,True,True,True,True,14.435711085222152,0.004650965747554289,10,2000,48,full
0.01,8,-1.711295300584616,300,True,True,True,False,14.471107443807943,0.004608777069887637,10,2000,48,full
0.01,9,-1.7100728642339473,300,True,True,True,False,14.471631674081014,0.004609108122343976,10,2000,48,full
0.001,0,-1.7099029414187887,300,True,True,True,False,14.47139347564457,0.004608946954507218,10,2000,48,full
0.001,1,-1.7103092678119973,300,True,True,True,False,14.47218178866615,0.0046086954222624875,10,2000,48,full
0.001,2,-1.7103074687459652,208,True,True,True,False,14.472214442897837,0.004608691865245257,10,2000,48,full
0.001,3,-1.7108520214598466,300,True,True,True,False,14.472501218852354,0.004608792470223865,10,2000,48,full
0.001,4,-1.7103114548219316,300,True,True,True,False,14.4721552082885,0.004608698543550085,10,2000,48,full
0.001,5,-1.710316932783977,300,True,True,True,False,14.472100352218591,0.0046087069045004795,10,2000,48,full
0.001,6,-1.710626739325183,300,True,True,True,False,14.472901601606038,0.004608736418379606,10,2000,48,full
0.001,7,-1.5140252952293591,37,True,True,True,False,14.435711067109338,0.004650966201579301,10,2000,48,full
0.001,8,-1.7112946972267942,300,True,True,True,False,14.471128048008486,0.0046087800580751044,10,2000,48,full
0.001,9,-1.710074428606478,300,True,True,True,False,14.471636167765178,0.004609108267577437,10,2000,48,full
0.0001,0,-1.7099024186602023,300,True,True,True,False,14.471393574390719,0.004608945480938043,10,2000,48,full
0.0001,1,-1.7103092765773042,300,True,True,True,False,14.4721816566677,0.004608695437558728,10,2000,48,full
0.0001,2,-1.7103074723981935,210,True,True,True,False,14.472214413863567,0.004608691865491356,10,2000,48,full
0.0001,3,-1.7108503892539848,300,True,True,True,False,14.472509167564185,0.004608790726595482,10,2000,48,full
0.0001,4,-1.7103114514373,300,True,True,True,False,14.47215523815666,0.004608698540336232,10,2000,48,full
0.0001,5,-1.71031688862868,300,True,True,True,False,14.472100726035473,0.004608706837318027,10,2000,48,full
0.0001,6,-1.7106271105675914,300,True,True,True,False,14.47290179472659,0.004608736463448639,10,2000,48,full
0.0001,7,-1.5140252952147675,37,True,True,True,False,14.435711070977726,0.00465096610457526,10,2000,48,full
0.0001,8,-1.7112946446651656,300,True,True,True,False,14.471129758980096,0.004608780308234514,10,2000,48,full
0.0001,9,-1.7100744595690176,300,True,True,True,False,14.471636248589972,0.00460910827196322,10,2000,48,full
0.01,0,-1.704653262030101,300,True,True,True,False,14.164356943143568,0.004733136636640271,10,2000,49,full
0.01,1,-1.7041829980442005,300,True,True,True,False,14.163473055658454,0.004733471718612446,10,2000,49,full
0.01,2,-1.704230364014382,300,True,True,True,False,14.16336767864863,0.004733524575233049,10,2000,49,full
0.01,3,-1.7046923397314195,300,True,True,True,False,14.164311979210463,0.004733091524774638,10,2000,49,full
0.01,4,-1.704220816508052,300,True,True,True,False,14.163417676617039,0.004733497533713602,10,2000,49,full
0.01,5,-1.511716651256849,33,True,True,True,False,14.125455384745022,0.004781182385199565,10,2000,49,full
0.01,6,-1.511716651302913,45,True,True,True,False,14.12545541873513,0.004781182307421303,10,2000,49,full
0.01,7,-1.5117166498899257,42,True,True,True,True,14.12545282513322,0.004781188229371127,10,2000,49,full
0.01,8,-1.704181462677796,300,True,True,True,False,14.163497886865638,0.004733461062209492,10,2000,49,full
0.01,9,-1.7041812167239174,157,True,True,True,False,14.163497299272624,0.004733456284410055,10,2000,49,full
0.001,0,-1.7046543666227265,300,True,True,True,False,14.16436353718835,0.004733128444919021,10,2000,49,full
0.001,1,-1.7041832878266283,300,True,True,True,False,14.163465723500279,0.004733474392488042,10,2000,49,full
0.001,2,-1.7042304874887566,300,True,True,True,False,14.16336442054003,0.0047335252955591515,10,2000,49,full
0.001,3,-1.7046921371485786,300,True,True,True,False,14.164312217266023,0.004733091654080936,10,2000,49,full
0.001,4,-1.7042208372704761,300,True,True,True,False,14.163417298589579,0.004733497690479844,10,2000,49,full
0.001,5,-1.511716651082845,33,True,True,True,False,14.12545525090275,0.004781182690978547,10,2000,49,full
0.001,6,-1.5117166510884905,45,True,True,True,False,14.125455255376982,0.004781182680663522,10,2000,49,full
0.001,7,-1.5117166501876573,41,True,True,True,False,14.125452197082689,0.004781189662344645,10,2000,49,full
0.001,8,-1.704181504233926,300,True,True,True,False,14.16349721549346,0.004733461451014341,10,2000,49,full
0.001,9,-1.7041812017947469,159,True,True,True,False,14.16349385748254,0.004733457875708764,10,2000,49,full
0.0001,0,-1.7046545253016099,300,True,True,True,False,14.164364186784905,0.004733127449637825,10,2000,49,full
0.0001,1,-1.7041833183967559,300,True,True,True,False,14.163464878176832,0.004733474707330928,10,2000,49,full
0.0001,2,-1.7042305039485848,300,True,True,True,False,14.16336405277328,0.004733525380389884,10,2000,49,full
0.0001,3,-1.7046921164726019,300,True,True,True,False,14.164312241652851,0.004733091667235005,10,2000,49,full
0.0001,4,-1.7042208395806604,300,True,True,True,False,14.16341725735903,0.0047334977077045145,10,2000,49,full
0.0001,5,-1.5117166510678406,33,True,True,True,False,14.125455238959972,0.004781182718262011,10,2000,49,full
0.0001,6,-1.511716651068844,45,True,True,True,False,14.125455239743006,0.0047811827163838656,10,2000,49,full
0.0001,7,-1.5117166501737043,41,True,True,True,False,14.125452218044204,0.004781189614525628,10,2000,49,full
0.0001,8,-1.704181508654206,300,True,True,True,False,14.163497146603161,0.004733461491017321,10,2000,49,full
0.0001,9,-1.7041811988533597,160,True,True,True,False,14.163493999251932,0.004733457920666588,10,2000,49,full
0.01,0,-1.7202063737376208,257,True,True,True,False,14.133214649714962,0.004801017258401818,10,2000,50,full
0.01,1,-1.524492277699942,27,True,True,True,True,14.090025413783899,0.004848545994492065,10,2000,50,full
0.01,2,-1.720517075173233,300,True,True,True,False,14.13396614174631,0.0048005958884787085,10,2000,50,full
0.01,3,-1.720350392814813,300,True,True,True,False,14.134030252086166,0.0048008436475319195,10,2000,50,full
0.01,4,-1.5244922790330468,34,True,True,True,False,14.090030150301024,0.004848539625113231,10,2000,50,full
0.01,5,-1.722272939363743,300,True,True,True,False,14.328181482719753,0.004796118309141967,10,2000,50,full
0.01,6,-1.7216309949978619,300,True,True,True,False,14.133269784200381,0.004800854271282997,10,2000,50,full
0.01,7,-1.7200742863460539,300,True,True,True,False,14.132848006031587,0.004800935242512562,10,2000,50,full
0.01,8,-1.7202085284573851,300,True,True,True,False,14.133161280129046,0.004800867439172157,10,2000,50,full
0.01,9,-1.5244922785136166,32,True,True,True,False,14.090029321101536,0.004848540740511914,10,2000,50,full
0.001,0,-1.7202063906994458,260,True,True,True,False,14.13321588589875,0.004801018729938696,10,2000,50,full
0.001,1,-1.5244922777323393,28,True,True,True,False,14.090025205946919,0.004848546273940041,10,2000,50,full
0.001,2,-1.720517215712606,300,True,True,True,False,14.133963766333753,0.004800596651187355,10,2000,50,full
0.001,3,-1.7203518744454602,300,True,True,True,False,14.134038248526565,0.004800835124203514,10,2000,50,full
0.001,4,-1.5244922783874522,35,True,True,True,False,14.090029084227224,0.004848541059114534,10,2000,50,full
0.001,5,-1.7222732168831913,300,True,True,True,False,14.331057817041103,0.0047962083767954826,10,2000,50,full
0.001,6,-1.7216182284107242,300,True,True,True,False,14.133210843002116,0.004800878300263049,10,2000,50,full
0.001,7,-1.7200742499033361,300,True,True,True,False,14.13284807275475,0.004800935089361797,10,2000,50,full
0.001,8,-1.7202080448214812,300,True,True,True,False,14.133163949223347,0.004800879010357702,10,2000,50,full
0.001,9,-1.5244922787562283,32,True,True,True,False,14.090029732598405,0.004848540187009421,10,2000,50,full
0.0001,0,-1.7202063936546186,260,True,True,True,False,14.133215923480142,0.004801018904825119,10,2000,50,full
0.0001,1,-1.5244922777680519,28,True,True,True,False,14.090025018695417,0.004848546525661492,10,2000,50,full
0.0001,2,-1.7205172250846215,300,True,True,True,False,14.133963542585654,0.004800596727683186,10,2000,50,full
0.0001,3,-1.7203520260554803,300,True,True,True,False,14.13403899360429,0.004800834299187466,10,2000,50,full
0.0001,4,-1.5244922783926604,35,True,True,True,False,14.090029094437869,0.004848541045381393,10,2000,50,full
0.0001,5,-1.7222732425275376,300,True,True,True,False,14.331378890604041,0.004796218871557473,10,2000,50,full
0.0001,6,-1.7216164125429942,300,True,True,True,False,14.133207137574578,0.004800879883670881,10,2000,50,full
0.0001,7,-1.7200742470740138,300,True,True,True,False,14.132848079803168,0.00480093507324367,10,2000,50,full
0.0001,8,-1.7202080133677347,300,True,True,True,False,14.13316414514159,0.00480087984661886,10,2000,50,full
0.0001,9,-1.5244922787890647,32,True,True,True,False,14.090029784701308,0.004848540116923856,10,2000,50,full
0.01,0,-1.5259401457628545,25,True,True,True,False,13.952133182421285,0.0047678148719777,10,2000,51,full
0.01,1,-1.7211201297388699,300,True,True,True,False,14.0148628647567,0.004712198564555293,10,2000,51,full
0.01,2,-1.7211583045554562,299,True,True,True,False,14.013855925702948,0.004712451053782153,10,2000,51,full
0.01,3,-1.5259401463656235,33,True,True,True,False,13.95214461255378,0.004767807358984888,10,2000,51,full
0.01,4,-1.5259401469224987,44,True,True,True,False,13.952147377267844,0.004767805541682859,10,2000,51,full
0.01,5,-1.5259401457702513,48,True,True,True,False,13.952133074022406,0.004767814943323935,10,2000,51,full
0.01,6,-1.7212712633741332,300,True,True,True,False,14.013569767708479,0.004712355151914193,10,2000,51,full
0.01,7,-1.7212315538064664,300,True,True,True,False,14.013464522440474,0.004712325262374643,10,2000,51,full
0.01,8,-1.5259401457119304,27,True,True,True,False,13.952134058043537,0.004767814296512291,10,2000,51,full
0.01,9,-1.7212578477029095,300,True,True,True,False,14.013536132917372,0.004712172131038723,10,2000,51,full
0.001,0,-1.525940145732226,26,True,True,True,False,13.952133674339477,0.004767814548687546,10,2000,51,full
0.001,1,-1.721120204546143,300,True,True,True,False,14.014865124262617,0.004712197632419674,10,2000,51,full
0.001,2,-1.7211595291943511,300,True,True,True,False,14.01389042069689,0.004712449952337988,10,2000,51,full
0.001,3,-1.5259401469149076,32,True,True,True,False,13.952147344052806,0.004767805563536423,10,2000,51,full
0.001,4,-1.5259401467817546,44,True,True,True,False,13.952146748038007,0.004767805955288538,10,2000,51,full
0.001,5,-1.5259401456904116,48,True,True,True,False,13.952134549015065,0.0047678139737994,10,2000,51,full
0.001,6,-1.7212756842340746,300,True,True,True,False,14.013567690827106,0.0047123550830443905,10,2000,51,full
0.001,7,-1.721221441241759,300,True,True,True,False,14.013484795074952,0.004712370648934877,10,2000,51,full
0.001,8,-1.5259401457088886,27,True,True,True,False,13.952134121133327,0.004767814255042428,10,2000,51,full
0.001,9,-1.721257300878091,300,True,True,True,False,14.013535026395383,0.004712171845028446,10,2000,51,full
0.0001,0,-1.5259401457561852,26,True,True,True,False,13.952133283098748,0.004767814805850622,10,2000,51,full
0.0001,1,-1.7211202122045521,300,True,True,True,False,14.014865350345104,0.004712197539166907,10,2000,51,full
0.0001,2,-1.7211596029565117,300,True,True,True,False,14.013893327173237,0.004712449729519942,10,2000,51,full
0.0001,3,-1.5259401468999905,32,True,True,True,False,13.952147278989612,0.0047678056063032,10,2000,51,full
0.0001,4,-1.5259401467685145,44,True,True,True,False,13.952146686970032,0.004767805995429584,10,2000,51,full
0.0001,5,-1.5259401456855815,48,True,True,True,True,13.952134679281924,0.0047678138881741905,10,2000,51,full
0.0001,6,-1.7212761158476377,300,True,True,True,False,14.0135675931355,0.00471235502469298,10,2000,51,full
0.0001,7,-1.7212200935577253,300,True,True,True,False,14.013488214675915,0.004712375618003446,10,2000,51,full
0.0001,8,-1.5259401457085648,27,True,True,True,False,13.952134127369053,0.004767814250943603,10,2000,51,full
0.0001,9,-1.721257242548553,300,True,True,True,False,14.013534883310257,0.004712171838050365,10,2000,51,full
0.01,0,-1.6975614086594109,300,True,True,True,False,14.086724766117658,0.004682186783766041,10,5000,42,full
0.01,1,-1.660997253292655,300,True,True,True,False,14.50778514118513,0.003221314885917236,10,5000,42,full
0.01,2,-1.507306981942074,31,True,True,True,True,13.99356711913064,0.0047470728795696165,10,5000,42,full
0.01,3,-1.697526134881886,300,True,True,True,False,14.086559451146918,0.004682223044583844,10,5000,42,full
0.01,4,-1.6967877785971675,300,True,True,True,False,14.086458758434603,0.004682104719877208,10,5000,42,full
0.01,5,-1.507306981980413,57,True,True,True,False,13.993567014042243,0.004747073174035593,10,5000,42,full
0.01,6,-1.6967281565810017,300,True,True,True,False,14.086637789530277,0.004682118336703765,10,5000,42,full
0.01,7,-1.6966961214237346,300,True,True,True,False,14.08675685307471,0.00468208372172617,10,5000,42,full
0.01,8,-1.6974356798788346,300,True,True,True,False,14.085551977732433,0.0046823090415608936,10,5000,42,full
0.01,9,-1.6966192281953616,300,True,True,True,False,14.087084408772812,0.0046819895181510925,10,5000,42,full
0.001,0,-1.697502607498831,300,True,True,True,False,14.087300031181192,0.004681990272645251,10,5000,42,full
0.001,1,-1.6609972497943446,300,True,True,True,False,14.507775921309129,0.0032212630188143978,10,5000,42,full
0.001,2,-1.5073069819618021,31,True,True,True,False,13.993567062851389,0.004747073037190981,10,5000,42,full
0.001,3,-1.6975259367026019,300,True,True,True,False,14.086552578464843,0.004682226464617568,10,5000,42,full
0.001,4,-1.6967746419402145,300,True,True,True,False,14.086495885752369,0.004682104830836776,10,5000,42,full
0.001,5,-1.5073069820377163,57,True,True,True,False,13.993566881654424,0.0047470735447183695,10,5000,42,full
0.001,6,-1.696727112248062,300,True,True,True,False,14.086640850873128,0.004682117523887406,10,5000,42,full
0.001,7,-1.6966962583796896,300,True,True,True,False,14.086755320395214,0.004682083657007748,10,5000,42,full
0.001,8,-1.6974758091901425,300,True,True,True,False,14.08553348839164,0.004682487040291063,10,5000,42,full
0.001,9,-1.696619136053127,300,True,True,True,False,14.087084914516986,0.004681989481729915,10,5000,42,full
0.0001,0,-1.6974733585452568,300,True,True,True,False,14.087414489193028,0.004681944979865692,10,5000,42,full
0.0001,1,-1.6609972494616139,300,True,True,True,False,14.507775021555043,0.003221257998014604,10,5000,42,full
0.0001,2,-1.5073069819640939,31,True,True,True,False,13.993567056492566,0.0047470730550011045,10,5000,42,full
0.0001,3,-1.6975259178888453,300,True,True,True,False,14.086551829144417,0.004682226823877618,10,5000,42,full
0.0001,4,-1.6967736047491675,300,True,True,True,False,14.086498763768256,0.004682104826254626,10,5000,42,full
0.0001,5,-1.507306982036842,57,True,True,True,False,13.993566883665292,0.004747073539086386,10,5000,42,full
0.0001,6,-1.6967270067225415,300,True,True,True,False,14.086641161171363,0.004682117440075228,10,5000,42,full
0.0001,7,-1.6966962730800308,300,True,True,True,False,14.086755174898553,0.004682083648609945,10,5000,42,full
0.0001,8,-1.6974762064910953,300,True,True,True,False,14.085538033944493,0.004682486959738704,10,5000,42,full
0.0001,9,-1.6966191271158715,300,True,True,True,False,14.087084966269536,0.004681989477839078,10,5000,42,full
0.01,0,-1.5106525494935745,41,True,True,True,True,14.268365763838972,0.004699306128190283,10,5000,43,full
0.01,1,-1.6979567846934556,300,True,True,True,False,14.357589525818009,0.0046338480684485995,10,5000,43,full
0.01,2,-1.5106525497676002,26,True,True,True,False,14.26836726357495,0.0046993010478100575,10,5000,43,full
0.01,3,-1.6981638728896982,300,True,True,True,False,14.357498909233076,0.0046337806777571565,10,5000,43,full
0.01,4,-1.5106525497139556,34,True,True,True,False,14.268367186977239,0.004699301307732056,10,5000,43,full
0.01,5,-1.6981412763120187,300,True,True,True,False,14.357577275088667,0.004633776006981939,10,5000,43,full
0.01,6,-1.6981285564443571,300,True,True,True,False,14.357497984367946,0.0046337872650932446,10,5000,43,full
0.01,7,-1.6979828805364499,300,True,True,True,False,14.357529638129314,0.004633862944389668,10,5000,43,full
0.01,8,-1.6992930094917535,300,True,True,True,False,14.396605299278791,0.004624158744290648,10,5000,43,full
0.01,9,-1.6981335414773557,300,True,True,True,False,14.357502507536537,0.004633787995615495,10,5000,43,full
0.001,0,-1.5106525495363254,41,True,True,True,False,14.268365656753968,0.0046993064904856455,10,5000,43,full
0.001,1,-1.6979571563910352,300,True,True,True,False,14.357585110606509,0.004633849502767628,10,5000,43,full
0.001,2,-1.5106525497967311,26,True,True,True,False,14.268367303049411,0.004699300913905967,10,5000,43,full
0.001,3,-1.698128534212782,300,True,True,True,False,14.357468438034015,0.004633792490581527,10,5000,43,full
0.001,4,-1.5106525496610463,34,True,True,True,False,14.268367104299914,0.00469930158811229,10,5000,43,full
0.001,5,-1.6981409562340806,300,True,True,True,False,14.357569630525887,0.004633777180979203,10,5000,43,full
0.001,6,-1.69812845689333,300,True,True,True,False,14.357487796886781,0.004633789294640202,10,5000,43,full
0.001,7,-1.6979840393570391,300,True,True,True,False,14.357520712359884,0.004633864578199506,10,5000,43,full
0.001,8,-1.6993099284672586,300,True,True,True,False,14.399977319892836,0.004631407795531964,10,5000,43,full
0.001,9,-1.6981335445545622,300,True,True,True,False,14.357501607268505,0.004633788112241405,10,5000,43,full
0.0001,0,-1.5106525495415974,41,True,True,True,False,14.26836564491357,0.004699306530539346,10,5000,43,full
0.0001,1,-1.6979572210648193,300,True,True,True,False,14.357584665068426,0.004633849694007352,10,5000,43,full
0.0001,2,-1.5106525498004277,26,True,True,True,False,14.268367307809209,0.004699300897758965,10,5000,43,full
0.0001,3,-1.698128530111587,300,True,True,True,False,14.35746843641007,0.004633792490741786,10,5000,43,full
0.0001,4,-1.5106525496565701,34,True,True,True,False,14.26836709682159,0.004699301613473324,10,5000,43,full
0.0001,5,-1.698140924699951,300,True,True,True,False,14.357568896539233,0.004633777293766301,10,5000,43,full
0.0001,6,-1.6981284515037594,300,True,True,True,False,14.357487026573377,0.004633789445030154,10,5000,43,full
0.0001,7,-1.6979841581808874,300,True,True,True,False,14.357519919669112,0.004633864722616328,10,5000,43,full
0.0001,8,-1.6993137697642084,300,True,True,True,False,14.397381605579982,0.00463387073734228,10,5000,43,full
0.0001,9,-1.6981335447639345,300,True,True,True,False,14.35750151490599,0.004633788124223848,10,5000,43,full
0.01,0,-1.720318906882021,300,True,True,True,False,14.144376676772024,0.00466924931877377,10,5000,44,full
0.01,1,-1.7208014793469277,300,True,True,True,False,14.144239013101206,0.004669220272083001,10,5000,44,full
0.01,2,-1.7203280108325802,300,True,True,True,False,14.14415495072825,0.0046692676489177515,10,5000,44,full
0.01,3,-1.7213326222154792,300,True,True,True,False,14.14409767600656,0.004669452612021794,10,5000,44,full
0.01,4,-1.7203443563675707,300,True,True,True,False,14.144115562199158,0.004669260334734267,10,5000,44,full
0.01,5,-1.7204289574707206,300,True,True,True,False,14.144175601050433,0.004669217180673077,10,5000,44,full
0.01,6,-1.7203444182346572,300,True,True,True,False,14.144160450097461,0.004669252826472818,10,5000,44,full
0.01,7,-1.5290335053762796,25,True,True,True,True,14.060419308196613,0.004732975195489533,10,5000,44,full
0.01,8,-1.720346280350682,300,True,True,True,False,14.144118824280238,0.004669258180736411,10,5000,44,full
0.01,9,-1.7203648227837414,300,True,True,True,False,14.144213553934382,0.004669237665885597,10,5000,44,full
0.001,0,-1.720317907016612,300,True,True,True,False,14.144371687600234,0.004669250303138409,10,5000,44,full
0.001,1,-1.720798575467249,300,True,True,True,False,14.144248696073266,0.00466921812754556,10,5000,44,full
0.001,2,-1.7203291012578978,300,True,True,True,False,14.144151821717873,0.004669267225579873,10,5000,44,full
0.001,3,-1.7213324150585614,300,True,True,True,False,14.144079201597222,0.004669456974724863,10,5000,44,full
0.001,4,-1.720344363130267,300,True,True,True,False,14.144116264543559,0.004669260180628845,10,5000,44,full
0.001,5,-1.7204240774670674,300,True,True,True,False,14.144171714516943,0.00466921935587607,10,5000,44,full
0.001,6,-1.7203450530806597,300,True,True,True,False,14.14415880929336,0.0046692527271572385,10,5000,44,full
0.001,7,-1.5290335054326625,25,True,True,True,False,14.060419301236747,0.004732975828867196,10,5000,44,full
0.001,8,-1.7203463072368954,300,True,True,True,False,14.144118931132269,0.004669258143268402,10,5000,44,full
0.001,9,-1.7203648040077881,300,True,True,True,False,14.14420552247023,0.004669238604464457,10,5000,44,full
0.0001,0,-1.7203177997801036,300,True,True,True,False,14.14437110420431,0.0046692504187886875,10,5000,44,full
0.0001,1,-1.7207983317654414,300,True,True,True,False,14.144249664011271,0.004669217908439067,10,5000,44,full
0.0001,2,-1.720329208940067,300,True,True,True,False,14.144151518207575,0.004669267182532541,10,5000,44,full
0.0001,3,-1.7213323734769406,300,True,True,True,False,14.144077372685267,0.004669457380805729,10,5000,44,full
0.0001,4,-1.7203443662128681,300,True,True,True,False,14.144116327293574,0.004669260164853374,10,5000,44,full
0.0001,5,-1.7204236195884604,300,True,True,True,False,14.144171354570693,0.0046692195643665176,10,5000,44,full
0.0001,6,-1.7203451159522773,300,True,True,True,False,14.144158646458457,0.00466925271740661,10,5000,44,full
0.0001,7,-1.5290335054413426,25,True,True,True,False,14.060419300361382,0.004732975907946985,10,5000,44,full
0.0001,8,-1.720346310096202,300,True,True,True,False,14.144118942238162,0.004669258139331238,10,5000,44,full
0.0001,9,-1.7203647944353393,300,True,True,True,False,14.144204772799307,0.004669238695722586,10,5000,44,full
0.01,0,-1.7230919936098623,300,True,True,True,False,14.175284038280859,0.004667705847583742,10,5000,45,full
0.01,1,-1.722026401688928,300,True,True,True,False,14.174899709271124,0.0046677550950728714,10,5000,45,full
0.01,2,-1.723096693001932,300,True,True,True,False,14.175157413977232,0.004667773775642521,10,5000,45,full
0.01,3,-1.7220473738407422,300,True,True,True,False,14.175089903833667,0.004667696440592233,10,5000,45,full
0.01,4,-1.7223115483614584,300,True,True,True,False,14.174483560477546,0.004667802534700434,10,5000,45,full
0.01,5,-1.722117515986669,300,True,True,True,False,14.175077104980215,0.004667681112772763,10,5000,45,full
0.01,6,-1.53145285963938,28,True,True,True,True,14.0981404757677,0.004729135207304041,10,5000,45,full
0.01,7,-1.7220569575071567,300,True,True,True,False,14.175095926773968,0.004667693342086448,10,5000,45,full
0.01,8,-1.722121805790001,300,True,True,True,False,14.175030203177336,0.004667689405045824,10,5000,45,full
0.01,9,-1.7223443487923598,300,True,True,True,False,14.174500307349987,0.004667807555342631,10,5000,45,full
0.001,0,-1.7230939829130558,300,True,True,True,False,14.175282771233563,0.004667707260844288,10,5000,45,full
0.001,1,-1.7220261458837776,300,True,True,True,False,14.174900414085307,0.004667754955132277,10,5000,45,full
0.001,2,-1.7231018009703292,300,True,True,True,False,14.175146678915826,0.0046677828589087615,10,5000,45,full
0.001,3,-1.7220528441879976,300,True,True,True,False,14.175095702867745,0.004667693717847112,10,5000,45,full
0.001,4,-1.7223112983451743,300,True,True,True,False,14.17448163101397,0.004667803433913931,10,5000,45,full
0.001,5,-1.7221207578447135,300,True,True,True,False,14.175069051288133,0.004667681751461012,10,5000,45,full
0.001,6,-1.5314528597984218,27,True,True,True,False,14.09814033594102,0.004729134410149903,10,5000,45,full
0.001,7,-1.7220613405745389,300,True,True,True,False,14.175099494524014,0.00466769162249959,10,5000,45,full
0.001,8,-1.7221223773905119,300,True,True,True,False,14.17502924116169,0.004667689415553762,10,5000,45,full
0.001,9,-1.722332618676004,300,True,True,True,False,14.174495361152967,0.00466780772754879,10,5000,45,full
0.0001,0,-1.7230941797849053,300,True,True,True,False,14.175282683877711,0.004667707378406231,10,5000,45,full
0.0001,1,-1.7220261235072083,300,True,True,True,False,14.174900484168575,0.004667754941565986,10,5000,45,full
0.0001,2,-1.7231023825687866,300,True,True,True,False,14.175145505837138,0.004667783867504692,10,5000,45,full
0.0001,3,-1.722053460849657,300,True,True,True,False,14.175096280933614,0.004667693433218362,10,5000,45,full
0.0001,4,-1.7223112811911139,300,True,True,True,False,14.174481498814709,0.00466780350127026,10,5000,45,full
0.0001,5,-1.7221210596140504,300,True,True,True,False,14.175068197865302,0.004667681832167725,10,5000,45,full
0.0001,6,-1.531452859783108,27,True,True,True,False,14.098140348004954,0.004729134478978212,10,5000,45,full
0.0001,7,-1.722061770699912,300,True,True,True,False,14.175099827238972,0.0046676914576410326,10,5000,45,full
0.0001,8,-1.7221224348929514,300,True,True,True,False,14.175029142703062,0.004667689416996404,10,5000,45,full
0.0001,9,-1.7223327185325517,300,True,True,True,False,14.174495387632314,0.004667807732680258,10,5000,45,full
0.01,0,-1.7176295249416587,300,True,True,True,False,13.97477153071586,0.004740476768168482,10,5000,46,full
0.01,1,-1.529255115395709,40,True,True,True,True,13.89884333769772,0.004801658712245832,10,5000,46,full
0.01,2,-1.7174035774719787,300,True,True,True,False,13.975131507792755,0.004740413819815794,10,5000,46,full
0.01,3,-1.717402841852758,300,True,True,True,False,13.975126050395758,0.004740414545480437,10,5000,46,full
0.01,4,-1.7176352888548325,300,True,True,True,False,13.974799092914777,0.004740472635706626,10,5000,46,full
0.01,5,-1.5292551157425733,27,True,True,True,False,13.898844845126957,0.0048016535697447005,10,5000,46,full
0.01,6,-1.7176422523316788,300,True,True,True,False,13.974803192729789,0.004740471629136253,10,5000,46,full
0.01,7,-1.7176262399999225,300,True,True,True,False,13.974773826478708,0.0047404763359588185,10,5000,46,full
0.01,8,-1.5292551158047234,29,True,True,True,False,13.898844935580676,0.0048016532604075075,10,5000,46,full
0.01,9,-1.7185819986798856,300,True,True,True,False,13.97504772517118,0.004740405818372952,10,5000,46,full
0.001,0,-1.717628615750484,300,True,True,True,False,13.974770979054439,0.004740476866595315,10,5000,46,full
0.001,1,-1.5292551153964062,40,True,True,True,False,13.898843334429099,0.004801658723364041,10,5000,46,full
0.001,2,-1.7174039421622458,300,True,True,True,False,13.97513307281182,0.004740413550427009,10,5000,46,full
0.001,3,-1.7174026593693998,300,True,True,True,False,13.975126346950466,0.004740414633115541,10,5000,46,full
0.001,4,-1.7176358477652733,300,True,True,True,False,13.974799508763192,0.004740472534129592,10,5000,46,full
0.001,5,-1.5292551156414271,27,True,True,True,False,13.898844680520739,0.004801654132800693,10,5000,46,full
0.001,6,-1.7176426903442386,300,True,True,True,False,13.974803441185285,0.004740471570855938,10,5000,46,full
0.001,7,-1.7176239867449974,300,True,True,True,False,13.97477078865262,0.004740476931920388,10,5000,46,full
0.001,8,-1.5292551156111553,30,True,True,True,False,13.898844625851195,0.004801654320304869,10,5000,46,full
0.001,9,-1.7185831010721047,300,True,True,True,False,13.97505005003005,0.00474040558561388,10,5000,46,full
0.0001,0,-1.7176285331750567,300,True,True,True,False,13.974770939846174,0.004740476874298033,10,5000,46,full
0.0001,1,-1.5292551153964922,40,True,True,True,False,13.898843334051458,0.004801658724648499,10,5000,46,full
0.0001,2,-1.7174039817746374,300,True,True,True,False,13.975133236882202,0.004740413522013559,10,5000,46,full
0.0001,3,-1.7174026490274887,300,True,True,True,False,13.975126404949782,0.004740414636120566,10,5000,46,full
0.0001,4,-1.7176359047169223,300,True,True,True,False,13.974799550639522,0.004740472523954509,10,5000,46,full
0.0001,5,-1.5292551156303784,27,True,True,True,False,13.898844660801961,0.004801654200213311,10,5000,46,full
0.0001,6,-1.7176427344002747,300,True,True,True,False,13.974803465908527,0.004740471565054815,10,5000,46,full
0.0001,7,-1.7176238137204232,300,True,True,True,False,13.974770582609164,0.0047404769754034555,10,5000,46,full
0.0001,8,-1.529255115618285,30,True,True,True,False,13.898844638852463,0.004801654275847858,10,5000,46,full
0.0001,9,-1.718583214707898,300,True,True,True,False,13.975050292899368,0.004740405561182451,10,5000,46,full
0.01,0,-1.715424260078133,300,True,True,True,False,13.946961221389833,0.004772832267490802,10,5000,47,full
0.01,1,-1.714429249938638,300,True,True,True,False,13.947146259770573,0.004772886704452342,10,5000,47,full
0.01,2,-1.714428829219629,300,True,True,True,False,13.947171929499573,0.0047728839473852955,10,5000,47,full
0.01,3,-1.7145905144178117,300,True,True,True,False,13.946854897343622,0.004772895561148643,10,5000,47,full
0.01,4,-1.7144310011038923,300,True,True,True,False,13.947129183548586,0.004772889728590841,10,5000,47,full
0.01,5,-1.7145845793143097,300,True,True,True,False,13.946872900955446,0.004772891899613883,10,5000,47,full
0.01,6,-1.714429302828444,300,True,True,True,False,13.947150934582854,0.004772888507066454,10,5000,47,full
0.01,7,-1.5256060138515692,37,True,True,True,False,13.895750914537132,0.004827451432441332,10,5000,47,full
0.01,8,-1.7154417531102715,300,True,True,True,False,13.946937432926692,0.004772855025225986,10,5000,47,full
0.01,9,-1.7154261674846791,300,True,True,True,False,13.947012846611194,0.00477282328657211,10,5000,47,full
0.001,0,-1.7154253504381014,300,True,True,True,False,13.9469601136219,0.004772833009395827,10,5000,47,full
0.001,1,-1.714429157223766,300,True,True,True,False,13.947147698926472,0.004772886563732515,10,5000,47,full
0.001,2,-1.7144289257452519,300,True,True,True,False,13.94717282763792,0.00477288397002062,10,5000,47,full
0.001,3,-1.7145903996946255,300,True,True,True,False,13.946855003551121,0.004772895548653827,10,5000,47,full
0.001,4,-1.714430915561402,300,True,True,True,False,13.94712962914522,0.004772889692730997,10,5000,47,full
0.001,5,-1.7145843366059383,300,True,True,True,False,13.946873413855553,0.0047728918108583705,10,5000,47,full
0.001,6,-1.714429396108877,300,True,True,True,False,13.947149372523405,0.004772888950685227,10,5000,47,full
0.001,7,-1.5256060137716465,37,True,True,True,False,13.895750830405314,0.004827451847279676,10,5000,47,full
0.001,8,-1.715442604821428,300,True,True,True,False,13.946937621304746,0.004772855232790646,10,5000,47,full
0.001,9,-1.7154273285358033,300,True,True,True,False,13.947011895466169,0.004772824339969537,10,5000,47,full
0.0001,0,-1.7154254620016443,300,True,True,True,False,13.946959996644164,0.004772833087051358,10,5000,47,full
0.0001,1,-1.7144291487526677,300,True,True,True,False,13.947147837201593,0.00477288655087174,10,5000,47,full
0.0001,2,-1.7144289360778167,300,True,True,True,False,13.94717291324838,0.004772883973631197,10,5000,47,full
0.0001,3,-1.7145903881458837,300,True,True,True,False,13.946855013398595,0.004772895547554513,10,5000,47,full
0.0001,4,-1.7144309071426347,300,True,True,True,False,13.947129674376667,0.00477288968915123,10,5000,47,full
0.0001,5,-1.7145843106870875,300,True,True,True,False,13.946873469381348,0.004772891801169113,10,5000,47,full
0.0001,6,-1.7144294066676995,300,True,True,True,False,13.947149195503572,0.004772888999411291,10,5000,47,full
0.0001,7,-1.5256060137651126,37,True,True,True,True,13.895750822909848,0.004827451884220319,10,5000,47,full
0.0001,8,-1.715442692834892,300,True,True,True,False,13.946937640867402,0.004772855254117865,10,5000,47,full
0.0001,9,-1.7154274558862281,300,True,True,True,False,13.947011780957613,0.004772824457741074,10,5000,47,full
0.01,0,-1.7394797977813703,300,True,True,True,False,14.150285782617678,0.004730435782700473,10,5000,48,full
0.01,1,-1.7397000928153818,300,True,True,True,False,14.149975799932234,0.004730471080817464,10,5000,48,full
0.01,2,-1.739698926586152,300,True,True,True,False,14.149972320541357,0.0047304721699840905,10,5000,48,full
0.01,3,-1.545164590688222,25,True,True,True,False,14.085756640839652,0.004786743450757704,10,5000,48,full
0.01,4,-1.7397083433159088,300,True,True,True,False,14.150047535445859,0.004730454248856157,10,5000,48,full
0.01,5,-1.7397083113189167,300,True,True,True,False,14.15004856841051,0.004730453285825107,10,5000,48,full
0.01,6,-1.5451645907323899,41,True,True,True,False,14.085761918126726,0.004786737174547985,10,5000,48,full
0.01,7,-1.7405554322354653,300,True,True,True,False,14.150037514600053,0.00473042293829015,10,5000,48,full
0.01,8,-1.7403392424158697,300,True,True,True,False,14.150058603340984,0.004730399563573943,10,5000,48,full
0.01,9,-1.7395214476807799,300,True,True,True,False,14.150198761148092,0.004730431266034784,10,5000,48,full
0.001,0,-1.7394792544334283,300,True,True,True,False,14.150286615831359,0.004730435999962724,10,5000,48,full
0.001,1,-1.7396998473357854,300,True,True,True,False,14.149974519315228,0.00473047132206414,10,5000,48,full
0.001,2,-1.7396990684538864,300,True,True,True,False,14.149973072974761,0.004730472043540525,10,5000,48,full
0.001,3,-1.5451645906117137,26,True,True,True,True,14.085757239442493,0.004786742739696897,10,5000,48,full
0.001,4,-1.7397082389417604,300,True,True,True,False,14.150047168997139,0.004730454289386888,10,5000,48,full
0.001,5,-1.7397082129443489,300,True,True,True,False,14.150048138269202,0.004730453386257173,10,5000,48,full
0.001,6,-1.5451645907815017,43,True,True,True,False,14.085762206767432,0.004786736830929095,10,5000,48,full
0.001,7,-1.7405560295810396,300,True,True,True,False,14.150036952957896,0.004730423278594653,10,5000,48,full
0.001,8,-1.7403400167539536,300,True,True,True,False,14.150057782054303,0.004730399579291437,10,5000,48,full
0.001,9,-1.7406220993538692,300,True,True,True,False,14.15040893435133,0.004730738471516982,10,5000,48,full
0.0001,0,-1.7394792007049138,300,True,True,True,False,14.150286686242646,0.00473043602525693,10,5000,48,full
0.0001,1,-1.7396998248345643,300,True,True,True,False,14.149974398590706,0.004730471344657645,10,5000,48,full
0.0001,2,-1.7396990855395293,300,True,True,True,False,14.14997316193585,0.004730472028354275,10,5000,48,full
0.0001,3,-1.5451645906240918,26,True,True,True,False,14.08575712992956,0.004786742869875639,10,5000,48,full
0.0001,4,-1.739708228629973,300,True,True,True,False,14.150047131823818,0.004730454293591048,10,5000,48,full
0.0001,5,-1.7397082039666587,300,True,True,True,False,14.150048098589576,0.004730453395001616,10,5000,48,full
0.0001,6,-1.5451645908607876,43,True,True,True,False,14.08576262211879,0.0047867363362917815,10,5000,48,full
0.0001,7,-1.7405560911604434,300,True,True,True,False,14.15003689602291,0.004730423313560223,10,5000,48,full
0.0001,8,-1.740340100653332,300,True,True,True,False,14.150057693108339,0.0047303995813182875,10,5000,48,full
0.0001,9,-1.740621705402775,300,True,True,True,False,14.150411612672741,0.004730738634450929,10,5000,48,full
0.01,0,-1.728459708368758,300,True,True,True,False,14.162321272078936,0.004718974741682227,10,5000,49,full
0.01,1,-1.7283022433698765,300,True,True,True,False,14.162395252233027,0.004718959001081772,10,5000,49,full
0.01,2,-1.7282719752734625,300,True,True,True,False,14.162465572366337,0.004718952736007457,10,5000,49,full
0.01,3,-1.7284562044930278,300,True,True,True,False,14.162356272842883,0.004718970904718447,10,5000,49,full
0.01,4,-1.728482307682565,300,True,True,True,False,14.16219103675721,0.004718990859505606,10,5000,49,full
0.01,5,-1.5354764391139213,33,True,True,True,False,14.085134074010886,0.004780312902676959,10,5000,49,full
0.01,6,-1.5354764389377937,38,True,True,True,True,14.085124848380463,0.004780319218948179,10,5000,49,full
0.01,7,-1.7291821224392283,300,True,True,True,False,14.162328809957351,0.004718926170031122,10,5000,49,full
0.01,8,-1.7282713027066061,300,True,True,True,False,14.162500420178354,0.004718940720413649,10,5000,49,full
0.01,9,-1.7283106828991635,300,True,True,True,False,14.16244611697463,0.004718967990776123,10,5000,49,full
0.001,0,-1.7284598158668332,300,True,True,True,False,14.162322600741042,0.004718974498767108,10,5000,49,full
0.001,1,-1.7283035078888556,300,True,True,True,False,14.162392126035769,0.004718959498390714,10,5000,49,full
0.001,2,-1.728271872659407,300,True,True,True,False,14.162465819182009,0.0047189526410282385,10,5000,49,full
0.001,3,-1.7282705056109204,300,True,True,True,False,14.162470009599954,0.004718951152677605,10,5000,49,full
0.001,4,-1.7284823786819696,300,True,True,True,False,14.162193737886286,0.004718990330716251,10,5000,49,full
0.001,5,-1.5354764390880091,33,True,True,True,False,14.085133705772236,0.004780313154866231,10,5000,49,full
0.001,6,-1.5354764389849322,37,True,True,True,False,14.085123702998127,0.004780320002861885,10,5000,49,full
0.001,7,-1.7291825842110085,300,True,True,True,False,14.162329047495545,0.004718925849508693,10,5000,49,full
0.001,8,-1.728271105901874,300,True,True,True,False,14.162499550555284,0.00471894095200402,10,5000,49,full
0.001,9,-1.72829894695897,300,True,True,True,False,14.162447181441403,0.0047189632692190035,10,5000,49,full
0.0001,0,-1.7284598283639883,300,True,True,True,False,14.162322728625014,0.004718974474782025,10,5000,49,full
0.0001,1,-1.7283036296448364,300,True,True,True,False,14.162391827700517,0.004718959546271206,10,5000,49,full
0.0001,2,-1.7282718625587037,300,True,True,True,False,14.162465842075699,0.004718952632328483,10,5000,49,full
0.0001,3,-1.7284563460546216,300,True,True,True,False,14.162354022499944,0.0047189711250837495,10,5000,49,full
0.0001,4,-1.7284823867400427,300,True,True,True,False,14.162194013988028,0.0047189902766391805,10,5000,49,full
0.0001,5,-1.5354764390857898,33,True,True,True,False,14.08513367322211,0.004780313177158275,10,5000,49,full
0.0001,6,-1.5354764389757602,37,True,True,True,False,14.085123899674974,0.004780319868255262,10,5000,49,full
0.0001,7,-1.7291826349724564,300,True,True,True,False,14.162329073390417,0.004718925814400124,10,5000,49,full
0.0001,8,-1.728271085675733,300,True,True,True,False,14.162499462147524,0.004718940975828927,10,5000,49,full
0.0001,9,-1.7282980696177253,300,True,True,True,False,14.162447377143389,0.004718962909683844,10,5000,49,full
0.01,0,-1.7378707146992813,300,True,True,True,False,14.082606353384893,0.004791260805142818,10,5000,50,full
0.01,1,-1.542351296534036,26,True,True,True,False,14.04232373253343,0.004841805992366807,10,5000,50,full
0.01,2,-1.737872573093276,300,True,True,True,False,14.082622300590225,0.004791261004466823,10,5000,50,full
0.01,3,-1.7378690599929956,300,True,True,True,False,14.082604729689876,0.004791258127389167,10,5000,50,full
0.01,4,-1.542351296567219,35,True,True,True,False,14.042332765053942,0.004841798962506753,10,5000,50,full
0.01,5,-1.738872626535458,300,True,True,True,False,14.081851494987756,0.004791450030174438,10,5000,50,full
0.01,6,-1.5423512967194104,35,True,True,True,False,14.042334449462567,0.004841797650922311,10,5000,50,full
0.01,7,-1.7378567009950028,300,True,True,True,False,14.082619626190501,0.004791226984706529,10,5000,50,full
0.01,8,-1.7387645790878121,300,True,True,True,False,14.082285178839628,0.004791309323675489,10,5000,50,full
0.01,9,-1.737866543513669,300,True,True,True,False,14.08262079359556,0.004791255752419681,10,5000,50,full
0.001,0,-1.7378714294048714,300,True,True,True,False,14.082605620499706,0.004791261648336368,10,5000,50,full
0.001,1,-1.5423512964959356,27,True,True,True,True,14.04232432292854,0.004841805533065737,10,5000,50,full
0.001,2,-1.7378729364007746,300,True,True,True,False,14.082621602016753,0.004791261407058359,10,5000,50,full
0.001,3,-1.737869442034735,300,True,True,True,False,14.082604413993758,0.004791258681165876,10,5000,50,full
0.001,4,-1.5423512967215658,35,True,True,True,False,14.042334470232404,0.0048417976347828046,10,5000,50,full
0.001,5,-1.738876011636126,300,True,True,True,False,14.081856168191337,0.0047914500817333215,10,5000,50,full
0.001,6,-1.5423512967148034,35,True,True,True,False,14.042334405462746,0.004841797685183494,10,5000,50,full
0.001,7,-1.7378570147299717,300,True,True,True,False,14.08261878676743,0.00479122672821457,10,5000,50,full
0.001,8,-1.7383961642105406,300,True,True,True,False,14.08237143783298,0.004791310278621385,10,5000,50,full
0.001,9,-1.737867086502188,300,True,True,True,False,14.082620076825688,0.004791256409833151,10,5000,50,full
0.0001,0,-1.7378715020481754,300,True,True,True,False,14.0826055462504,0.004791261732623044,10,5000,50,full
0.0001,1,-1.5423512965126742,27,True,True,True,False,14.042324052615383,0.004841805743385304,10,5000,50,full
0.0001,2,-1.7378729732969682,300,True,True,True,False,14.082621531090938,0.004791261447776828,10,5000,50,full
0.0001,3,-1.737869481277255,300,True,True,True,False,14.08260438116292,0.004791258737192348,10,5000,50,full
0.0001,4,-1.5423512967464819,35,True,True,True,False,14.042334705455191,0.004841797451612782,10,5000,50,full
0.0001,5,-1.7388763828129734,300,True,True,True,False,14.081856688066875,0.004791450086291056,10,5000,50,full
0.0001,6,-1.5423512967142468,35,True,True,True,False,14.042334400153557,0.004841797689317239,10,5000,50,full
0.0001,7,-1.7378570433083125,300,True,True,True,False,14.082618706384253,0.0047912266978411095,10,5000,50,full
0.0001,8,-1.7383458105113814,300,True,True,True,False,14.0823882131526,0.004791310839824829,10,5000,50,full
0.0001,9,-1.737867142180811,300,True,True,True,False,14.082620003346056,0.004791256476682822,10,5000,50,full
0.01,0,-1.5507666428045028,35,True,True,True,True,13.971679844037563,0.004799335397637972,10,5000,51,full
0.01,1,-1.7447841731709466,300,True,True,True,False,14.016726375591851,0.004751122312383404,10,5000,51,full
0.01,2,-1.7450830926126064,300,True,True,True,False,14.016229553104816,0.004751227218119005,10,5000,51,full
0.01,3,-1.5507666430020344,35,True,True,True,False,13.971691057656631,0.004799328805315091,10,5000,51,full
0.01,4,-1.745810213494188,300,True,True,True,False,14.016351587843976,0.0047511667891993485,10,5000,51,full
0.01,5,-1.5507666428126252,37,True,True,True,False,13.971679544034078,0.004799335573984591,10,5000,51,full
0.01,6,-1.7458666199576856,300,True,True,True,False,14.016032344030373,0.004751246931053713,10,5000,51,full
0.01,7,-1.7446957431434775,282,True,True,True,False,14.016667571018615,0.00475113975516789,10,5000,51,full
0.01,8,-1.5507666429165128,37,True,True,True,False,13.97168949869158,0.0047993297219707754,10,5000,51,full
0.01,9,-1.5507666429271418,38,True,True,True,False,13.97168971294142,0.0047993295959978585,10,5000,51,full
0.001,0,-1.5507666428573883,35,True,True,True,False,13.971678196683355,0.004799336365886474,10,5000,51,full
0.001,1,-1.744792090698546,300,True,True,True,False,14.016730038887474,0.0047511224105554846,10,5000,51,full
0.001,2,-1.7450816377253988,300,True,True,True,False,14.016229880614688,0.00475122771991247,10,5000,51,full
0.001,3,-1.5507666429538716,36,True,True,True,False,13.971690222929467,0.004799329296133492,10,5000,51,full
0.001,4,-1.745810786052692,300,True,True,True,False,14.016349652027738,0.004751167128978722,10,5000,51,full
0.001,5,-1.550766642925516,36,True,True,True,False,13.97167666099592,0.004799337268494712,10,5000,51,full
0.001,6,-1.7458627148567767,300,True,True,True,False,14.016047969161649,0.004751238843779508,10,5000,51,full
0.001,7,-1.7446957743988545,291,True,True,True,False,14.016668556004328,0.004751139695845346,10,5000,51,full
0.001,8,-1.550766643051338,37,True,True,True,False,13.971691829635642,0.004799328351376997,10,5000,51,full
0.001,9,-1.5507666429273548,38,True,True,True,False,13.97168971704997,0.004799329593582098,10,5000,51,full
0.0001,0,-1.5507666428673317,35,True,True,True,False,13.971677944874678,0.004799336513885597,10,5000,51,full
0.0001,1,-1.744792935572208,300,True,True,True,False,14.016730356689337,0.004751122416431272,10,5000,51,full
0.0001,2,-1.745081539178647,300,True,True,True,False,14.016229911818824,0.004751227755138309,10,5000,51,full
0.0001,3,-1.5507666429689784,36,True,True,True,False,13.971690495257318,0.004799329136006546,10,5000,51,full
0.0001,4,-1.745810845616637,300,True,True,True,False,14.016349452911568,0.004751167164498628,10,5000,51,full
0.0001,5,-1.550766642918946,36,True,True,True,False,13.971676792075261,0.004799337191455697,10,5000,51,full
0.0001,6,-1.7458622639461734,300,True,True,True,False,14.016049835006818,0.004751237986964804,10,5000,51,full
0.0001,7,-1.7446957767040474,293,True,True,True,False,14.016668635516474,0.004751139707736045,10,5000,51,full
0.0001,8,-1.5507666430735794,37,True,True,True,False,13.971692157736443,0.004799328158444047,10,5000,51,full
0.0001,9,-1.5507666429273093,38,True,True,True,False,13.971689716923105,0.004799329593656541,10,5000,51,full
0.01,0,-1.661543702933711,300,True,True,True,False,14.47472153593824,0.00480880472624167,10,500,42,full
0.01,1,-1.6615042874162798,145,True,True,True,False,14.476417061149439,0.004808289184816031,10,500,42,full
0.01,2,-1.6586651186631094,300,True,True,True,False,22.066518465650272,0.0048102590764159455,10,500,42,full
0.01,3,-1.6586604482442264,241,True,True,True,False,23.78398437188254,0.004810225657876438,10,500,42,full
0.01,4,-1.6610073023870067,223,True,True,True,False,18.335548544231308,0.004810060357966234,10,500,42,full
0.01,5,-1.6633796176954312,300,True,True,True,False,14.470670506167934,0.00481051403085375,10,500,42,full
0.01,6,-1.6586604564235985,152,True,True,True,False,23.764295316831543,0.004810226025121336,10,500,42,full
0.01,7,-1.660973967360244,300,True,True,True,False,14.471111038775815,0.004809998038431746,10,500,42,full
0.01,8,-1.6586604672444003,242,True,True,True,False,23.773058543805586,0.004810225879285038,10,500,42,full
0.01,9,-1.4637054601230752,23,True,True,True,False,14.273435613113534,0.004895589368097216,10,500,42,full
0.001,0,-1.6615436461040007,300,True,True,True,False,14.474724773266912,0.004808803356670504,10,500,42,full
0.001,1,-1.6615042890967302,145,True,True,True,False,14.476416267651896,0.004808289346800568,10,500,42,full
0.001,2,-1.658662836601384,300,True,True,True,False,22.655282316051466,0.004810246967207013,10,500,42,full
0.001,3,-1.658660459620262,239,True,True,True,False,23.768351490529298,0.004810225955481932,10,500,42,full
0.001,4,-1.6610072930847581,225,True,True,True,False,18.338219306173755,0.004810060349504036,10,500,42,full
0.001,5,-1.6633792094307824,300,True,True,True,False,14.470682524913476,0.004810512097872127,10,500,42,full
0.001,6,-1.6586604442440978,154,True,True,True,False,23.781630129777852,0.00481022569588209,10,500,42,full
0.001,7,-1.6609740384133083,300,True,True,True,False,14.471109716842301,0.004809998159047294,10,500,42,full
0.001,8,-1.6586604640940517,244,True,True,True,False,23.779019297181282,0.004810225767257934,10,500,42,full
0.001,9,-1.4637054596730765,24,True,True,True,True,14.27343667899488,0.004895588716875373,10,500,42,full
0.0001,0,-1.6615436418457898,300,True,True,True,False,14.474725016426518,0.004808803254021018,10,500,42,full
0.0001,1,-1.6615042895247374,145,True,True,True,False,14.476416255099037,0.004808289349641033,10,500,42,full
0.0001,2,-1.6586626602218109,300,True,True,True,False,22.708254924258227,0.0048102459368805466,10,500,42,full
0.0001,3,-1.6586604580056359,239,True,True,True,False,23.77052419321045,0.004810225914150004,10,500,42,full
0.0001,4,-1.6610072984984636,225,True,True,True,False,18.336998239021536,0.004810060326757953,10,500,42,full
0.0001,5,-1.6633791658060861,300,True,True,True,False,14.470683780396875,0.0048105118965283255,10,500,42,full
0.0001,6,-1.658660445878129,154,True,True,True,False,23.779360401126084,0.004810225739120554,10,500,42,full
0.0001,7,-1.6609740450558743,300,True,True,True,False,14.471109593051802,0.004809998170335494,10,500,42,full
0.0001,8,-1.658660467112698,244,True,True,True,False,23.775140815544635,0.004810225841334414,10,500,42,full
0.0001,9,-1.463705459744799,24,True,True,True,False,14.273436488080879,0.004895588833512951,10,500,42,full
0.01,0,-1.463331788606178,43,True,True,True,False,15.424399668568777,0.00471114223598623,10,500,43,full
0.01,1,-1.46333178263433,27,True,True,True,True,15.424386258369395,0.004711151266680971,10,500,43,full
0.01,2,-1.655260828785783,300,True,True,True,False,15.685135387841857,0.004624699654958715,10,500,43,full
0.01,3,-1.651195443939941,177,True,True,True,False,22.810510853855725,0.004624817508340677,10,500,43,full
0.01,4,-1.4633317827737693,38,True,True,True,False,15.424385568679599,0.004711151731392505,10,500,43,full
0.01,5,-1.6551920445915282,270,True,True,True,False,16.099049344453732,0.004624578161205476,10,500,43,full
0.01,6,-1.6556838934991422,300,True,True,True,False,15.67635167609667,0.004624774215407569,10,500,43,full
0.01,7,-1.6530001939020182,231,True,True,True,False,15.67564065550801,0.004625011449370085,10,500,43,full
0.01,8,-1.463331788653086,24,True,True,True,False,15.42439969288113,0.0047111422096845715,10,500,43,full
0.01,9,-1.6551920416101027,270,True,True,True,False,16.10089341033275,0.004624578156594578,10,500,43,full
0.001,0,-1.463331791697775,43,True,True,True,False,15.424402259328634,0.004711140474447263,10,500,43,full
0.001,1,-1.4633317827082237,27,True,True,True,False,15.424385868673019,0.004711151528180931,10,500,43,full
0.001,2,-1.6552485648885527,300,True,True,True,False,15.684893471278171,0.004624748397702813,10,500,43,full
0.001,3,-1.6511954399898692,184,True,True,True,False,22.811572976377818,0.0046248175088662675,10,500,43,full
0.001,4,-1.4633317827712253,38,True,True,True,False,15.424385579463818,0.004711151724185044,10,500,43,full
0.001,5,-1.6551920471953838,272,True,True,True,False,16.097450636805675,0.004624578165117841,10,500,43,full
0.001,6,-1.6556832833216852,300,True,True,True,False,15.676419971504265,0.004624785349533393,10,500,43,full
0.001,7,-1.6530001881494023,238,True,True,True,False,15.675641944778643,0.004625011167997844,10,500,43,full
0.001,8,-1.4633317888983253,22,True,True,True,False,15.424399707829426,0.00471114208910005,10,500,43,full
0.001,9,-1.6551925023686278,300,True,True,True,False,15.89525273926851,0.00462457811494562,10,500,43,full
0.0001,0,-1.4633317885009873,44,True,True,True,False,15.424399569919878,0.00471114230296195,10,500,43,full
0.0001,1,-1.4633317827164674,27,True,True,True,False,15.424385829318405,0.004711151554569271,10,500,43,full
0.0001,2,-1.6552476084784011,300,True,True,True,False,15.68487358531522,0.004624752215523322,10,500,43,full
0.0001,3,-1.6511954492157042,184,True,True,True,False,22.80910019646995,0.004624817507611202,10,500,43,full
0.0001,4,-1.463331782771099,38,True,True,True,False,15.424385580016311,0.0047111517238159935,10,500,43,full
0.0001,5,-1.655192050161198,272,True,True,True,False,16.09564273699751,0.0046245781694471775,10,500,43,full
0.0001,6,-1.6556745066541985,300,True,True,True,False,15.676399245263484,0.004624747731288531,10,500,43,full
0.0001,7,-1.6530001833775652,239,True,True,True,False,15.675643034752886,0.004625010927767818,10,500,43,full
0.0001,8,-1.4633317906705505,21,True,True,True,False,15.424400742057411,0.004711141114553168,10,500,43,full
0.0001,9,-1.6551920457555396,271,True,True,True,False,16.098333336697902,0.004624578162968101,10,500,43,full
0.01,0,-1.4439131087508348,33,True,True,True,False,15.35951831786084,0.0046562767098412014,10,500,44,full
0.01,1,-1.6382575534803705,229,True,True,True,False,28.13385134736754,0.004565854876344799,10,500,44,full
0.01,2,-1.6395270669001876,270,True,True,True,False,15.614368262127996,0.004565764402839092,10,500,44,full
0.01,3,-1.4439130999251755,25,True,True,True,False,15.359513974593687,0.004656285002392287,10,500,44,full
0.01,4,-1.6395270629277268,129,True,True,True,False,15.61436828492286,0.004565764406138617,10,500,44,full
0.01,5,-1.6407808544350542,216,True,True,True,False,15.611888285824492,0.004565912537256141,10,500,44,full
0.01,6,-1.6426014697485243,94,True,True,True,False,15.613162925635518,0.004565905223789946,10,500,44,full
0.01,7,-1.4439131093633804,26,True,True,True,False,15.359518453703906,0.004656276443518174,10,500,44,full
0.01,8,-1.6407808552864809,150,True,True,True,False,15.611889095794696,0.004565912512909597,10,500,44,full
0.01,9,-1.642604766160628,300,True,True,True,False,15.613241014228874,0.004565909105846978,10,500,44,full
0.001,0,-1.4439131098330928,33,True,True,True,False,15.359518552710172,0.0046562762453133955,10,500,44,full
0.001,1,-1.6380238341069113,111,True,True,True,False,32.951065676491226,0.004565877298945258,10,500,44,full
0.001,2,-1.639527071725719,281,True,True,True,False,15.614368342056055,0.004565764407862762,10,500,44,full
0.001,3,-1.4439130998953502,25,True,True,True,False,15.359514146060766,0.004656284683070218,10,500,44,full
0.001,4,-1.6395270713647274,128,True,True,True,False,15.614368434775232,0.004565764415769666,10,500,44,full
0.001,5,-1.6407808528791288,230,True,True,True,False,15.611887548938675,0.004565912556815294,10,500,44,full
0.001,6,-1.64260159946854,97,True,True,True,False,15.613163378931986,0.004565905655648368,10,500,44,full
0.001,7,-1.4439131090949933,26,True,True,True,False,15.359518394928422,0.0046562765591000406,10,500,44,full
0.001,8,-1.6407808445041425,157,True,True,True,False,15.611888566809661,0.004565912498984635,10,500,44,full
0.001,9,-1.6426039131847858,300,True,True,True,False,15.61324446305999,0.004565907887925309,10,500,44,full
0.0001,0,-1.4439131099213345,33,True,True,True,False,15.35951857130351,0.004656276208567384,10,500,44,full
0.0001,1,-1.638023825782223,113,True,True,True,False,32.952961185083865,0.004565877296965345,10,500,44,full
0.0001,2,-1.6395270666905206,283,True,True,True,False,15.614368258560187,0.004565764402613627,10,500,44,full
0.0001,3,-1.4439130998939418,25,True,True,True,True,15.359514164060563,0.004656284649509173,10,500,44,full
0.0001,4,-1.6395270706444804,128,True,True,True,False,15.614368422544446,0.004565764414992116,10,500,44,full
0.0001,5,-1.640780846566775,232,True,True,True,False,15.611887069720575,0.00456591255425529,10,500,44,full
0.0001,6,-1.642601620189565,97,True,True,True,False,15.613163057624396,0.004565905727216634,10,500,44,full
0.0001,7,-1.4439131090369153,26,True,True,True,False,15.35951838210516,0.0046562765843283565,10,500,44,full
0.0001,8,-1.640780857169462,157,True,True,True,False,15.61188943344868,0.004565912507339998,10,500,44,full
0.0001,9,-1.6426038576558215,300,True,True,True,False,15.613244664994312,0.004565907804215273,10,500,44,full
0.01,0,-1.655608979284883,111,True,True,True,False,18.01200922980804,0.004396013866734961,10,500,45,full
0.01,1,-1.6593021327893744,198,True,True,True,False,15.401494729137635,0.004396406649992361,10,500,45,full
0.01,2,-1.660717425316783,300,True,True,True,False,15.394703558059998,0.004396317906689982,10,500,45,full
0.01,3,-1.6586458672844393,178,True,True,True,False,15.403805086094541,0.0043960745793930394,10,500,45,full
0.01,4,-1.6593021424687315,94,True,True,True,False,15.401493650131423,0.004396406351088077,10,500,45,full
0.01,5,-1.656733297040335,136,True,True,True,False,15.401554402054776,0.00439614287947205,10,500,45,full
0.01,6,-1.656363910760103,79,True,True,True,False,15.404719938459188,0.004395948638525895,10,500,45,full
0.01,7,-1.6567332916516786,216,True,True,True,False,15.401555907027351,0.004396142785056835,10,500,45,full
0.01,8,-1.6567332958679988,156,True,True,True,False,15.40155473146103,0.004396142858972033,10,500,45,full
0.01,9,-1.4672816686308505,32,True,True,True,False,15.15308983000658,0.004494508417949139,10,500,45,full
0.001,0,-1.6555109478745085,69,True,True,True,False,15.404684090565649,0.004395958804508268,10,500,45,full
0.001,1,-1.659302133459926,192,True,True,True,False,15.40149471122326,0.004396406643490482,10,500,45,full
0.001,2,-1.6607127744533798,300,True,True,True,False,15.394682697069555,0.004396324611986964,10,500,45,full
0.001,3,-1.6586458588005022,181,True,True,True,False,15.40380439332987,0.004396074563220465,10,500,45,full
0.001,4,-1.6593021389699367,91,True,True,True,False,15.401493468735937,0.00439640630857049,10,500,45,full
0.001,5,-1.6567332870946596,137,True,True,True,False,15.401557178818482,0.0043961427050667815,10,500,45,full
0.001,6,-1.6565527394396042,85,True,True,True,False,15.40439034813268,0.004395946081123148,10,500,45,full
0.001,7,-1.6567333028477256,217,True,True,True,False,15.401552785572324,0.004396142981163608,10,500,45,full
0.001,8,-1.6567332866351334,158,True,True,True,False,15.401557309837106,0.004396142697004355,10,500,45,full
0.001,9,-1.4672816659268089,33,True,True,True,True,15.153091127841625,0.00449450951013397,10,500,45,full
0.0001,0,-1.6555109390946334,70,True,True,True,False,15.404682860661744,0.004395959043701917,10,500,45,full
0.0001,1,-1.659302140116369,191,True,True,True,False,15.40149471388912,0.004396406634891656,10,500,45,full
0.0001,2,-1.6607122924076274,300,True,True,True,False,15.394682029825482,0.004396325201064791,10,500,45,full
0.0001,3,-1.6586458624126277,181,True,True,True,False,15.403804698275936,0.004396074570601074,10,500,45,full
0.0001,4,-1.6593021325768371,91,True,True,True,False,15.4014934677766,0.0043964063165168035,10,500,45,full
0.0001,5,-1.6567332880509944,137,True,True,True,False,15.40155691142378,0.004396142721861412,10,500,45,full
0.0001,6,-1.65655273986985,112,True,True,True,False,15.40439035887776,0.004395946172600294,10,500,45,full
0.0001,7,-1.6567332866670483,218,True,True,True,False,15.40155729997701,0.0043961426975673125,10,500,45,full
0.0001,8,-1.6567332896760592,158,True,True,True,False,15.401556459809933,0.004396142750391846,10,500,45,full
0.0001,9,-1.4672816659862205,33,True,True,True,False,15.153091096208247,0.004494509483440967,10,500,45,full
0.01,0,-1.6505488511538406,194,True,True,True,False,15.748100724093684,0.0043036787661576426,10,500,46,full
0.01,1,-1.6543880189573414,295,True,True,True,False,15.761420795040245,0.004302430252970828,10,500,46,full
0.01,2,-1.6501800373734907,158,True,True,True,False,15.748934656890748,0.004304184021093711,10,500,46,full
0.01,3,-1.6505952895360518,119,True,True,True,False,15.751431248729824,0.004303747062237796,10,500,46,full
0.01,4,-1.6524432687130837,165,True,True,True,False,15.768180446890511,0.004301801423385073,10,500,46,full
0.01,5,-1.6540537152690202,252,True,True,True,False,15.754452107958377,0.004302871035108446,10,500,46,full
0.01,6,-1.653090548696398,161,True,True,True,False,15.762904943800065,0.00430259549346022,10,500,46,full
0.01,7,-1.6505488548683334,204,True,True,True,False,15.748101002477346,0.0043036787901975515,10,500,46,full
0.01,8,-1.4682562316809915,38,True,True,True,False,15.530153345600358,0.004392416615745962,10,500,46,full
0.01,9,-1.4682562325366453,35,True,True,True,False,15.530152804427573,0.004392416214908662,10,500,46,full
0.001,0,-1.6505488464187965,190,True,True,True,False,15.74810035922646,0.004303678736078737,10,500,46,full
0.001,1,-1.6543882877269935,300,True,True,True,False,15.761383187010182,0.004302432381987806,10,500,46,full
0.001,2,-1.6506977464901091,60,True,True,True,False,15.752858914282715,0.004303371895965498,10,500,46,full
0.001,3,-1.6505952923086742,119,True,True,True,False,15.751430483250946,0.004303747214256637,10,500,46,full
0.001,4,-1.652443276308995,166,True,True,True,False,15.768181244798658,0.004301801417053077,10,500,46,full
0.001,5,-1.654053723396911,255,True,True,True,False,15.754451922817019,0.004302871049739802,10,500,46,full
0.001,6,-1.6530905540924103,175,True,True,True,False,15.762904690301713,0.004302595490292949,10,500,46,full
0.001,7,-1.6505488395380723,206,True,True,True,False,15.748099815496671,0.004303678693358728,10,500,46,full
0.001,8,-1.4682562320237245,43,True,True,True,False,15.530153123318248,0.00439241645035664,10,500,46,full
0.001,9,-1.468256230930663,36,True,True,True,True,15.530153867964028,0.004392417005313166,10,500,46,full
0.0001,0,-1.6505488546928835,189,True,True,True,False,15.748100995511619,0.004303678788081993,10,500,46,full
0.0001,1,-1.6543883584754393,300,True,True,True,False,15.761374711754197,0.00430243283934583,10,500,46,full
0.0001,2,-1.650697752453573,60,True,True,True,False,15.752850453623081,0.0043033745010438666,10,500,46,full
0.0001,3,-1.6523645280963593,251,True,True,True,False,15.767820362192793,0.004301887295821164,10,500,46,full
0.0001,4,-1.6524432610348463,167,True,True,True,False,15.76818093971615,0.004301801408875238,10,500,46,full
0.0001,5,-1.6540537113857727,256,True,True,True,False,15.75445190871984,0.004302871044417988,10,500,46,full
0.0001,6,-1.6530905512870002,179,True,True,True,False,15.762905414293765,0.004302595443345192,10,500,46,full
0.0001,7,-1.650548840323582,206,True,True,True,False,15.748099877469535,0.004303678698338052,10,500,46,full
0.0001,8,-1.468256233436146,43,True,True,True,False,15.530152286651868,0.004392415830514092,10,500,46,full
0.0001,9,-1.4682562309804412,36,True,True,True,False,15.530153831547358,0.004392416978120472,10,500,46,full
0.01,0,-1.7283453250114327,300,True,True,True,False,42.48320029083475,0.004320157260553498,10,500,47,full
0.01,1,-1.7271630984874886,55,True,True,True,False,16.070681334831107,0.004319921749319501,10,500,47,full
0.01,2,-1.730482263853046,300,True,True,True,False,16.074259900695097,0.004320396748519337,10,500,47,full
0.01,3,-1.541151656808171,26,True,True,True,False,15.850315634793382,0.004405745907009113,10,500,47,full
0.01,4,-1.5411516555108906,53,True,True,True,False,15.85031673699532,0.004405746461051624,10,500,47,full
0.01,5,-1.72879620422693,300,True,True,True,False,16.0607547968578,0.004320318270735217,10,500,47,full
0.01,6,-1.7290580976540413,240,True,True,True,False,16.08507679999608,0.004319096353846081,10,500,47,full
0.01,7,-1.5411516555641058,36,True,True,True,False,15.850316690796674,0.004405746436993557,10,500,47,full
0.01,8,-1.7273658807041954,300,True,True,True,False,16.06062189461331,0.004320877773167454,10,500,47,full
0.01,9,-1.7308444441259894,288,True,True,True,False,16.079559104952285,0.00431936785979675,10,500,47,full
0.001,0,-1.7283453027191444,297,True,True,True,False,42.47744863256575,0.004320157220945585,10,500,47,full
0.001,1,-1.7271625601805798,51,True,True,True,False,16.0707992299738,0.0043199139427941855,10,500,47,full
0.001,2,-1.7304821451603827,300,True,True,True,False,16.074262217410382,0.004320396680946696,10,500,47,full
0.001,3,-1.541151657966717,29,True,True,True,False,15.85031476792425,0.0044057454551811835,10,500,47,full
0.001,4,-1.7260502558771176,93,True,True,True,False,316.1141886063071,0.004317926235002285,10,500,47,full
0.001,5,-1.7290573276883872,240,True,True,True,False,16.08556979640845,0.00431915510523752,10,500,47,full
0.001,6,-1.7290581029718324,243,True,True,True,False,16.08507651235482,0.004319096294718347,10,500,47,full
0.001,7,-1.5411516558546192,36,True,True,True,False,15.850316438450802,0.004405746308033295,10,500,47,full
0.001,8,-1.7273495574474316,300,True,True,True,False,16.060980456748275,0.004320810796534053,10,500,47,full
0.001,9,-1.7308445545673647,244,True,True,True,False,16.07952482842371,0.004319369928462458,10,500,47,full
0.0001,0,-1.7283452953218421,297,True,True,True,False,42.47551898298661,0.0043201572073935076,10,500,47,full
0.0001,1,-1.727162517725145,51,True,True,True,False,16.07081147958395,0.004319913231828127,10,500,47,full
0.0001,2,-1.7304821340147802,300,True,True,True,False,16.074262435555816,0.004320396674825668,10,500,47,full
0.0001,3,-1.5411516553150295,30,True,True,True,True,15.850316912550173,0.004405746550349933,10,500,47,full
0.0001,4,-1.7266901502214582,89,True,True,True,False,308.82169307638816,0.004318507756926424,10,500,47,full
0.0001,5,-1.7290573332956338,224,True,True,True,False,16.085570217980795,0.004319155171201868,10,500,47,full
0.0001,6,-1.729058090115292,244,True,True,True,False,16.08507722016362,0.004319096436322807,10,500,47,full
0.0001,7,-1.5411516559003342,36,True,True,True,False,15.850316399324743,0.004405746288041222,10,500,47,full
0.0001,8,-1.7273478918350254,300,True,True,True,False,16.06101541296419,0.00432080360822097,10,500,47,full
0.0001,9,-1.7308445569315059,242,True,True,True,False,16.07952228732009,0.0043193700922685915,10,500,47,full
0.01,0,-1.73023873763072,134,True,True,True,False,15.711796464034121,0.004355579097327855,10,500,48,full
0.01,1,-1.727465229819816,195,True,True,True,False,15.701758301697952,0.0043579516394813625,10,500,48,full
0.01,2,-1.5414967868244265,28,True,True,True,False,15.497509114849064,0.0044393542115871674,10,500,48,full
0.01,3,-1.5414967953944407,23,True,True,True,False,15.497509952149993,0.004439347574168184,10,500,48,full
0.01,4,-1.730239470738217,190,True,True,True,False,15.711733468946392,0.004355599980635666,10,500,48,full
0.01,5,-1.7262490329513036,279,True,True,True,False,31.38716250803998,0.004357169316396848,10,500,48,full
0.01,6,-1.5414967961879866,32,True,True,True,False,15.497510061921492,0.0044393472759976715,10,500,48,full
0.01,7,-1.7305841830096615,300,True,True,True,False,15.706082004218176,0.004356554876766054,10,500,48,full
0.01,8,-1.5414967981485705,38,True,True,True,False,15.49751014851809,0.004439346610114729,10,500,48,full
0.01,9,-1.7254100309372646,54,True,True,True,False,2266.110873067326,0.0018043470492713778,10,500,48,full
0.001,0,-1.7302387495982547,133,True,True,True,False,15.711791419912338,0.004355580740749876,10,500,48,full
0.001,1,-1.7274652261406955,199,True,True,True,False,15.701761444459455,0.004357950928597533,10,500,48,full
0.001,2,-1.5414967868995657,31,True,True,True,False,15.49750906221024,0.004439354598751956,10,500,48,full
0.001,3,-1.5414967952066594,22,True,True,True,False,15.497509773425833,0.004439347666706266,10,500,48,full
0.001,4,-1.730239471897687,193,True,True,True,False,15.711733254712165,0.0043556000579888145,10,500,48,full
0.001,5,-1.726249037621278,278,True,True,True,False,31.38400218933565,0.004357169305830192,10,500,48,full
0.001,6,-1.541496794545582,33,True,True,True,False,15.497509981455464,0.004439347889253588,10,500,48,full
0.001,7,-1.7305828827780807,300,True,True,True,False,15.706069048211234,0.004356555758550539,10,500,48,full
0.001,8,-1.5414967957020314,38,True,True,True,False,15.49751003876577,0.004439347451498259,10,500,48,full
0.001,9,-1.7278999273825422,37,True,True,True,False,370.99176152476053,0.004356675847130611,10,500,48,full
0.0001,0,-1.7302387497190557,133,True,True,True,False,15.711790906248405,0.004355580911160314,10,500,48,full
0.0001,1,-1.7274652299532747,199,True,True,True,False,15.701758073138228,0.004357951716013867,10,500,48,full
0.0001,2,-1.5414967868059715,30,True,True,True,True,15.49750915952705,0.004439353912352616,10,500,48,full
0.0001,3,-1.5414967945951759,22,True,True,True,False,15.497509739584212,0.004439347905035927,10,500,48,full
0.0001,4,-1.7302394781593131,193,True,True,True,False,15.711733085614949,0.004355600111343797,10,500,48,full
0.0001,5,-1.7262490367179395,278,True,True,True,False,31.384612064536316,0.004357169307869254,10,500,48,full
0.0001,6,-1.5414967946977554,33,True,True,True,False,15.497509989265065,0.0044393478298789075,10,500,48,full
0.0001,7,-1.7305827595425083,300,True,True,True,False,15.706067827936485,0.004356555834631951,10,500,48,full
0.0001,8,-1.5414967954787928,38,True,True,True,False,15.49751002801904,0.004439347533696982,10,500,48,full
0.0001,9,-1.7278999292071173,37,True,True,True,False,370.947907403421,0.004356676206096336,10,500,48,full
0.01,0,-1.761014845936754,300,True,True,True,False,15.283876161827605,0.004456796507770834,10,500,49,full
0.01,1,-1.7620298020247727,147,True,True,True,False,15.288634512652278,0.0044536769685030635,10,500,49,full
0.01,2,-1.7068324524094922,299,True,True,True,False,21.476567182144738,0.0031079557967508475,10,500,49,full
0.01,3,-1.7610280084919285,300,True,True,True,False,15.284344709085277,0.004456476824716289,10,500,49,full
0.01,4,-1.7610145238098707,247,True,True,True,False,15.283849625731316,0.004456815367773072,10,500,49,full
0.01,5,-1.5766214765185278,33,True,True,True,False,15.072552223606449,0.004555725881118464,10,500,49,full
0.01,6,-1.763940028132309,300,True,True,True,False,15.290879400702169,0.004451367995332775,10,500,49,full
0.01,7,-1.7122981813942129,221,True,True,True,False,21.999549615731635,0.0026705211628270816,10,500,49,full
0.01,8,-1.7595205779346226,300,True,True,True,False,15.283342706271142,0.004451695773998287,10,500,49,full
0.01,9,-1.7576962146159032,160,True,True,True,False,54.512948546550234,0.004450800668677468,10,500,49,full
0.001,0,-1.7610148010710713,300,True,True,True,False,15.283872691335509,0.004456798968691051,10,500,49,full
0.001,1,-1.761996303312584,300,True,True,True,False,15.288160755243567,0.004454011502844827,10,500,49,full
0.001,2,-1.7068672324954455,300,True,True,True,False,21.561216449689326,0.003040034399067197,10,500,49,full
0.001,3,-1.761025560834194,300,True,True,True,False,15.284284564001307,0.004456516701798023,10,500,49,full
0.001,4,-1.761014521945781,249,True,True,True,False,15.28384945963207,0.004456815486141933,10,500,49,full
0.001,5,-1.5766214746569815,34,True,True,True,True,15.072552124091688,0.004555726816300357,10,500,49,full
0.001,6,-1.7639102239503732,300,True,True,True,False,15.290824304750375,0.004451411198306943,10,500,49,full
0.001,7,-1.7122981798315766,197,True,True,True,False,21.998539268883494,0.0026705973120763906,10,500,49,full
0.001,8,-1.7595313874375231,300,True,True,True,False,15.28331606561503,0.004451720644368833,10,500,49,full
0.001,9,-1.7576962123612903,160,True,True,True,False,54.5138101448055,0.004450800685869602,10,500,49,full
0.0001,0,-1.7610147968750476,300,True,True,True,False,15.283872363479736,0.004456799201260163,10,500,49,full
0.0001,1,-1.7619640275713933,300,True,True,True,False,15.288044527595183,0.004454097062145245,10,500,49,full
0.0001,2,-1.7069075609221946,300,True,True,True,False,21.606792770083917,0.003019627210730394,10,500,49,full
0.0001,3,-1.76102534640464,300,True,True,True,False,15.284279027110014,0.004456520387100157,10,500,49,full
0.0001,4,-1.7610145254823655,249,True,True,True,False,15.283849774613223,0.004456815261677122,10,500,49,full
0.0001,5,-1.576621474786385,34,True,True,True,False,15.072552131382336,0.004555726747911758,10,500,49,full
0.0001,6,-1.7639073477597496,300,True,True,True,False,15.290819046133016,0.004451415402958516,10,500,49,full
0.0001,7,-1.7122981822514816,194,True,True,True,False,22.001569000006562,0.002670377668165066,10,500,49,full
0.0001,8,-1.7595325570381366,300,True,True,True,False,15.283313688933605,0.004451723207909423,10,500,49,full
0.0001,9,-1.7576962121985336,160,True,True,True,False,54.513881869273845,0.004450800687413243,10,500,49,full
0.01,0,-1.7443749331412808,219,True,True,True,False,15.021863450903211,0.00437701575524023,10,500,50,full
0.01,1,-1.695823209105571,261,True,True,True,False,17.57405839375186,0.0032853150811881907,10,500,50,full
0.01,2,-1.7418234602263798,300,True,True,True,False,15.023041572509038,0.004374944429181011,10,500,50,full
0.01,3,-1.7394186280413007,300,True,True,True,False,15.021876776798605,0.004377094608381001,10,500,50,full
0.01,4,-1.5602614254461924,31,True,True,True,True,14.809206956948724,0.004475984701761463,10,500,50,full
0.01,5,-1.7436701657232618,300,True,True,True,False,15.021519118036645,0.0043764178731894865,10,500,50,full
0.01,6,-1.744898292357751,291,True,True,True,False,15.012424382670737,0.004377397364993666,10,500,50,full
0.01,7,-1.7392129262574403,241,True,True,True,False,15.021851569072826,0.004377059341074447,10,500,50,full
0.01,8,-1.7386593442995388,218,True,True,True,False,17.075211431009215,0.004377478598610571,10,500,50,full
0.01,9,-1.5602614341863406,31,True,True,True,False,14.809209166457745,0.004475976450191721,10,500,50,full
0.001,0,-1.7443749294049593,213,True,True,True,False,15.021863482726664,0.0043770158801567155,10,500,50,full
0.001,1,-1.6958231964817627,252,True,True,True,False,17.572903322173325,0.0032856210167473087,10,500,50,full
0.001,2,-1.7418340851427712,300,True,True,True,False,15.023061979035239,0.004374973579649267,10,500,50,full
0.001,3,-1.7397296781459053,300,True,True,True,False,15.021882513849269,0.0043771006829702135,10,500,50,full
0.001,4,-1.5602614254619749,31,True,True,True,False,14.80920697681187,0.004475984627977023,10,500,50,full
0.001,5,-1.7436701469068139,300,True,True,True,False,15.02151939224875,0.004376418155618064,10,500,50,full
0.001,6,-1.7448983035294874,284,True,True,True,False,15.012427423767345,0.004377397190993919,10,500,50,full
0.001,7,-1.739212931785619,243,True,True,True,False,15.021851532460968,0.00437705922061339,10,500,50,full
0.001,8,-1.7386593359701998,219,True,True,True,False,17.078943141337163,0.0043774785433934775,10,500,50,full
0.001,9,-1.5602614361280913,31,True,True,True,False,14.809209421264383,0.004475975481137553,10,500,50,full
0.0001,0,-1.7443749374641695,212,True,True,True,False,15.021863413549593,0.004377015665791778,10,500,50,full
0.0001,1,-1.6958231954182084,251,True,True,True,False,17.572759034153012,0.003285659904778991,10,500,50,full
0.0001,2,-1.741834653580988,300,True,True,True,False,15.023062675776888,0.004374975154588732,10,500,50,full
0.0001,3,-1.7397629274234379,300,True,True,True,False,15.021888509269651,0.004377093777234688,10,500,50,full
0.0001,4,-1.560261425463806,31,True,True,True,False,14.809206979044484,0.004475984619682912,10,500,50,full
0.0001,5,-1.7436701450671048,300,True,True,True,False,15.021519418995883,0.004376418183311472,10,500,50,full
0.0001,6,-1.7448982918897173,284,True,True,True,False,15.012428191776134,0.004377397179898532,10,500,50,full
0.0001,7,-1.7392129181255702,244,True,True,True,False,15.021851625097941,0.0043770595224479755,10,500,50,full
0.0001,8,-1.738659336898786,219,True,True,True,False,17.078525378202578,0.0043774785495742504,10,500,50,full
0.0001,9,-1.5602614328316977,32,True,True,True,False,14.809208971440931,0.004475977190096354,10,500,50,full
0.01,0,-1.7193275719733538,300,True,True,True,False,22.45700754053942,0.0025738918342140564,10,500,51,full
0.01,1,-1.7685981822001275,266,True,True,True,False,14.757827625338532,0.004270316237392008,10,500,51,full
0.01,2,-1.76626144230887,267,True,True,True,False,14.758338212720574,0.004270116636566729,10,500,51,full
0.01,3,-1.5801826221999966,46,True,True,True,False,14.517459175382719,0.00439120517914075,10,500,51,full
0.01,4,-1.77222259326684,300,True,True,True,False,15.126571003511753,0.004186842151081716,10,500,51,full
0.01,5,-1.7684279405342087,101,True,True,True,False,14.75757540246043,0.004269965401072188,10,500,51,full
0.01,6,-1.7650891293983706,245,True,True,True,False,27.177688103063076,0.0042677933121865845,10,500,51,full
0.01,7,-1.765089174158566,300,True,True,True,False,27.125805784969575,0.00426779601780465,10,500,51,full
0.01,8,-1.5801826217460322,33,True,True,True,False,14.517456865189159,0.004391206405943458,10,500,51,full
0.01,9,-1.5801826224488185,39,True,True,True,False,14.517460503747223,0.004391204459013842,10,500,51,full
0.001,0,-1.7186740449108293,300,True,True,True,False,23.167751403321887,0.0025231717571070913,10,500,51,full
0.001,1,-1.768598188536331,239,True,True,True,False,14.757827339409646,0.004270316046566805,10,500,51,full
0.001,2,-1.7662614324036208,271,True,True,True,False,14.758337801750514,0.004270116769862469,10,500,51,full
0.001,3,-1.580182621455561,52,True,True,True,True,14.517455077846302,0.004391207401407157,10,500,51,full
0.001,4,-1.7722235747871045,300,True,True,True,False,15.135404369614278,0.004183910192585078,10,500,51,full
0.001,5,-1.7684279403437664,102,True,True,True,False,14.75757540819621,0.004269965400352279,10,500,51,full
0.001,6,-1.765089133683352,245,True,True,True,False,27.17265942606195,0.004267793576427357,10,500,51,full
0.001,7,-1.765089146125296,300,True,True,True,False,27.158132122237618,0.004267794337396326,10,500,51,full
0.001,8,-1.5801826218594242,32,True,True,True,False,14.517457956419426,0.0043912057625852844,10,500,51,full
0.001,9,-1.5801826226171638,39,True,True,True,False,14.51746139010907,0.004391203978304021,10,500,51,full
0.0001,0,-1.7186523382623144,300,True,True,True,False,23.150371268069872,0.0025244485891664035,10,500,51,full
0.0001,1,-1.7685981797432895,238,True,True,True,False,14.75782732424654,0.004270315998294376,10,500,51,full
0.0001,2,-1.7662614390957039,271,True,True,True,False,14.758338079593782,0.004270116679732298,10,500,51,full
0.0001,3,-1.580182622627864,52,True,True,True,False,14.51746144493116,0.004391203948392702,10,500,51,full
0.0001,4,-1.772223667341254,300,True,True,True,False,15.136393580969774,0.0041835838822718045,10,500,51,full
0.0001,5,-1.7684279420366136,102,True,True,True,False,14.757575407096377,0.004269965400586065,10,500,51,full
0.0001,6,-1.7650891343734896,245,True,True,True,False,27.171850731476937,0.004267793618881773,10,500,51,full
0.0001,7,-1.7650891434653255,300,True,True,True,False,27.161228628988564,0.004267794175495016,10,500,51,full
0.0001,8,-1.5801826214598518,32,True,True,True,False,14.517455701954686,0.004391206985323605,10,500,51,full
0.0001,9,-1.5801826226314313,39,True,True,True,False,14.517461464763159,0.004391203937816137,10,500,51,full
0.01,0,-1.7039291452786791,300,True,True,True,False,14.428633549114286,0.004633334204603607,20,1000,42,full
0.01,1,-1.5108413358769046,40,True,True,True,True,14.347888339594906,0.004690733269210839,20,1000,42,full
0.01,2,-1.7026013787314604,300,True,True,True,False,14.427172714776166,0.004633501964442367,20,1000,42,full
0.01,3,-1.7038401918558608,300,True,True,True,False,14.428751797803745,0.004633429080865159,20,1000,42,full
0.01,4,-1.7026098957389488,300,True,True,True,False,14.427194408613866,0.004633520277810934,20,1000,42,full
0.01,5,-1.703833116827437,300,True,True,True,False,14.428042879234642,0.004633646035353877,20,1000,42,full
0.01,6,-1.7026038818698292,300,True,True,True,False,14.427161088665004,0.004633508189344052,20,1000,42,full
0.01,7,-1.7026016644609407,300,True,True,True,False,14.427143868622677,0.004633501672715019,20,1000,42,full
0.01,8,-1.7026017702903424,300,True,True,True,False,14.427146629262328,0.004633502297811783,20,1000,42,full
0.01,9,-1.7032491679755468,300,True,True,True,False,14.42844332322852,0.004633478104119515,20,1000,42,full
0.001,0,-1.7039124871321558,300,True,True,True,False,14.428733932324647,0.00463333452265035,20,1000,42,full
0.001,1,-1.5108413361046866,40,True,True,True,False,14.347889635313715,0.0046907323336352,20,1000,42,full
0.001,2,-1.7026013591040092,300,True,True,True,False,14.427172056487441,0.004633501824628259,20,1000,42,full
0.001,3,-1.7038919599634177,300,True,True,True,False,14.42817564500909,0.004633614288072909,20,1000,42,full
0.001,4,-1.7026097498952335,300,True,True,True,False,14.427193835646062,0.004633520037141003,20,1000,42,full
0.001,5,-1.7038338809439142,300,True,True,True,False,14.427985779030765,0.0046336629647198225,20,1000,42,full
0.001,6,-1.7026039031313471,300,True,True,True,False,14.427161425570183,0.004633508256501377,20,1000,42,full
0.001,7,-1.7026017426174895,300,True,True,True,False,14.42714369670686,0.0046335019128028315,20,1000,42,full
0.001,8,-1.7026017859859124,300,True,True,True,False,14.427146350306801,0.004633502323992256,20,1000,42,full
0.001,9,-1.703251746256373,300,True,True,True,False,14.42841870912247,0.0046334809822799325,20,1000,42,full
0.0001,0,-1.7039107341172897,300,True,True,True,False,14.428743690097223,0.0046333347797536265,20,1000,42,full
0.0001,1,-1.5108413361346742,40,True,True,True,False,14.3478897940234,0.0046907322190336805,20,1000,42,full
0.0001,2,-1.702601357292123,300,True,True,True,False,14.427172000216391,0.004633501811344669,20,1000,42,full
0.0001,3,-1.7038912615458977,300,True,True,True,False,14.428156008907354,0.0046336248052136365,20,1000,42,full
0.0001,4,-1.7026097346869673,300,True,True,True,False,14.427193774186764,0.004633520011844883,20,1000,42,full
0.0001,5,-1.7038339894217556,300,True,True,True,False,14.427979979445345,0.004633664679746741,20,1000,42,full
0.0001,6,-1.7026039043274737,300,True,True,True,False,14.42716145117198,0.004633508260788091,20,1000,42,full
0.0001,7,-1.7026017516806347,300,True,True,True,False,14.427143740215376,0.004633501943044397,20,1000,42,full
0.0001,8,-1.7026017869017833,300,True,True,True,False,14.427146324616979,0.004633502324801336,20,1000,42,full
0.0001,9,-1.703252178435531,300,True,True,True,False,14.42841506507382,0.0046334814592067465,20,1000,42,full
0.01,0,-1.5164591296866812,39,True,True,True,False,14.647481114202131,0.004585742699119875,20,1000,43,full
0.01,1,-1.7074570639661772,211,True,True,True,False,14.731354298159822,0.004529412773665775,20,1000,43,full
0.01,2,-1.7088677050680041,300,True,True,True,False,14.730984349639948,0.0045297501527855055,20,1000,43,full
0.01,3,-1.707459039981711,300,True,True,True,False,14.731356851953485,0.004529405939854787,20,1000,43,full
0.01,4,-1.5164591295610517,37,True,True,True,True,14.647480426044332,0.004585743197907113,20,1000,43,full
0.01,5,-1.7074611615920465,300,True,True,True,False,14.731348265436395,0.004529430590202521,20,1000,43,full
0.01,6,-1.7074576774604793,300,True,True,True,False,14.731353435291041,0.004529423228252797,20,1000,43,full
0.01,7,-1.7081703860918918,300,True,True,True,False,14.73258498744155,0.004529503501541953,20,1000,43,full
0.01,8,-1.7089997918289923,300,True,True,True,False,14.731186210399297,0.0045297494760235596,20,1000,43,full
0.01,9,-1.707459826616327,300,True,True,True,False,14.731349892286971,0.004529428411479399,20,1000,43,full
0.001,0,-1.5164591296284402,39,True,True,True,False,14.64748080163115,0.004585742925681909,20,1000,43,full
0.001,1,-1.707457014308638,207,True,True,True,False,14.731353575067766,0.0045294133979822335,20,1000,43,full
0.001,2,-1.7088677395829066,300,True,True,True,False,14.730985103133193,0.004529750096473086,20,1000,43,full
0.001,3,-1.707458365579948,300,True,True,True,False,14.731357633449658,0.004529408203962668,20,1000,43,full
0.001,4,-1.5164591298661667,36,True,True,True,False,14.647482018240352,0.004585742043806856,20,1000,43,full
0.001,5,-1.7074606310558698,300,True,True,True,False,14.731348877391838,0.004529429777715122,20,1000,43,full
0.001,6,-1.7074576562298402,300,True,True,True,False,14.731353529018035,0.004529423170144279,20,1000,43,full
0.001,7,-1.7081710064503524,300,True,True,True,False,14.73259198395019,0.004529501302585451,20,1000,43,full
0.001,8,-1.7090304269771088,300,True,True,True,False,14.731168693179304,0.004529757086203769,20,1000,43,full
0.001,9,-1.7074597973999186,300,True,True,True,False,14.731349947446883,0.004529428365966149,20,1000,43,full
0.0001,0,-1.5164591296233332,39,True,True,True,False,14.647480773704654,0.004585742945923731,20,1000,43,full
0.0001,1,-1.707457009973166,207,True,True,True,False,14.731353527374019,0.004529413499425145,20,1000,43,full
0.0001,2,-1.7088677489433295,300,True,True,True,False,14.730985187392212,0.004529750084425095,20,1000,43,full
0.0001,3,-1.7074583143179498,300,True,True,True,False,14.731357700885102,0.004529408397497196,20,1000,43,full
0.0001,4,-1.5164591298234833,36,True,True,True,False,14.647481810562322,0.004585742194346906,20,1000,43,full
0.0001,5,-1.7074605837017225,300,True,True,True,False,14.73134893119493,0.004529429701364687,20,1000,43,full
0.0001,6,-1.7074576539932456,300,True,True,True,False,14.731353538790719,0.004529423163899301,20,1000,43,full
0.0001,7,-1.708171093959768,300,True,True,True,False,14.732592798066804,0.0045295010229913025,20,1000,43,full
0.0001,8,-1.7090344392100978,300,True,True,True,False,14.731166661752988,0.004529757965438801,20,1000,43,full
0.0001,9,-1.707459793975808,300,True,True,True,False,14.731349953905207,0.004529428360613081,20,1000,43,full
0.01,0,-1.716611062335367,285,True,True,True,False,14.51366463905145,0.004577765347941873,20,1000,44,full
0.01,1,-1.5232454854285933,30,True,True,True,False,14.442801404120235,0.004630610395647336,20,1000,44,full
0.01,2,-1.7166169542640728,300,True,True,True,False,14.513648605377625,0.004577781532201986,20,1000,44,full
0.01,3,-1.7181399515863527,300,True,True,True,False,14.513945087816202,0.004578046240035757,20,1000,44,full
0.01,4,-1.7166399188896944,300,True,True,True,False,14.513615549617297,0.0045778170800015285,20,1000,44,full
0.01,5,-1.7166119981210137,300,True,True,True,False,14.513660463021068,0.004577776638876424,20,1000,44,full
0.01,6,-1.7166132098893034,300,True,True,True,False,14.513658112344364,0.004577780720397377,20,1000,44,full
0.01,7,-1.7185286101762234,300,True,True,True,False,14.767601925529133,0.004567640693752555,20,1000,44,full
0.01,8,-1.7169110402188645,300,True,True,True,False,14.513707341387537,0.004577846698740706,20,1000,44,full
0.01,9,-1.7167967432683864,300,True,True,True,False,14.513394968815316,0.0045784317694149155,20,1000,44,full
0.001,0,-1.7166110473128755,283,True,True,True,False,14.513664200837962,0.0045777655117258675,20,1000,44,full
0.001,1,-1.5232454851808608,31,True,True,True,True,14.442800212680957,0.0046306112629637235,20,1000,44,full
0.001,2,-1.7166171920488673,300,True,True,True,False,14.513648382750947,0.00457778227876298,20,1000,44,full
0.001,3,-1.7181182252496947,300,True,True,True,False,14.51393256925437,0.00457803050898291,20,1000,44,full
0.001,4,-1.7166340339450643,300,True,True,True,False,14.513625199514049,0.004577810000542338,20,1000,44,full
0.001,5,-1.7166119338455348,300,True,True,True,False,14.513660683332365,0.004577776541016838,20,1000,44,full
0.001,6,-1.7166118431583497,300,True,True,True,False,14.513661462611305,0.004577777343610076,20,1000,44,full
0.001,7,-1.718526399416255,300,True,True,True,False,14.810143768658156,0.0045600421913736065,20,1000,44,full
0.001,8,-1.7166548760392806,300,True,True,True,False,14.5137252071341,0.004577782333977465,20,1000,44,full
0.001,9,-1.7168089636785084,300,True,True,True,False,14.513393352019357,0.004578434833315231,20,1000,44,full
0.0001,0,-1.7166110454505454,283,True,True,True,False,14.513664169385,0.004577765548176002,20,1000,44,full
0.0001,1,-1.523245485229937,31,True,True,True,False,14.442800460852439,0.004630611082304642,20,1000,44,full
0.0001,2,-1.71661721619188,300,True,True,True,False,14.513648359538385,0.004577782352404921,20,1000,44,full
0.0001,3,-1.7181153416151782,300,True,True,True,False,14.513930853027192,0.004578030691020021,20,1000,44,full
0.0001,4,-1.7166334850824017,300,True,True,True,False,14.513626085849666,0.004577809353635809,20,1000,44,full
0.0001,5,-1.7166119273366862,300,True,True,True,False,14.513660705598209,0.004577776530185941,20,1000,44,full
0.0001,6,-1.7166115629721854,300,True,True,True,False,14.51366474316729,0.004577760658378853,20,1000,44,full
0.0001,7,-1.718525529294523,300,True,True,True,False,14.816715038939096,0.004558465401577487,20,1000,44,full
0.0001,8,-1.7166469768262436,300,True,True,True,False,14.513723355772097,0.0045777827601436545,20,1000,44,full
0.0001,9,-1.7168107637175323,300,True,True,True,False,14.513393090869664,0.004578435309299561,20,1000,44,full
0.01,0,-1.7213251899735613,300,True,True,True,False,14.36310048236164,0.004614359610549605,20,1000,45,full
0.01,1,-1.7200963307960009,300,True,True,True,False,14.362938905412825,0.004614051573910328,20,1000,45,full
0.01,2,-1.7213429901598265,300,True,True,True,False,14.363094364289102,0.004614367972877413,20,1000,45,full
0.01,3,-1.7200929727620706,300,True,True,True,False,14.362859572006524,0.004614133293096718,20,1000,45,full
0.01,4,-1.720125046843115,300,True,True,True,False,14.362966117711961,0.004614377267312841,20,1000,45,full
0.01,5,-1.7200866846469536,300,True,True,True,False,14.362883562932405,0.004614100345468853,20,1000,45,full
0.01,6,-1.5293938080676999,24,True,True,True,True,14.295206620744732,0.004665945566247792,20,1000,45,full
0.01,7,-1.7200970812901433,177,True,True,True,False,14.362873502573656,0.004614186985013655,20,1000,45,full
0.01,8,-1.7200879588232183,300,True,True,True,False,14.362873883604882,0.004614112678255961,20,1000,45,full
0.01,9,-1.7213331465045478,300,True,True,True,False,14.363261592851053,0.004614303821547576,20,1000,45,full
0.001,0,-1.7213254422812747,300,True,True,True,False,14.36309962966591,0.004614359511105456,20,1000,45,full
0.001,1,-1.7200952038810422,300,True,True,True,False,14.36293664320203,0.004614054749643245,20,1000,45,full
0.001,2,-1.721351783481374,300,True,True,True,False,14.363095250750563,0.004614369728968198,20,1000,45,full
0.001,3,-1.7200914737439605,300,True,True,True,False,14.362863299100017,0.004614126057147609,20,1000,45,full
0.001,4,-1.7201245206782347,300,True,True,True,False,14.362966802715002,0.004614377320826575,20,1000,45,full
0.001,5,-1.7200866489993067,300,True,True,True,False,14.362883823238393,0.004614100142804954,20,1000,45,full
0.001,6,-1.529393808082606,25,True,True,True,False,14.295206369522807,0.004665945755244623,20,1000,45,full
0.001,7,-1.7200970866531042,174,True,True,True,False,14.36287289542561,0.0046141862459121614,20,1000,45,full
0.001,8,-1.720087886451981,300,True,True,True,False,14.362874256000964,0.004614112236881256,20,1000,45,full
0.001,9,-1.7213146510175652,300,True,True,True,False,14.363285067923472,0.00461429635847302,20,1000,45,full
0.0001,0,-1.721325470861651,300,True,True,True,False,14.363099538239673,0.004614359500752996,20,1000,45,full
0.0001,1,-1.720095092771524,300,True,True,True,False,14.362936381002045,0.004614055131757,20,1000,45,full
0.0001,2,-1.7213529710887363,300,True,True,True,False,14.363095509696874,0.004614369967711667,20,1000,45,full
0.0001,3,-1.7200913452790667,300,True,True,True,False,14.362863659926049,0.0046141254060408044,20,1000,45,full
0.0001,4,-1.720124470655821,300,True,True,True,False,14.362966873435074,0.004614377326916291,20,1000,45,full
0.0001,5,-1.7200866454014399,300,True,True,True,False,14.362883849965849,0.004614100122003268,20,1000,45,full
0.0001,6,-1.5293938081066156,25,True,True,True,False,14.295206020019869,0.004665946016225636,20,1000,45,full
0.0001,7,-1.720097085577381,174,True,True,True,False,14.362872862260764,0.004614186203203086,20,1000,45,full
0.0001,8,-1.7200878791049923,300,True,True,True,False,14.362874294366765,0.004614112191487019,20,1000,45,full
0.0001,9,-1.7213128846344938,300,True,True,True,False,14.363288077428372,0.004614295469184304,20,1000,45,full
0.01,0,-1.7026055486382037,300,True,True,True,False,14.144487398774789,0.004621080198414126,20,1000,46,full
0.01,1,-1.513820200780942,25,True,True,True,True,14.078089512022501,0.004674055346020074,20,1000,46,full
0.01,2,-1.7026223508974105,239,True,True,True,False,14.14446265343573,0.0046212854081988716,20,1000,46,full
0.01,3,-1.702779559838744,300,True,True,True,False,14.145387809142436,0.004621164898480224,20,1000,46,full
0.01,4,-1.7026220798909169,256,True,True,True,False,14.144466780651928,0.004621287504891204,20,1000,46,full
0.01,5,-1.513820201262226,40,True,True,True,False,14.078096152861109,0.004674050003762984,20,1000,46,full
0.01,6,-1.7025243853410956,300,True,True,True,False,14.144722581353333,0.004621256542761283,20,1000,46,full
0.01,7,-1.7026230103128317,300,True,True,True,False,14.1444656380222,0.004620978467608142,20,1000,46,full
0.01,8,-1.5138202013165718,33,True,True,True,False,14.078096450613387,0.004674049764063918,20,1000,46,full
0.01,9,-1.704325890301844,300,True,True,True,False,14.312708848585658,0.0046030430348310974,20,1000,46,full
0.001,0,-1.7026050465882898,300,True,True,True,False,14.144486873836497,0.004621081489036596,20,1000,46,full
0.001,1,-1.513820200956548,24,True,True,True,False,14.078087074678178,0.004674057303914026,20,1000,46,full
0.001,2,-1.7026223762810682,241,True,True,True,False,14.14446240372531,0.0046212852660788735,20,1000,46,full
0.001,3,-1.7027800546670013,300,True,True,True,False,14.145394284427493,0.00462116664675601,20,1000,46,full
0.001,4,-1.702622081580233,257,True,True,True,False,14.144466798957561,0.004621287508828386,20,1000,46,full
0.001,5,-1.5138202016149234,40,True,True,True,False,14.078097873746914,0.0046740486183458685,20,1000,46,full
0.001,6,-1.702623887820329,300,True,True,True,False,14.14453275411317,0.004621219480324414,20,1000,46,full
0.001,7,-1.7026113709273216,300,True,True,True,False,14.144497236764623,0.004620974357475874,20,1000,46,full
0.001,8,-1.5138202015934281,33,True,True,True,False,14.078097780581265,0.004674048693336501,20,1000,46,full
0.001,9,-1.7043259936263009,300,True,True,True,False,14.31300163176691,0.004602996332070121,20,1000,46,full
0.0001,0,-1.7026049926538858,300,True,True,True,False,14.144486817812291,0.004621081623658511,20,1000,46,full
0.0001,1,-1.5138202009494715,24,True,True,True,False,14.078087139124326,0.0046740572521111155,20,1000,46,full
0.0001,2,-1.7026223751416765,242,True,True,True,False,14.144462392457434,0.004621285260280597,20,1000,46,full
0.0001,3,-1.7027801537534502,300,True,True,True,False,14.145394886776808,0.004621166899080264,20,1000,46,full
0.0001,4,-1.7023610998330212,300,True,True,True,False,14.146133318298322,0.004620973605770898,20,1000,46,full
0.0001,5,-1.5138202016687545,40,True,True,True,False,14.078098102076579,0.004674048434505273,20,1000,46,full
0.0001,6,-1.702623566458387,300,True,True,True,False,14.144531548184393,0.0046212207970272425,20,1000,46,full
0.0001,7,-1.702610468266844,300,True,True,True,False,14.144499707933305,0.00462097432660682,20,1000,46,full
0.0001,8,-1.513820201634335,33,True,True,True,False,14.07809795682776,0.004674048551430803,20,1000,46,full
0.0001,9,-1.7043260054389078,300,True,True,True,False,14.313033777672215,0.004602991098754293,20,1000,46,full
0.01,0,-1.6855693845939597,300,True,True,True,False,14.275153059213114,0.004598010336727744,20,1000,47,full
0.01,1,-1.6844761763884173,300,True,True,True,False,14.274788079728998,0.0045976495510548065,20,1000,47,full
0.01,2,-1.6844690841022136,300,True,True,True,False,14.274787496606345,0.004597673881884731,20,1000,47,full
0.01,3,-1.6844639501908998,250,True,True,True,False,14.274810295535124,0.004597679244950509,20,1000,47,full
0.01,4,-1.6861689482500521,300,True,True,True,False,14.393724599608321,0.0045845193240134354,20,1000,47,full
0.01,5,-1.6844748081292666,300,True,True,True,False,14.274786855061148,0.004597655183919705,20,1000,47,full
0.01,6,-1.6844872301682128,239,True,True,True,False,14.274523626959866,0.0045976420739916625,20,1000,47,full
0.01,7,-1.4950874931664044,31,True,True,True,False,14.197413374120016,0.004655566045017813,20,1000,47,full
0.01,8,-1.6855528363304664,300,True,True,True,False,14.274923767725559,0.004598007836979618,20,1000,47,full
0.01,9,-1.4950874931900726,34,True,True,True,False,14.197412901431306,0.004655566392925226,20,1000,47,full
0.001,0,-1.6855443279362494,300,True,True,True,False,14.275578484232604,0.004597934673855637,20,1000,47,full
0.001,1,-1.6844759299705108,300,True,True,True,False,14.27478762731099,0.00459765085542885,20,1000,47,full
0.001,2,-1.6844689987869481,300,True,True,True,False,14.27478742426896,0.004597674257328252,20,1000,47,full
0.001,3,-1.6844640201108911,253,True,True,True,False,14.274809421067784,0.004597679305254426,20,1000,47,full
0.001,4,-1.686174105726555,300,True,True,True,False,14.399261543978064,0.00458523674495001,20,1000,47,full
0.001,5,-1.6844747026042246,300,True,True,True,False,14.274786674487183,0.004597655721028981,20,1000,47,full
0.001,6,-1.684487196466043,225,True,True,True,False,14.274526054252988,0.00459764061042082,20,1000,47,full
0.001,7,-1.4950874931658655,31,True,True,True,False,14.197413386993535,0.004655566035477151,20,1000,47,full
0.001,8,-1.6855510822134576,300,True,True,True,False,14.274922287979434,0.004598007924916816,20,1000,47,full
0.001,9,-1.4950874932815439,33,True,True,True,False,14.197411653979549,0.00465556731220085,20,1000,47,full
0.0001,0,-1.6855409702479922,300,True,True,True,False,14.275622774910222,0.004597921529222549,20,1000,47,full
0.0001,1,-1.6844759065809718,300,True,True,True,False,14.274787586248314,0.004597650976390908,20,1000,47,full
0.0001,2,-1.684468990844439,300,True,True,True,False,14.274787417365733,0.004597674292549914,20,1000,47,full
0.0001,3,-1.6844640288589383,253,True,True,True,False,14.27480929376066,0.00459767933401523,20,1000,47,full
0.0001,4,-1.6854103059592602,300,True,True,True,False,14.274144353296624,0.004598276026321387,20,1000,47,full
0.0001,5,-1.6844746919688673,300,True,True,True,False,14.274786656748915,0.00459765577456098,20,1000,47,full
0.0001,6,-1.684487190569453,224,True,True,True,False,14.274526367452557,0.004597640404905701,20,1000,47,full
0.0001,7,-1.495087493165798,31,True,True,True,True,14.197413388501218,0.004655566034359588,20,1000,47,full
0.0001,8,-1.6855508936886416,300,True,True,True,False,14.274922121742051,0.00459800793384371,20,1000,47,full
0.0001,9,-1.4950874932611542,33,True,True,True,False,14.197411890125368,0.0046555671373868885,20,1000,47,full
0.01,0,-1.6715302888910366,300,True,True,True,False,14.364194563361862,0.004552609980276635,20,1000,48,full
0.01,1,-1.6726056441650627,300,True,True,True,False,14.361951306294205,0.004553244587691715,20,1000,48,full
0.01,2,-1.6719199794270514,300,True,True,True,False,14.362819619058287,0.004552789331935643,20,1000,48,full
0.01,3,-1.483900478052628,25,True,True,True,False,14.28336183492967,0.004608923864000017,20,1000,48,full
0.01,4,-1.6719203880414524,300,True,True,True,False,14.362810370457572,0.004552797767748457,20,1000,48,full
0.01,5,-1.6719217785107012,300,True,True,True,False,14.362814912536187,0.00455278927080773,20,1000,48,full
0.01,6,-1.4839004784402652,35,True,True,True,False,14.28337351293581,0.004608916177225128,20,1000,48,full
0.01,7,-1.6735323918208684,300,True,True,True,False,14.420243097285654,0.004520023758282258,20,1000,48,full
0.01,8,-1.6727586151365001,300,True,True,True,False,14.362772454780036,0.004553024890949372,20,1000,48,full
0.01,9,-1.6724106048985017,300,True,True,True,False,14.36271623055569,0.00455292356025268,20,1000,48,full
0.001,0,-1.6715335222289067,300,True,True,True,False,14.364218852636801,0.004552604902549011,20,1000,48,full
0.001,1,-1.672530983015903,300,True,True,True,False,14.362275960879694,0.004553199826568427,20,1000,48,full
0.001,2,-1.6719198958665584,300,True,True,True,False,14.362819993932323,0.004552789227958684,20,1000,48,full
0.001,3,-1.4839004779356724,26,True,True,True,True,14.28336298324596,0.004608923108689662,20,1000,48,full
0.001,4,-1.6719202895111622,300,True,True,True,False,14.36281112479683,0.004552797287533165,20,1000,48,full
0.001,5,-1.6719215997943189,300,True,True,True,False,14.362814454994451,0.004552790096637707,20,1000,48,full
0.001,6,-1.483900478519472,35,True,True,True,False,14.283373934278432,0.004608915899696028,20,1000,48,full
0.001,7,-1.673532840303698,300,True,True,True,False,14.421150721424153,0.004520092481305531,20,1000,48,full
0.001,8,-1.6727565558148527,300,True,True,True,False,14.362766165751003,0.004553027529984607,20,1000,48,full
0.001,9,-1.6724107576645495,300,True,True,True,False,14.362716811956428,0.004552923676720396,20,1000,48,full
0.0001,0,-1.6715343526055628,300,True,True,True,False,14.364224061287022,0.004552603882389705,20,1000,48,full
0.0001,1,-1.6725131855093018,300,True,True,True,False,14.362348608049787,0.004553188944710776,20,1000,48,full
0.0001,2,-1.6719198875675305,300,True,True,True,False,14.362820032257748,0.004552789216843113,20,1000,48,full
0.0001,3,-1.483900477966256,26,True,True,True,False,14.283362648457967,0.004608923328946982,20,1000,48,full
0.0001,4,-1.6719202797176367,300,True,True,True,False,14.362811200270649,0.004552797239658026,20,1000,48,full
0.0001,5,-1.6719215853927654,300,True,True,True,False,14.362814419599937,0.004552790162733174,20,1000,48,full
0.0001,6,-1.4839004785303167,35,True,True,True,False,14.283373990152466,0.004608915862892261,20,1000,48,full
0.0001,7,-1.6735328891011945,300,True,True,True,False,14.421248836421254,0.0045200999160105336,20,1000,48,full
0.0001,8,-1.6727563631447793,300,True,True,True,False,14.36276554591058,0.004553027794211759,20,1000,48,full
0.0001,9,-1.6724107755625461,300,True,True,True,False,14.362716878993181,0.00455292369191676,20,1000,48,full
0.01,0,-1.6833371124115886,300,True,True,True,False,14.242616825013316,0.004595608100319382,20,1000,49,full
0.01,1,-1.6831784219825152,300,True,True,True,False,14.242527322941964,0.004595684799738509,20,1000,49,full
0.01,2,-1.4957946139065297,38,True,True,True,False,14.193670262551997,0.004652586676062033,20,1000,49,full
0.01,3,-1.6831913990426652,300,True,True,True,False,14.242488004107173,0.004595707599244074,20,1000,49,full
0.01,4,-1.683186005731521,300,True,True,True,False,14.24250001784003,0.004595700721267032,20,1000,49,full
0.01,5,-1.4957946135440208,31,True,True,True,True,14.193669592814707,0.004652587798026345,20,1000,49,full
0.01,6,-1.6841790209077967,300,True,True,True,False,14.242457560764768,0.00459589955437157,20,1000,49,full
0.01,7,-1.684310633353941,300,True,True,True,False,14.241499212691185,0.004596272092079181,20,1000,49,full
0.01,8,-1.6839324726205944,300,True,True,True,False,14.243102033992068,0.004594966251238292,20,1000,49,full
0.01,9,-1.6832557465323021,300,True,True,True,False,14.242451356478716,0.0045957032140051856,20,1000,49,full
0.001,0,-1.6833373609489444,300,True,True,True,False,14.24261320123398,0.0045956099024303905,20,1000,49,full
0.001,1,-1.683178419126819,300,True,True,True,False,14.242527241005776,0.0045956848634974,20,1000,49,full
0.001,2,-1.49579461354615,39,True,True,True,False,14.19366959714532,0.004652587790875892,20,1000,49,full
0.001,3,-1.683190632933216,300,True,True,True,False,14.242489554531005,0.004595706709812748,20,1000,49,full
0.001,4,-1.6831856504989937,300,True,True,True,False,14.242500924117106,0.004595700202352288,20,1000,49,full
0.001,5,-1.4957946139336424,31,True,True,True,False,14.193670308338024,0.004652586599226317,20,1000,49,full
0.001,6,-1.6841789985453892,300,True,True,True,False,14.242457417046518,0.004595899647226645,20,1000,49,full
0.001,7,-1.6843115510706077,300,True,True,True,False,14.241482090591335,0.004596279214802298,20,1000,49,full
0.001,8,-1.683891900354105,300,True,True,True,False,14.242927080001955,0.004595037544137403,20,1000,49,full
0.001,9,-1.6832531623575617,300,True,True,True,False,14.242454087890511,0.004595704324814092,20,1000,49,full
0.0001,0,-1.6833373898505426,300,True,True,True,False,14.24261280564302,0.004595610106692248,20,1000,49,full
0.0001,1,-1.6831784198163444,300,True,True,True,False,14.242527228503725,0.004595684872246896,20,1000,49,full
0.0001,2,-1.4957946135823506,39,True,True,True,False,14.193669669541892,0.004652587669612513,20,1000,49,full
0.0001,3,-1.6831905586758453,300,True,True,True,False,14.242489707527337,0.0045957066220121915,20,1000,49,full
0.0001,4,-1.683185614952067,300,True,True,True,False,14.242501016042572,0.004595700149673823,20,1000,49,full
0.0001,5,-1.4957946139867342,31,True,True,True,False,14.193670396706983,0.004652586451145874,20,1000,49,full
0.0001,6,-1.6841789915315502,300,True,True,True,False,14.24245742171717,0.0045958996461132615,20,1000,49,full
0.0001,7,-1.6843116491516106,300,True,True,True,False,14.241480269489085,0.004596279977233601,20,1000,49,full
0.0001,8,-1.6838859010819298,300,True,True,True,False,14.242906465916823,0.004595048324242258,20,1000,49,full
0.0001,9,-1.6832529991158554,300,True,True,True,False,14.242454359638536,0.004595704329035837,20,1000,49,full
0.01,0,-1.6802845636990904,300,True,True,True,False,13.926885367206829,0.004661950060328428,20,1000,50,full
0.01,1,-1.4944666362290606,24,True,True,True,False,13.889607963653372,0.004715945915665719,20,1000,50,full
0.01,2,-1.6802097214141838,300,True,True,True,False,13.926880749594199,0.0046620336005961825,20,1000,50,full
0.01,3,-1.6800704689603583,300,True,True,True,False,13.926787432470451,0.00466209820483014,20,1000,50,full
0.01,4,-1.4944666362403674,31,True,True,True,False,13.889607905742684,0.004715946141790218,20,1000,50,full
0.01,5,-1.4944666363886325,39,True,True,True,False,13.889607467125025,0.004715947704513758,20,1000,50,full
0.01,6,-1.680830407548156,300,True,True,True,False,13.927041239293123,0.004662041230093422,20,1000,50,full
0.01,7,-1.680764008226348,300,True,True,True,False,13.926970521089123,0.004662027858303891,20,1000,50,full
0.01,8,-1.679999148195733,300,True,True,True,False,13.92684374029592,0.004662049949689732,20,1000,50,full
0.01,9,-1.4944666369200563,33,True,True,True,False,13.88960979862406,0.004715939356594281,20,1000,50,full
0.001,0,-1.680285162079283,300,True,True,True,False,13.926893269194428,0.00466195415914606,20,1000,50,full
0.001,1,-1.4944666362391272,25,True,True,True,False,13.889607911020917,0.004715946116034101,20,1000,50,full
0.001,2,-1.6802107192237232,300,True,True,True,False,13.926880835362168,0.004662033371043287,20,1000,50,full
0.001,3,-1.680129018494326,300,True,True,True,False,13.927049885994021,0.004662030304680843,20,1000,50,full
0.001,4,-1.4944666362373624,31,True,True,True,False,13.889607920462801,0.004715946089236609,20,1000,50,full
0.001,5,-1.494466636224498,39,True,True,True,False,13.889607992939354,0.0047159458309982034,20,1000,50,full
0.001,6,-1.68081808978839,300,True,True,True,False,13.92703078228285,0.004662039285554051,20,1000,50,full
0.001,7,-1.679993201367955,300,True,True,True,False,13.926885508968034,0.004662042206437612,20,1000,50,full
0.001,8,-1.6799977488555935,300,True,True,True,False,13.926850124449594,0.004662047864498191,20,1000,50,full
0.001,9,-1.4944666371184168,33,True,True,True,False,13.889609998706485,0.004715938635283763,20,1000,50,full
0.0001,0,-1.6802843739797735,300,True,True,True,False,13.926894937034447,0.004661957677425871,20,1000,50,full
0.0001,1,-1.4944666362551091,25,True,True,True,False,13.889607839928967,0.004715946369304272,20,1000,50,full
0.0001,2,-1.6802108169306902,300,True,True,True,False,13.926880843870949,0.004662033348666185,20,1000,50,full
0.0001,3,-1.6800116413181938,300,True,True,True,False,13.927346413095883,0.0046619885542444894,20,1000,50,full
0.0001,4,-1.494466636237043,31,True,True,True,False,13.889607922062458,0.004715946083524709,20,1000,50,full
0.0001,5,-1.4944666362184118,39,True,True,True,True,13.889608035454811,0.004715945679304131,20,1000,50,full
0.0001,6,-1.6808167252609252,300,True,True,True,False,13.92702974130776,0.004662039033659444,20,1000,50,full
0.0001,7,-1.6799931915566326,300,True,True,True,False,13.92688578709729,0.004662042183965646,20,1000,50,full
0.0001,8,-1.6799976196538167,300,True,True,True,False,13.926850774007686,0.004662047664311583,20,1000,50,full
0.0001,9,-1.4944666371441948,33,True,True,True,False,13.889610023035392,0.00471593854752976,20,1000,50,full
0.01,0,-1.664206985762891,300,True,True,True,False,14.067782536843882,0.004546200095298527,20,1000,51,full
0.01,1,-1.6638645612442342,300,True,True,True,False,14.06802118344921,0.004546144741080194,20,1000,51,full
0.01,2,-1.6638047827077485,300,True,True,True,False,14.068028177411241,0.004546177766387669,20,1000,51,full
0.01,3,-1.477348978207018,34,True,True,True,False,14.020659875709562,0.004600324071127376,20,1000,51,full
0.01,4,-1.6656714634816878,300,True,True,True,False,14.112197750580146,0.0045035300941414745,20,1000,51,full
0.01,5,-1.6650694892128572,300,True,True,True,False,14.067637828252384,0.004546463928840535,20,1000,51,full
0.01,6,-1.663702125709888,243,True,True,True,False,14.068104896113358,0.0045461160099124305,20,1000,51,full
0.01,7,-1.6642014631585942,300,True,True,True,False,14.06788161294298,0.0045461645480020275,20,1000,51,full
0.01,8,-1.4773489780419768,33,True,True,True,True,14.020659390817562,0.004600324709691973,20,1000,51,full
0.01,9,-1.6638025361732502,240,True,True,True,False,14.068311176719822,0.004546147565833532,20,1000,51,full
0.001,0,-1.6640096246204645,300,True,True,True,False,14.068075370711355,0.004546165825988104,20,1000,51,full
0.001,1,-1.663842985548279,300,True,True,True,False,14.068024897330282,0.00454615006898825,20,1000,51,full
0.001,2,-1.6638044391557607,300,True,True,True,False,14.068028379786714,0.004546178420364743,20,1000,51,full
0.001,3,-1.4773489782186242,34,True,True,True,False,14.020659907991499,0.004600324028609557,20,1000,51,full
0.001,4,-1.6656714784719435,300,True,True,True,False,14.112190726610363,0.004503529445695236,20,1000,51,full
0.001,5,-1.665071022024272,300,True,True,True,False,14.067639578903885,0.004546465891605669,20,1000,51,full
0.001,6,-1.6637021258943048,243,True,True,True,False,14.06810489609744,0.0045461160098975205,20,1000,51,full
0.001,7,-1.664190740954343,300,True,True,True,False,14.067847010466705,0.004546170564161652,20,1000,51,full
0.001,8,-1.4773489782338258,33,True,True,True,False,14.020659949929424,0.004600323973354201,20,1000,51,full
0.001,9,-1.6638023496422385,222,True,True,True,False,14.068331571305272,0.00454614012041882,20,1000,51,full
0.0001,0,-1.664007285938275,300,True,True,True,False,14.068081906427127,0.004546162750369499,20,1000,51,full
0.0001,1,-1.6638415508086877,300,True,True,True,False,14.068025128071252,0.004546150510088055,20,1000,51,full
0.0001,2,-1.6638044085850405,300,True,True,True,False,14.068028399075176,0.0045461784807841795,20,1000,51,full
0.0001,3,-1.4773489782211087,34,True,True,True,False,14.020659914909587,0.004600324019498403,20,1000,51,full
0.0001,4,-1.6656714811617588,300,True,True,True,False,14.112189750931856,0.004503529258671501,20,1000,51,full
0.0001,5,-1.6650711980180342,300,True,True,True,False,14.067639880801156,0.004546466015303242,20,1000,51,full
0.0001,6,-1.6637021259873004,243,True,True,True,False,14.06810489608938,0.004546116009890114,20,1000,51,full
0.0001,7,-1.6641904979226119,300,True,True,True,False,14.067845486975317,0.004546170723328384,20,1000,51,full
0.0001,8,-1.4773489782598273,33,True,True,True,False,14.020660020840657,0.004600323879955581,20,1000,51,full
0.0001,9,-1.663802384737819,225,True,True,True,False,14.068332774983302,0.004546139669126112,20,1000,51,full
0.01,0,-1.7107839846245787,300,True,True,True,False,13.820963888331873,0.004726995753667047,20,2000,42,full
0.01,1,-1.5167250506480734,41,True,True,True,True,13.776977375699499,0.00477127223428308,20,2000,42,full
0.01,2,-1.7101147095434557,300,True,True,True,False,13.81905667473859,0.004727363019826153,20,2000,42,full
0.01,3,-1.7110639744456149,300,True,True,True,False,13.819098229939042,0.004727370077288976,20,2000,42,full
0.01,4,-1.710128007393337,300,True,True,True,False,13.819061500620544,0.004727366592453586,20,2000,42,full
0.01,5,-1.7108055460072618,300,True,True,True,False,13.82099848040751,0.004727044303983748,20,2000,42,full
0.01,6,-1.7100272897880142,300,True,True,True,False,13.819095185707305,0.004727437539579541,20,2000,42,full
0.01,7,-1.710042745430525,300,True,True,True,False,13.819186913069363,0.004727225807578689,20,2000,42,full
0.01,8,-1.7101241871042427,300,True,True,True,False,13.81875634884229,0.004727481633181887,20,2000,42,full
0.01,9,-1.7108377382351165,300,True,True,True,False,13.819932213511443,0.00472730841384899,20,2000,42,full
0.001,0,-1.7107643006548485,300,True,True,True,False,13.820774845634803,0.004727010364697396,20,2000,42,full
0.001,1,-1.5167250508212524,40,True,True,True,False,13.77697801654336,0.004771271544676082,20,2000,42,full
0.001,2,-1.7100971788361676,300,True,True,True,False,13.819047984965408,0.004727354066165087,20,2000,42,full
0.001,3,-1.7110039059252333,300,True,True,True,False,13.819331711377833,0.004727325968463114,20,2000,42,full
0.001,4,-1.7101224323480033,300,True,True,True,False,13.819062242563971,0.004727364370687691,20,2000,42,full
0.001,5,-1.7108057350819115,300,True,True,True,False,13.820982315134511,0.004727044792343578,20,2000,42,full
0.001,6,-1.7100249055108185,300,True,True,True,False,13.819106015736503,0.004727434410909824,20,2000,42,full
0.001,7,-1.7100898079089082,300,True,True,True,False,13.819128348891365,0.00472724560700429,20,2000,42,full
0.001,8,-1.7101137953319943,300,True,True,True,False,13.818802449568283,0.0047274848629720945,20,2000,42,full
0.001,9,-1.7108287265127906,300,True,True,True,False,13.819958769017838,0.004727303072395292,20,2000,42,full
0.0001,0,-1.7107615332995323,300,True,True,True,False,13.82075018460455,0.004727012043999926,20,2000,42,full
0.0001,1,-1.516725050807914,40,True,True,True,False,13.776977971471995,0.004771271593177569,20,2000,42,full
0.0001,2,-1.7100949314687954,300,True,True,True,False,13.819046498700411,0.0047273527901448235,20,2000,42,full
0.0001,3,-1.7109997262689514,300,True,True,True,False,13.8193443187456,0.004727324258883764,20,2000,42,full
0.0001,4,-1.7101218451720552,300,True,True,True,False,13.819062279025808,0.004727364129036385,20,2000,42,full
0.0001,5,-1.7109196805012714,300,True,True,True,False,13.819798110771872,0.004727234459978482,20,2000,42,full
0.0001,6,-1.7100246754164836,300,True,True,True,False,13.819107049235937,0.004727434105645971,20,2000,42,full
0.0001,7,-1.7100965052552117,300,True,True,True,False,13.819119058754357,0.004727248855097787,20,2000,42,full
0.0001,8,-1.7101127352443368,300,True,True,True,False,13.818806479407257,0.004727484914517745,20,2000,42,full
0.0001,9,-1.7108278080017456,300,True,True,True,False,13.819961324723451,0.0047273025416839495,20,2000,42,full
0.01,0,-1.6811632922050197,280,True,True,True,False,14.839929778848228,0.0033737796555830066,20,2000,43,full
0.01,1,-1.7174228889594745,300,True,True,True,False,14.101344290245436,0.004642654003748578,20,2000,43,full
0.01,2,-1.523159515852129,25,True,True,True,False,14.054598066001741,0.004686365453272175,20,2000,43,full
0.01,3,-1.7174202745092144,300,True,True,True,False,14.101340748019387,0.004642657919327818,20,2000,43,full
0.01,4,-1.7183971188919542,300,True,True,True,False,14.10255562255041,0.004642704028551069,20,2000,43,full
0.01,5,-1.7175697957282121,300,True,True,True,False,14.101357805294583,0.004642726551828383,20,2000,43,full
0.01,6,-1.7176688722289433,300,True,True,True,False,14.101227209545348,0.004642774284892426,20,2000,43,full
0.01,7,-1.7174376429789044,300,True,True,True,False,14.101357468886219,0.0046426475842519235,20,2000,43,full
0.01,8,-1.681163290448158,199,True,True,True,False,14.83991133344814,0.0033737622277563314,20,2000,43,full
0.01,9,-1.717605521173429,300,True,True,True,False,14.101325991931413,0.004642739765024195,20,2000,43,full
0.001,0,-1.6811632914243677,273,True,True,True,False,14.839920936241452,0.003373770021840824,20,2000,43,full
0.001,1,-1.717423165282643,300,True,True,True,False,14.101344573690977,0.004642653782972392,20,2000,43,full
0.001,2,-1.523159515641222,26,True,True,True,True,14.054597155637994,0.004686366353176153,20,2000,43,full
0.001,3,-1.7174202100702594,300,True,True,True,False,14.101340812450692,0.004642657843758832,20,2000,43,full
0.001,4,-1.7184020161091529,300,True,True,True,False,14.102531406766376,0.004642709886204548,20,2000,43,full
0.001,5,-1.7175675425321923,300,True,True,True,False,14.10135656767479,0.004642726115103511,20,2000,43,full
0.001,6,-1.717680348395349,300,True,True,True,False,14.101159233113695,0.004642801989410663,20,2000,43,full
0.001,7,-1.7174399984324569,300,True,True,True,False,14.101359558948568,0.004642646615564092,20,2000,43,full
0.001,8,-1.6811632924502504,187,True,True,True,False,14.839935074056216,0.0033737882500587137,20,2000,43,full
0.001,9,-1.7176010419596557,300,True,True,True,False,14.101324705506551,0.004642736320185837,20,2000,43,full
0.0001,0,-1.6811632918885626,272,True,True,True,False,14.839926357841925,0.0033737759496547414,20,2000,43,full
0.0001,1,-1.7174231933224386,300,True,True,True,False,14.101344602271839,0.004642653760996095,20,2000,43,full
0.0001,2,-1.5231595156468452,26,True,True,True,False,14.054597183696334,0.004686366325445017,20,2000,43,full
0.0001,3,-1.71742020365536,300,True,True,True,False,14.101340819425724,0.0046426578358025865,20,2000,43,full
0.0001,4,-1.718402643112223,300,True,True,True,False,14.102528273396112,0.0046427105240441245,20,2000,43,full
0.0001,5,-1.7175673426382383,300,True,True,True,False,14.101356440656872,0.004642726075766258,20,2000,43,full
0.0001,6,-1.7176670785221972,300,True,True,True,False,14.10122811792574,0.00464277369259926,20,2000,43,full
0.0001,7,-1.7174402668437192,300,True,True,True,False,14.101359790184762,0.0046426465135667805,20,2000,43,full
0.0001,8,-1.6811632906487408,186,True,True,True,False,14.839913905326421,0.003373764843876662,20,2000,43,full
0.0001,9,-1.7176005886588863,300,True,True,True,False,14.10132454162569,0.00464273597610271,20,2000,43,full
0.01,0,-1.7293993355327253,300,True,True,True,False,14.038625185433276,0.004658284311558148,20,2000,44,full
0.01,1,-1.730737733083401,300,True,True,True,False,14.038737868427054,0.00465850003585686,20,2000,44,full
0.01,2,-1.729390893124177,300,True,True,True,False,14.038663901328619,0.0046582768358072344,20,2000,44,full
0.01,3,-1.7304808344216602,300,True,True,True,False,14.03980276971858,0.004658366421505151,20,2000,44,full
0.01,4,-1.7293944461085518,300,True,True,True,False,14.038647474228467,0.004658279865306657,20,2000,44,full
0.01,5,-1.7296579247202313,300,True,True,True,False,14.038550820953112,0.00465849889728323,20,2000,44,full
0.01,6,-1.729719196908467,300,True,True,True,False,14.03852437972115,0.004658541889232317,20,2000,44,full
0.01,7,-1.7309564332339014,300,True,True,True,False,14.362540145867928,0.00460470810718754,20,2000,44,full
0.01,8,-1.7294087327080094,300,True,True,True,False,14.038627086133713,0.004658288073901417,20,2000,44,full
0.01,9,-1.7294139454535562,300,True,True,True,False,14.038612017073996,0.004658290799807795,20,2000,44,full
0.001,0,-1.7294045255568202,300,True,True,True,False,14.038615602935154,0.004658286448840823,20,2000,44,full
0.001,1,-1.7307294603339116,300,True,True,True,False,14.038754239543486,0.004658500308188359,20,2000,44,full
0.001,2,-1.7293908465272798,300,True,True,True,False,14.038663604556142,0.004658276869039243,20,2000,44,full
0.001,3,-1.730481180329396,300,True,True,True,False,14.03979748271993,0.004658364283198257,20,2000,44,full
0.001,4,-1.7293945389464624,300,True,True,True,False,14.038647239995607,0.00465827991767492,20,2000,44,full
0.001,5,-1.7296366761432216,300,True,True,True,False,14.038561610806665,0.004658481258610811,20,2000,44,full
0.001,6,-1.729668568685886,300,True,True,True,False,14.038554926838081,0.004658507457864052,20,2000,44,full
0.001,7,-1.7309572526448016,300,True,True,True,False,14.378124973974941,0.004600676894100257,20,2000,44,full
0.001,8,-1.729408554884734,300,True,True,True,False,14.03862711658782,0.004658287949321494,20,2000,44,full
0.001,9,-1.7294136623614744,300,True,True,True,False,14.038612428657501,0.004658290666038451,20,2000,44,full
0.0001,0,-1.7294051724911463,300,True,True,True,False,14.03861451043594,0.004658286707895143,20,2000,44,full
0.0001,1,-1.7307285403135295,300,True,True,True,False,14.038756065436607,0.004658500334996101,20,2000,44,full
0.0001,2,-1.7293908418267006,300,True,True,True,True,14.038663573097013,0.004658276872592225,20,2000,44,full
0.0001,3,-1.7304812389456772,300,True,True,True,False,14.039796912116756,0.004658364070279725,20,2000,44,full
0.0001,4,-1.7293945485934705,300,True,True,True,False,14.03864721599165,0.004658279923096086,20,2000,44,full
0.0001,5,-1.7296345029769131,300,True,True,True,False,14.03856265574739,0.0046584794058055524,20,2000,44,full
0.0001,6,-1.729664530924859,300,True,True,True,False,14.038557490784527,0.0046585041697652756,20,2000,44,full
0.0001,7,-1.7309573402420109,300,True,True,True,False,14.379824100561384,0.00460023000673662,20,2000,44,full
0.0001,8,-1.7294085377315342,300,True,True,True,False,14.038627119279141,0.004658287937433851,20,2000,44,full
0.0001,9,-1.729413633792775,300,True,True,True,False,14.03861247026053,0.0046582906524250045,20,2000,44,full
0.01,0,-1.7235815249207291,300,True,True,True,False,13.992638372088777,0.004674280547495006,20,2000,45,full
0.01,1,-1.7235748685177743,300,True,True,True,False,13.992683209661037,0.0046742586849997875,20,2000,45,full
0.01,2,-1.5281057871348818,46,True,True,True,False,13.957837522943281,0.004712726208571967,20,2000,45,full
0.01,3,-1.7235786131320634,300,True,True,True,False,13.992693798139621,0.004674254680557676,20,2000,45,full
0.01,4,-1.7235745875705277,300,True,True,True,False,13.992656811185093,0.004674270475496535,20,2000,45,full
0.01,5,-1.723571811481384,300,True,True,True,False,13.992673856347729,0.004674262209560691,20,2000,45,full
0.01,6,-1.7250853154656103,300,True,True,True,False,13.992818666325707,0.0046745173055304946,20,2000,45,full
0.01,7,-1.7235723336454074,300,True,True,True,False,13.992652325717483,0.0046742730603864776,20,2000,45,full
0.01,8,-1.7235798907428133,300,True,True,True,False,13.992676441464003,0.004674259950100324,20,2000,45,full
0.01,9,-1.528105787046715,36,True,True,True,False,13.957837037568565,0.004712726620852297,20,2000,45,full
0.001,0,-1.7235811198013602,300,True,True,True,False,13.99263912129679,0.004674280136022724,20,2000,45,full
0.001,1,-1.7235747005647777,300,True,True,True,False,13.99268262802413,0.004674258918484661,20,2000,45,full
0.001,2,-1.723857338701798,300,True,True,True,False,13.99241169938281,0.004674448404470498,20,2000,45,full
0.001,3,-1.723578227629024,300,True,True,True,False,13.992692958759813,0.004674254965383667,20,2000,45,full
0.001,4,-1.7235744082350393,300,True,True,True,False,13.992658351636736,0.004674269654460771,20,2000,45,full
0.001,5,-1.723571785706672,300,True,True,True,False,13.992673703634127,0.004674262264910442,20,2000,45,full
0.001,6,-1.7250806893791752,300,True,True,True,False,13.992817782293322,0.0046745215507246595,20,2000,45,full
0.001,7,-1.723572392625479,300,True,True,True,False,13.992652014342841,0.004674273223062926,20,2000,45,full
0.001,8,-1.7235798831133267,300,True,True,True,False,13.99267713577185,0.004674259590889615,20,2000,45,full
0.001,9,-1.5281057870251835,37,True,True,True,True,13.957836907882136,0.004712726731007935,20,2000,45,full
0.0001,0,-1.723581079854486,300,True,True,True,False,13.992639196268579,0.0046742800948511645,20,2000,45,full
0.0001,1,-1.7235746839762651,300,True,True,True,False,13.992682569840415,0.004674258941872968,20,2000,45,full
0.0001,2,-1.723752300846437,300,True,True,True,False,13.992494325056366,0.00467437568139249,20,2000,45,full
0.0001,3,-1.7235781902354186,300,True,True,True,False,13.992692877100499,0.00467425499317869,20,2000,45,full
0.0001,4,-1.7235743972537443,300,True,True,True,False,13.992658487116923,0.004674269581571784,20,2000,45,full
0.0001,5,-1.7235717832387916,300,True,True,True,False,13.992673688252397,0.004674262270494615,20,2000,45,full
0.0001,6,-1.7250801613221003,300,True,True,True,False,13.992817523561929,0.004674522042845741,20,2000,45,full
0.0001,7,-1.7235723986261688,300,True,True,True,False,13.99265198327867,0.004674273239318419,20,2000,45,full
0.0001,8,-1.72357988229166,300,True,True,True,False,13.992677204594376,0.004674259555391109,20,2000,45,full
0.0001,9,-1.5281057870452663,37,True,True,True,False,13.957837029085384,0.004712726628058431,20,2000,45,full
0.01,0,-1.7252991258567842,300,True,True,True,False,13.978346783535258,0.004663199761343383,20,2000,46,full
0.01,1,-1.7265374257008017,300,True,True,True,False,13.978935062829878,0.004663438722557582,20,2000,46,full
0.01,2,-1.7253218700220332,300,True,True,True,False,13.978297041088819,0.004663234940849311,20,2000,46,full
0.01,3,-1.7253078899352927,300,True,True,True,False,13.978434302702258,0.0046631820432360745,20,2000,46,full
0.01,4,-1.725298339318025,300,True,True,True,True,13.978324962120302,0.004663211879956027,20,2000,46,full
0.01,5,-1.7270296608046196,300,True,True,True,False,14.323505804476264,0.004629221608480792,20,2000,46,full
0.01,6,-1.7253380746667415,300,True,True,True,False,13.97853302423203,0.004663173784012758,20,2000,46,full
0.01,7,-1.7253038768795235,300,True,True,True,False,13.978385859568702,0.0046631950776473054,20,2000,46,full
0.01,8,-1.7264985408512414,300,True,True,True,False,13.979376472510582,0.004663338029229127,20,2000,46,full
0.01,9,-1.726885829716952,300,True,True,True,False,13.978245990047434,0.00466353140604104,20,2000,46,full
0.001,0,-1.7252989534280276,300,True,True,True,False,13.978346928977599,0.004663199740988242,20,2000,46,full
0.001,1,-1.726534968285049,300,True,True,True,False,13.978928222300157,0.004663438038155805,20,2000,46,full
0.001,2,-1.7253224089640475,300,True,True,True,False,13.978290573202456,0.004663237459521259,20,2000,46,full
0.001,3,-1.7253084640209861,300,True,True,True,False,13.978437992172529,0.00466318127489668,20,2000,46,full
0.001,4,-1.7252986718198648,300,True,True,True,False,13.978321950957376,0.004663213271910924,20,2000,46,full
0.001,5,-1.7270301720192793,300,True,True,True,False,14.332807876290007,0.004627843012924458,20,2000,46,full
0.001,6,-1.7253375311045294,300,True,True,True,False,13.97853156567459,0.004663173819232876,20,2000,46,full
0.001,7,-1.725304217129826,300,True,True,True,False,13.97838858303262,0.004663194410688307,20,2000,46,full
0.001,8,-1.7264985365606147,300,True,True,True,False,13.979377043225693,0.00466333666360759,20,2000,46,full
0.001,9,-1.7268835537638398,300,True,True,True,False,13.978244013015424,0.004663531339916576,20,2000,46,full
0.0001,0,-1.7252989358229287,300,True,True,True,False,13.978346943575675,0.004663199739220702,20,2000,46,full
0.0001,1,-1.7265347440662153,300,True,True,True,False,13.978927674772855,0.004663437962185585,20,2000,46,full
0.0001,2,-1.7253224912008314,300,True,True,True,False,13.978289813177824,0.004663237764561824,20,2000,46,full
0.0001,3,-1.725308522451466,300,True,True,True,False,13.978438359936394,0.004663181199369073,20,2000,46,full
0.0001,4,-1.7252987091582648,300,True,True,True,False,13.978321634752811,0.004663213418905118,20,2000,46,full
0.0001,5,-1.7270302612915358,300,True,True,True,False,14.333720425255871,0.004627720299781893,20,2000,46,full
0.0001,6,-1.7253374786926783,300,True,True,True,False,13.97853142491317,0.004663173822679299,20,2000,46,full
0.0001,7,-1.7253042515506662,300,True,True,True,False,13.978388859073238,0.004663194343179135,20,2000,46,full
0.0001,8,-1.726498534734803,300,True,True,True,False,13.979377097860638,0.004663336510514826,20,2000,46,full
0.0001,9,-1.7268832848982663,300,True,True,True,False,13.978243749159,0.0046635313658915005,20,2000,46,full
0.01,0,-1.7122880976993222,300,True,True,True,False,14.049061599688788,0.00463937029040218,20,2000,47,full
0.01,1,-1.71112009743911,300,True,True,True,False,14.048976441547659,0.00463901446543982,20,2000,47,full
0.01,2,-1.7111494137781191,300,True,True,True,False,14.048810266298801,0.004639155811548797,20,2000,47,full
0.01,3,-1.7111081563538544,300,True,True,True,False,14.048960090369299,0.004639017762456498,20,2000,47,full
0.01,4,-1.5165287044298115,39,True,True,True,True,14.008823043888912,0.004680167682168235,20,2000,47,full
0.01,5,-1.7111940366470422,300,True,True,True,False,14.048714373269396,0.004639256093442866,20,2000,47,full
0.01,6,-1.7110978485214334,300,True,True,True,False,14.048973993865511,0.004639007003501383,20,2000,47,full
0.01,7,-1.7122059195438006,300,True,True,True,False,14.0495456020465,0.004639233654348469,20,2000,47,full
0.01,8,-1.6750952827179681,210,True,True,True,False,14.889377616954807,0.003436105654879152,20,2000,47,full
0.01,9,-1.7122655686642192,300,True,True,True,False,14.04870114535308,0.004639448110407306,20,2000,47,full
0.001,0,-1.7122837914782536,300,True,True,True,False,14.0490659369209,0.004639365952796826,20,2000,47,full
0.001,1,-1.7111193232109112,300,True,True,True,False,14.048974270315092,0.004639014646836189,20,2000,47,full
0.001,2,-1.711180837431973,300,True,True,True,False,14.04874202406522,0.004639222535797355,20,2000,47,full
0.001,3,-1.7111069156846104,300,True,True,True,False,14.048961578363063,0.004639016544527739,20,2000,47,full
0.001,4,-1.516528704489898,41,True,True,True,False,14.008823362197472,0.004680167428608,20,2000,47,full
0.001,5,-1.7111963488451016,300,True,True,True,False,14.048710032868392,0.004639259786128414,20,2000,47,full
0.001,6,-1.711097003734655,300,True,True,True,False,14.048970516926813,0.004639007698503641,20,2000,47,full
0.001,7,-1.7122050845184182,300,True,True,True,False,14.049554656149905,0.004639230673299606,20,2000,47,full
0.001,8,-1.6750952813067332,212,True,True,True,False,14.889346529107954,0.0034360829851984393,20,2000,47,full
0.001,9,-1.7122677445634635,300,True,True,True,False,14.048703123606455,0.004639449623893095,20,2000,47,full
0.0001,0,-1.7122833803082926,300,True,True,True,False,14.049066410835414,0.004639365531385517,20,2000,47,full
0.0001,1,-1.7111192546428946,300,True,True,True,False,14.048973990413101,0.0046390146937817095,20,2000,47,full
0.0001,2,-1.7111846612188966,300,True,True,True,False,14.04873420423048,0.0046392295974288745,20,2000,47,full
0.0001,3,-1.7111067962189634,300,True,True,True,False,14.048961732063036,0.004639016424262395,20,2000,47,full
0.0001,4,-1.516528704570832,41,True,True,True,False,14.008823748597568,0.0046801671207909075,20,2000,47,full
0.0001,5,-1.7111965799612219,300,True,True,True,False,14.048709600979416,0.004639260151983343,20,2000,47,full
0.0001,6,-1.7110969344100326,300,True,True,True,False,14.048970209046718,0.004639007761308169,20,2000,47,full
0.0001,7,-1.712204983360062,300,True,True,True,False,14.049555695587141,0.004639230331381106,20,2000,47,full
0.0001,8,-1.675095281572638,212,True,True,True,False,14.889352426204416,0.0034360872835037287,20,2000,47,full
0.0001,9,-1.7122679858232264,300,True,True,True,False,14.048703337831673,0.0046394497905385915,20,2000,47,full
0.01,0,-1.6988025153752813,300,True,True,True,False,14.227537679791432,0.004548807926492377,20,2000,48,full
0.01,1,-1.6987969208752836,300,True,True,True,False,14.227734279383297,0.004548703273163405,20,2000,48,full
0.01,2,-1.6987733309931201,300,True,True,True,False,14.227682134909834,0.004548699211808806,20,2000,48,full
0.01,3,-1.6988210091776441,300,True,True,True,False,14.227587109117842,0.004548824116108198,20,2000,48,full
0.01,4,-1.6988161517626588,300,True,True,True,False,14.227006675801253,0.004548968562767972,20,2000,48,full
0.01,5,-1.69879106246778,300,True,True,True,False,14.227672586314807,0.004548735458237627,20,2000,48,full
0.01,6,-1.5041492029372745,31,True,True,True,False,14.183229658255907,0.00458863476337918,20,2000,48,full
0.01,7,-1.7001867117179128,300,True,True,True,False,14.381075899598352,0.0045375137262684585,20,2000,48,full
0.01,8,-1.504149202952204,32,True,True,True,False,14.183229487687246,0.0045886348809424755,20,2000,48,full
0.01,9,-1.5041492032005894,42,True,True,True,False,14.183235210890976,0.004588630933465326,20,2000,48,full
0.001,0,-1.6988014733579195,300,True,True,True,False,14.227537277295825,0.00454880632539946,20,2000,48,full
0.001,1,-1.6987980368172655,300,True,True,True,False,14.22773649310629,0.004548702884679724,20,2000,48,full
0.001,2,-1.6987738162769812,300,True,True,True,False,14.227683718274365,0.004548699206863914,20,2000,48,full
0.001,3,-1.6988174725144902,300,True,True,True,False,14.227578090375472,0.0045488205294885965,20,2000,48,full
0.001,4,-1.6988148975583635,300,True,True,True,False,14.226999325749624,0.00454897036042489,20,2000,48,full
0.001,5,-1.698805287027664,300,True,True,True,False,14.227725823730532,0.004548721261462639,20,2000,48,full
0.001,6,-1.5041492029376964,31,True,True,True,False,14.183229653389855,0.004588634766734156,20,2000,48,full
0.001,7,-1.7001869501351914,300,True,True,True,False,14.381493312469344,0.004537553770188171,20,2000,48,full
0.001,8,-1.5041492029124008,33,True,True,True,True,14.183229987025989,0.004588634536645655,20,2000,48,full
0.001,9,-1.504149203225679,42,True,True,True,False,14.183235349322704,0.004588630837959235,20,2000,48,full
0.0001,0,-1.6988013724295252,300,True,True,True,False,14.227537254793397,0.004548806167266565,20,2000,48,full
0.0001,1,-1.698798157412349,300,True,True,True,False,14.227736725943911,0.004548702843593436,20,2000,48,full
0.0001,2,-1.6987738653891993,300,True,True,True,False,14.227683876930339,0.004548699206869738,20,2000,48,full
0.0001,3,-1.698817118113882,300,True,True,True,False,14.227577218807557,0.00454882017018692,20,2000,48,full
0.0001,4,-1.6988147763314814,300,True,True,True,False,14.226998584641981,0.004548970552444515,20,2000,48,full
0.0001,5,-1.6988087746923404,300,True,True,True,False,14.227732841960362,0.004548719557746691,20,2000,48,full
0.0001,6,-1.5041492029377117,31,True,True,True,False,14.183229652967562,0.004588634767025394,20,2000,48,full
0.0001,7,-1.7001869767399265,300,True,True,True,False,14.381539799828795,0.004537558431100961,20,2000,48,full
0.0001,8,-1.5041492029182675,33,True,True,True,False,14.183229903424365,0.004588634594298537,20,2000,48,full
0.0001,9,-1.504149203228901,42,True,True,True,False,14.183235366709338,0.004588630825964019,20,2000,48,full
0.01,0,-1.7025325470134685,300,True,True,True,False,14.184975883083135,0.004567059581835092,20,2000,49,full
0.01,1,-1.702475542183485,300,True,True,True,False,14.185286114870491,0.004566921675989413,20,2000,49,full
0.01,2,-1.7036107529300273,300,True,True,True,False,14.185025691561668,0.004567059360837959,20,2000,49,full
0.01,3,-1.7024747120367578,300,True,True,True,False,14.18529074338135,0.004566920374563074,20,2000,49,full
0.01,4,-1.7025566941003387,300,True,True,True,False,14.184911222415927,0.004567087128974782,20,2000,49,full
0.01,5,-1.5081085358375288,33,True,True,True,False,14.14887424531735,0.004609348161534291,20,2000,49,full
0.01,6,-1.5081085354066592,37,True,True,True,True,14.148870965532442,0.004609352825341915,20,2000,49,full
0.01,7,-1.703420642619541,300,True,True,True,False,14.184956569547385,0.00456709663736733,20,2000,49,full
0.01,8,-1.703587502614077,300,True,True,True,False,14.18462989490527,0.004567139532707991,20,2000,49,full
0.01,9,-1.7024189382506765,300,True,True,True,False,14.185566972825562,0.004566770667944496,20,2000,49,full
0.001,0,-1.7025319843676436,300,True,True,True,False,14.184977933973592,0.0045670584417418295,20,2000,49,full
0.001,1,-1.702476210381559,300,True,True,True,False,14.185280537194764,0.004566923888890392,20,2000,49,full
0.001,2,-1.7036056017948933,300,True,True,True,False,14.185013845835629,0.004567059853400627,20,2000,49,full
0.001,3,-1.7024752025745737,300,True,True,True,False,14.185286579349974,0.00456692203128894,20,2000,49,full
0.001,4,-1.7025562537808503,300,True,True,True,False,14.18491209593785,0.004567086852794198,20,2000,49,full
0.001,5,-1.5081085356710848,34,True,True,True,False,14.148873828744954,0.004609348754126046,20,2000,49,full
0.001,6,-1.5081085354944803,36,True,True,True,False,14.14887055630453,0.0046093534069692535,20,2000,49,full
0.001,7,-1.7034234021048906,300,True,True,True,False,14.184956711122595,0.004567097687347121,20,2000,49,full
0.001,8,-1.7035824495636436,300,True,True,True,False,14.184621957679072,0.004567141775029226,20,2000,49,full
0.001,9,-1.7024199095963017,300,True,True,True,False,14.185567508195627,0.004566767844907798,20,2000,49,full
0.0001,0,-1.702531930750265,300,True,True,True,False,14.184978130665046,0.004567058332588099,20,2000,49,full
0.0001,1,-1.7024762814229601,300,True,True,True,False,14.185279952986868,0.00456692412041439,20,2000,49,full
0.0001,2,-1.7036050877146423,300,True,True,True,False,14.185012673972745,0.004567059889771141,20,2000,49,full
0.0001,3,-1.7024752524496376,300,True,True,True,False,14.18528615882912,0.004566922198804853,20,2000,49,full
0.0001,4,-1.7025562048347946,300,True,True,True,False,14.18491219526419,0.004567086818328852,20,2000,49,full
0.0001,5,-1.5081085356872619,34,True,True,True,False,14.148873873121234,0.004609348691001923,20,2000,49,full
0.0001,6,-1.508108535476785,36,True,True,True,False,14.14887062818489,0.004609353304802269,20,2000,49,full
0.0001,7,-1.703423708707566,300,True,True,True,False,14.184956729663147,0.004567097802562176,20,2000,49,full
0.0001,8,-1.703581974075393,300,True,True,True,False,14.184621302964945,0.004567141949249012,20,2000,49,full
0.0001,9,-1.7024200165414498,300,True,True,True,False,14.185567572661892,0.00456676754013016,20,2000,49,full
0.01,0,-1.7089578025668626,300,True,True,True,False,13.882762398593735,0.004634818788283826,20,2000,50,full
0.01,1,-1.5148294268522198,36,True,True,True,True,13.84516008627653,0.004678761217244036,20,2000,50,full
0.01,2,-1.709048697488942,300,True,True,True,False,13.882560071880704,0.00463488349212026,20,2000,50,full
0.01,3,-1.7089912865256407,300,True,True,True,False,13.88264324149017,0.004634857912419232,20,2000,50,full
0.01,4,-1.7099037699731912,300,True,True,True,False,13.883326614409558,0.004634776618466169,20,2000,50,full
0.01,5,-1.7101678599327759,300,True,True,True,False,13.882891663964447,0.00463482696095599,20,2000,50,full
0.01,6,-1.7096639636523945,300,True,True,True,False,13.882825175953954,0.0046347935315672675,20,2000,50,full
0.01,7,-1.7090857016215946,300,True,True,True,False,13.882792275585565,0.004634635228914372,20,2000,50,full
0.01,8,-1.7089699680941197,300,True,True,True,False,13.882777673161776,0.00463489219806632,20,2000,50,full
0.01,9,-1.5148294270556002,36,True,True,True,False,13.845161851437828,0.0046787574659044075,20,2000,50,full
0.001,0,-1.7089577181946916,300,True,True,True,False,13.882761834530639,0.004634819099612678,20,2000,50,full
0.001,1,-1.5148294270789235,41,True,True,True,False,13.845161901352517,0.004678757359702028,20,2000,50,full
0.001,2,-1.7090474860125444,300,True,True,True,False,13.882561600719377,0.004634883101654748,20,2000,50,full
0.001,3,-1.7089872541931592,300,True,True,True,False,13.882650775666065,0.004634854916186128,20,2000,50,full
0.001,4,-1.709904393031532,300,True,True,True,False,13.883327569482676,0.004634776326628657,20,2000,50,full
0.001,5,-1.710163643721562,300,True,True,True,False,13.882910116868471,0.004634821693151061,20,2000,50,full
0.001,6,-1.7096452967353202,300,True,True,True,False,13.882820938380727,0.004634781681137046,20,2000,50,full
0.001,7,-1.7090722809883372,300,True,True,True,False,13.88280168099835,0.004634645140382592,20,2000,50,full
0.001,8,-1.7089608522105915,300,True,True,True,False,13.88277252690721,0.004634904824750182,20,2000,50,full
0.001,9,-1.514829427221036,36,True,True,True,False,13.84516216984133,0.004678756788141463,20,2000,50,full
0.0001,0,-1.7089577101050821,300,True,True,True,False,13.882761773440137,0.004634819132503877,20,2000,50,full
0.0001,1,-1.5148294272525757,40,True,True,True,False,13.845162223172995,0.004678756674635493,20,2000,50,full
0.0001,2,-1.709047352619614,300,True,True,True,False,13.882561768761276,0.00463488305675533,20,2000,50,full
0.0001,3,-1.7089869352580804,300,True,True,True,False,13.882651396625509,0.004634854674700323,20,2000,50,full
0.0001,4,-1.709904430741594,300,True,True,True,False,13.883327576165415,0.004634776303978748,20,2000,50,full
0.0001,5,-1.710163198867643,300,True,True,True,False,13.88291180750717,0.004634821209922094,20,2000,50,full
0.0001,6,-1.709643045563319,300,True,True,True,False,13.882820614545727,0.004634780242357077,20,2000,50,full
0.0001,7,-1.7090710019210398,300,True,True,True,False,13.882802568734832,0.0046346461509174045,20,2000,50,full
0.0001,8,-1.708960482991088,300,True,True,True,False,13.882772174610986,0.004634905311446844,20,2000,50,full
0.0001,9,-1.514829427245859,36,True,True,True,False,13.845162211927398,0.0046787566985292215,20,2000,50,full
0.01,0,-1.5069223320219067,24,True,True,True,False,13.857302070941024,0.0046465378686788485,20,2000,51,full
0.01,1,-1.7004201599408526,300,True,True,True,False,13.917649787558151,0.00459617308159624,20,2000,51,full
0.01,2,-1.7003397718904643,300,True,True,True,False,13.91719319358823,0.004596263601280747,20,2000,51,full
0.01,3,-1.5069223323479772,34,True,True,True,False,13.857307518129739,0.004646532025028928,20,2000,51,full
0.01,4,-1.5069223322437253,44,True,True,True,False,13.857307111332975,0.004646532461754641,20,2000,51,full
0.01,5,-1.7011870273768461,300,True,True,True,False,13.917272853249765,0.004596296994263062,20,2000,51,full
0.01,6,-1.7010059241874262,300,True,True,True,False,13.916773044754985,0.004596392978423578,20,2000,51,full
0.01,7,-1.7012700686663285,300,True,True,True,False,13.917272957425617,0.004596304583879564,20,2000,51,full
0.01,8,-1.7002346394632808,300,True,True,True,False,13.91741913761356,0.00459628644411173,20,2000,51,full
0.01,9,-1.700216567162736,300,True,True,True,False,13.917493033217541,0.004596283593229266,20,2000,51,full
0.001,0,-1.5069223319509708,25,True,True,True,True,13.857302610104316,0.0046465372910384104,20,2000,51,full
0.001,1,-1.7004202700770532,300,True,True,True,False,13.917647411066904,0.0045961731551997925,20,2000,51,full
0.001,2,-1.7003426469773115,300,True,True,True,False,13.917183481854186,0.004596266640496184,20,2000,51,full
0.001,3,-1.5069223322988754,34,True,True,True,False,13.857307332790763,0.004646532224019766,20,2000,51,full
0.001,4,-1.506922332191967,44,True,True,True,False,13.857306887929738,0.004646532701589261,20,2000,51,full
0.001,5,-1.701187192593007,300,True,True,True,False,13.91727302216867,0.004596297019485897,20,2000,51,full
0.001,6,-1.700978834251378,300,True,True,True,False,13.91675830184319,0.004596390772557616,20,2000,51,full
0.001,7,-1.7012579028928128,300,True,True,True,False,13.917280337708485,0.004596305324000342,20,2000,51,full
0.001,8,-1.7002378384089352,300,True,True,True,False,13.917407160430841,0.004596288024364891,20,2000,51,full
0.001,9,-1.7002157376723603,300,True,True,True,False,13.917496895561985,0.004596282150421338,20,2000,51,full
0.0001,0,-1.5069223319631626,25,True,True,True,False,13.857302504150605,0.0046465374046480495,20,2000,51,full
0.0001,1,-1.7004202818251979,300,True,True,True,False,13.917647146405669,0.004596173169897829,20,2000,51,full
0.0001,2,-1.7003429079960803,300,True,True,True,False,13.917182563806112,0.004596266935844367,20,2000,51,full
0.0001,3,-1.5069223322950451,34,True,True,True,False,13.857307317917932,0.004646532239987671,20,2000,51,full
0.0001,4,-1.5069223321872411,44,True,True,True,False,13.857306866502816,0.004646532724591058,20,2000,51,full
0.0001,5,-1.70118721114433,300,True,True,True,False,13.917273041097534,0.0045962970223091945,20,2000,51,full
0.0001,6,-1.700975244467194,300,True,True,True,False,13.916757065319883,0.004596390374044359,20,2000,51,full
0.0001,7,-1.7012565645313065,300,True,True,True,False,13.917281198394994,0.004596305394575793,20,2000,51,full
0.0001,8,-1.7002381871901147,300,True,True,True,False,13.917406205570398,0.004596288249328275,20,2000,51,full
0.0001,9,-1.7002156765677683,300,True,True,True,False,13.917497200445737,0.004596282048905822,20,2000,51,full
0.01,0,-1.7228610174245191,300,True,True,True,False,14.028327546182995,0.004717695825887267,20,5000,42,full
0.01,1,-1.5313810813488071,60,True,True,True,False,13.953308199348417,0.004774826779312963,20,5000,42,full
0.01,2,-1.7219928895329037,300,True,True,True,False,14.028184817853242,0.004717673344351369,20,5000,42,full
0.01,3,-1.7228529328781372,300,True,True,True,False,14.028120304019447,0.004717691387526453,20,5000,42,full
0.01,4,-1.7219222296829795,300,True,True,True,False,14.028338577098033,0.004717635245666106,20,5000,42,full
0.01,5,-1.5313810812739266,59,True,True,True,True,13.95330376114452,0.004774830456479214,20,5000,42,full
0.01,6,-1.7219793284938152,300,True,True,True,False,14.028325842180925,0.0047176313160388235,20,5000,42,full
0.01,7,-1.7220247162486835,300,True,True,True,False,14.027955772341702,0.004717698095209861,20,5000,42,full
0.01,8,-1.7220371285780451,300,True,True,True,False,14.027935697982572,0.004717700975640471,20,5000,42,full
0.01,9,-1.721899644895778,300,True,True,True,False,14.02814209240975,0.0047176594011399085,20,5000,42,full
0.001,0,-1.72285741115082,300,True,True,True,False,14.028355303659774,0.004717694079144404,20,5000,42,full
0.001,1,-1.5313810814137014,53,True,True,True,False,13.95330899491969,0.004774826119985234,20,5000,42,full
0.001,2,-1.7220140119579643,300,True,True,True,False,14.028170697024327,0.004717678675656816,20,5000,42,full
0.001,3,-1.7228540613700352,300,True,True,True,False,14.028124678588716,0.004717690430132819,20,5000,42,full
0.001,4,-1.721921372966376,300,True,True,True,False,14.028339996242504,0.004717634987655237,20,5000,42,full
0.001,5,-1.531381081331179,58,True,True,True,False,13.953302655292303,0.004774831372466484,20,5000,42,full
0.001,6,-1.7219794208317238,300,True,True,True,False,14.028324086631752,0.004717631748733844,20,5000,42,full
0.001,7,-1.7220249521789226,300,True,True,True,False,14.027954344144202,0.00471769822252952,20,5000,42,full
0.001,8,-1.7220366292996705,300,True,True,True,False,14.027935904180168,0.004717700905061129,20,5000,42,full
0.001,9,-1.7218996362744434,300,True,True,True,False,14.028139727827195,0.0047176598132832506,20,5000,42,full
0.0001,0,-1.7228569516754741,300,True,True,True,False,14.028358505339257,0.004717693837258352,20,5000,42,full
0.0001,1,-1.531381081353273,53,True,True,True,False,13.953308260670838,0.004774826728493395,20,5000,42,full
0.0001,2,-1.7220162162961659,300,True,True,True,False,14.028168939350675,0.004717679209568715,20,5000,42,full
0.0001,3,-1.7228541773384936,300,True,True,True,False,14.028125138940432,0.004717690333669865,20,5000,42,full
0.0001,4,-1.721921297544719,300,True,True,True,False,14.028340120601142,0.004717634963512914,20,5000,42,full
0.0001,5,-1.5313810813250814,58,True,True,True,False,13.953302750629481,0.004774831293500918,20,5000,42,full
0.0001,6,-1.7219794374086486,300,True,True,True,False,14.028323893301057,0.004717631796068887,20,5000,42,full
0.0001,7,-1.7220249760846071,300,True,True,True,False,14.02795420028779,0.004717698235214746,20,5000,42,full
0.0001,8,-1.7220365764000711,300,True,True,True,False,14.02793593148931,0.004717700896831806,20,5000,42,full
0.0001,9,-1.721899660581878,300,True,True,True,False,14.028139409709633,0.004717659869055385,20,5000,42,full
0.01,0,-1.5286557681805168,41,True,True,True,False,14.142110254468934,0.0046999757337511374,20,5000,43,full
0.01,1,-1.7188137415993976,300,True,True,True,False,14.218149237085697,0.004643189092883086,20,5000,43,full
0.01,2,-1.7197616280760974,300,True,True,True,False,14.217825073491976,0.0046432430683222324,20,5000,43,full
0.01,3,-1.7188799762042766,300,True,True,True,False,14.21804365466237,0.0046432118013363935,20,5000,43,full
0.01,4,-1.7197174050498094,300,True,True,True,False,14.2180445386375,0.004643268897322855,20,5000,43,full
0.01,5,-1.7190166881042268,300,True,True,True,False,14.217637399205312,0.0046432559389710856,20,5000,43,full
0.01,6,-1.7188550636216242,300,True,True,True,False,14.218101730159272,0.00464320282143426,20,5000,43,full
0.01,7,-1.7190036901014327,300,True,True,True,False,14.217768009380674,0.004643257509349706,20,5000,43,full
0.01,8,-1.7188806981790863,300,True,True,True,False,14.217849159595927,0.004643215344145377,20,5000,43,full
0.01,9,-1.7190148151259612,300,True,True,True,False,14.217652319715759,0.004643253931216123,20,5000,43,full
0.001,0,-1.5286557681705304,41,True,True,True,False,14.142110103217199,0.004699975850816876,20,5000,43,full
0.001,1,-1.7188157796286894,300,True,True,True,False,14.218151785398698,0.00464318952755523,20,5000,43,full
0.001,2,-1.7197629645179675,300,True,True,True,False,14.217827652184074,0.004643242073576922,20,5000,43,full
0.001,3,-1.7188857752524547,300,True,True,True,False,14.218022899300491,0.004643216583753866,20,5000,43,full
0.001,4,-1.7197177772567118,300,True,True,True,False,14.218039581564923,0.004643269483162995,20,5000,43,full
0.001,5,-1.7190165695547661,300,True,True,True,False,14.217637843144521,0.004643255902927143,20,5000,43,full
0.001,6,-1.7188653439317134,300,True,True,True,False,14.218084854890687,0.004643207779804947,20,5000,43,full
0.001,7,-1.7190138621637656,300,True,True,True,False,14.217737221364093,0.004643261431202814,20,5000,43,full
0.001,8,-1.7188835165031402,300,True,True,True,False,14.217825247915435,0.004643219525451553,20,5000,43,full
0.001,9,-1.71901478893972,300,True,True,True,False,14.217652208100077,0.004643253952311167,20,5000,43,full
0.0001,0,-1.5286557681701598,41,True,True,True,True,14.14211009761692,0.0046999758551509365,20,5000,43,full
0.0001,1,-1.71881601812671,300,True,True,True,False,14.218152025041848,0.004643189582211707,20,5000,43,full
0.0001,2,-1.7197631057185179,300,True,True,True,False,14.217827921127656,0.004643241969080505,20,5000,43,full
0.0001,3,-1.7188864592201403,300,True,True,True,False,14.218020499597067,0.004643217119098855,20,5000,43,full
0.0001,4,-1.7197178153476655,300,True,True,True,False,14.218039062931956,0.004643269539375586,20,5000,43,full
0.0001,5,-1.7190165531644979,300,True,True,True,False,14.217637896304666,0.0046432558975656,20,5000,43,full
0.0001,6,-1.7188665907247844,300,True,True,True,False,14.218082636500135,0.0046432083878593525,20,5000,43,full
0.0001,7,-1.7190148556542473,300,True,True,True,False,14.217734191038259,0.004643261805894345,20,5000,43,full
0.0001,8,-1.718883881326393,300,True,True,True,False,14.217822566893155,0.0046432200002318805,20,5000,43,full
0.0001,9,-1.7190147851305233,300,True,True,True,False,14.21765219856957,0.004643253954073095,20,5000,43,full
0.01,0,-1.7260557349135142,300,True,True,True,False,14.078156063383679,0.0046638237756780766,20,5000,44,full
0.01,1,-1.5338034181029032,37,True,True,True,True,13.997908964322518,0.004720980475164145,20,5000,44,full
0.01,2,-1.7260580955017226,300,True,True,True,False,14.078130038325376,0.00466381789228403,20,5000,44,full
0.01,3,-1.7270513222469186,300,True,True,True,False,14.07798219407346,0.0046639071524971955,20,5000,44,full
0.01,4,-1.7260584068671971,300,True,True,True,False,14.07813230456892,0.004663827401258173,20,5000,44,full
0.01,5,-1.7262363942569163,300,True,True,True,False,14.0777407661664,0.004663882246775663,20,5000,44,full
0.01,6,-1.726261423784085,300,True,True,True,False,14.077827926612173,0.0046638609514460996,20,5000,44,full
0.01,7,-1.7271599827867479,300,True,True,True,False,14.094242882790395,0.004657152695695976,20,5000,44,full
0.01,8,-1.7262905847923447,300,True,True,True,False,14.077681492425478,0.004663887527515788,20,5000,44,full
0.01,9,-1.7260848626596734,300,True,True,True,False,14.07804622890753,0.004663829792466796,20,5000,44,full
0.001,0,-1.7260596097033192,300,True,True,True,False,14.078141354688102,0.004663826668410497,20,5000,44,full
0.001,1,-1.5338034181661202,36,True,True,True,False,13.997907605228917,0.004720981489839469,20,5000,44,full
0.001,2,-1.7260596030246456,300,True,True,True,False,14.078120875160074,0.0046638184614227005,20,5000,44,full
0.001,3,-1.7270522678720812,300,True,True,True,False,14.077949010353048,0.004663904254588084,20,5000,44,full
0.001,4,-1.7260578712196817,300,True,True,True,False,14.07813416136613,0.00466382704306642,20,5000,44,full
0.001,5,-1.726236118807093,300,True,True,True,False,14.077740836027916,0.004663882195261033,20,5000,44,full
0.001,6,-1.7262633617474834,300,True,True,True,False,14.077824555053104,0.004663861439653694,20,5000,44,full
0.001,7,-1.690939274668715,283,True,True,True,False,14.621293592249845,0.0033340234041230343,20,5000,44,full
0.001,8,-1.7262858766317752,300,True,True,True,False,14.077677262719147,0.0046638880467676745,20,5000,44,full
0.001,9,-1.7260858793482738,300,True,True,True,False,14.078045862002968,0.004663830172609788,20,5000,44,full
0.0001,0,-1.7260600857429995,300,True,True,True,False,14.078139446837826,0.004663827034710209,20,5000,44,full
0.0001,1,-1.5338034181627853,36,True,True,True,False,13.99790766283801,0.004720981446831029,20,5000,44,full
0.0001,2,-1.7260598035886345,300,True,True,True,False,14.078119676281263,0.004663818530599978,20,5000,44,full
0.0001,3,-1.7270522749441999,300,True,True,True,False,14.077945612919823,0.0046639038532899305,20,5000,44,full
0.0001,4,-1.7260578191137381,300,True,True,True,False,14.078134351951045,0.00466382700677363,20,5000,44,full
0.0001,5,-1.7262360883273151,300,True,True,True,False,14.077740845776958,0.004663882189732422,20,5000,44,full
0.0001,6,-1.7262635597275253,300,True,True,True,False,14.077824209732565,0.0046638614895702,20,5000,44,full
0.0001,7,-1.6909392754274575,270,True,True,True,False,14.621291783771639,0.00333403801839444,20,5000,44,full
0.0001,8,-1.7262854636911695,300,True,True,True,False,14.077676950413618,0.004663888082702435,20,5000,44,full
0.0001,9,-1.7260859848853698,300,True,True,True,False,14.07804582320493,0.004663830211836726,20,5000,44,full
0.01,0,-1.5293892851097515,34,True,True,True,False,13.945416767998788,0.004737373507910675,20,5000,45,full
0.01,1,-1.721371682119936,300,True,True,True,False,14.026159389041748,0.004680360812121949,20,5000,45,full
0.01,2,-1.7222027540382867,300,True,True,True,False,14.026461604529567,0.0046803984829067976,20,5000,45,full
0.01,3,-1.7212646856473837,300,True,True,True,False,14.02616222449698,0.004680364986119161,20,5000,45,full
0.01,4,-1.7211942876961186,300,True,True,True,False,14.02643535392176,0.004680331464831525,20,5000,45,full
0.01,5,-1.7213796616598074,300,True,True,True,False,14.026147465136617,0.004680362707562586,20,5000,45,full
0.01,6,-1.7213990610670242,300,True,True,True,False,14.025965128501767,0.004680393630160589,20,5000,45,full
0.01,7,-1.721180183587332,300,True,True,True,False,14.026451308242686,0.004680335235551825,20,5000,45,full
0.01,8,-1.7211888981237118,300,True,True,True,False,14.02630815095053,0.004680342070280351,20,5000,45,full
0.01,9,-1.5293892850459618,33,True,True,True,True,13.945410247251099,0.0047373784889747144,20,5000,45,full
0.001,0,-1.529389285054849,34,True,True,True,False,13.9454158885539,0.0047373741799146265,20,5000,45,full
0.001,1,-1.7213774522133838,300,True,True,True,False,14.026152124611501,0.004680361974764047,20,5000,45,full
0.001,2,-1.7222032396840032,300,True,True,True,False,14.026456662639006,0.004680398837452949,20,5000,45,full
0.001,3,-1.721268209052883,300,True,True,True,False,14.026155876545257,0.004680366158260391,20,5000,45,full
0.001,4,-1.7211925892466202,300,True,True,True,False,14.026437822112069,0.0046803310924916465,20,5000,45,full
0.001,5,-1.7213800141910232,300,True,True,True,False,14.026145976061846,0.004680362909841674,20,5000,45,full
0.001,6,-1.7213985638927234,300,True,True,True,False,14.025964568128447,0.00468039376856104,20,5000,45,full
0.001,7,-1.7211821364209143,300,True,True,True,False,14.026448063082395,0.004680336227335853,20,5000,45,full
0.001,8,-1.7211905669247303,300,True,True,True,False,14.026305602107852,0.0046803426175365806,20,5000,45,full
0.001,9,-1.5293892850731232,33,True,True,True,False,13.94540975936265,0.00473737886139814,20,5000,45,full
0.0001,0,-1.5293892850512114,34,True,True,True,False,13.945415821634814,0.004737374231052416,20,5000,45,full
0.0001,1,-1.7213779650715404,300,True,True,True,False,14.026151456916025,0.004680362081772864,20,5000,45,full
0.0001,2,-1.722203290746327,300,True,True,True,False,14.026456110585313,0.004680398867637891,20,5000,45,full
0.0001,3,-1.7212685485335906,300,True,True,True,False,14.026155265394022,0.0046803662715439905,20,5000,45,full
0.0001,4,-1.7211924425608045,300,True,True,True,False,14.026438028941246,0.004680331065801218,20,5000,45,full
0.0001,5,-1.7213800483583024,300,True,True,True,False,14.026145827821983,0.004680362929924713,20,5000,45,full
0.0001,6,-1.7213985119113357,300,True,True,True,False,14.025964516558808,0.004680393781652579,20,5000,45,full
0.0001,7,-1.7211823620309121,300,True,True,True,False,14.026447678759258,0.004680336339416922,20,5000,45,full
0.0001,8,-1.7211907456252522,300,True,True,True,False,14.026305327132599,0.004680342675609351,20,5000,45,full
0.0001,9,-1.5293892850772792,33,True,True,True,False,13.945409691092433,0.004737378913510727,20,5000,45,full
0.01,0,-1.7196630023480168,300,True,True,True,False,13.980795492870541,0.0047057898465591285,20,5000,46,full
0.01,1,-1.7205641517290133,300,True,True,True,False,13.980773491336546,0.004705811822401362,20,5000,46,full
0.01,2,-1.7196697153849434,300,True,True,True,False,13.980743902407985,0.004705798184793847,20,5000,46,full
0.01,3,-1.7195939819440529,300,True,True,True,False,13.980921613639092,0.004705779620335526,20,5000,46,full
0.01,4,-1.7196853633664453,300,True,True,True,False,13.98084744514919,0.004705785402208892,20,5000,46,full
0.01,5,-1.528289676349287,34,True,True,True,False,13.895214320410682,0.00476409129936549,20,5000,46,full
0.01,6,-1.7196940836761816,300,True,True,True,False,13.980811161910541,0.004705792162792545,20,5000,46,full
0.01,7,-1.7196798854340525,300,True,True,True,False,13.980760231234878,0.004705797404282531,20,5000,46,full
0.01,8,-1.5282896763120575,37,True,True,True,False,13.895213731408708,0.004764091731354361,20,5000,46,full
0.01,9,-1.5282896762620963,36,True,True,True,True,13.895208129749188,0.004764095838531542,20,5000,46,full
0.001,0,-1.7196654149064792,300,True,True,True,False,13.980789770393717,0.004705791015626402,20,5000,46,full
0.001,1,-1.7205623618402766,300,True,True,True,False,13.9807714240955,0.004705809183226163,20,5000,46,full
0.001,2,-1.7196719499440818,300,True,True,True,False,13.980737996184345,0.004705799441046754,20,5000,46,full
0.001,3,-1.7196130332840376,300,True,True,True,False,13.980878107769664,0.004705796463084038,20,5000,46,full
0.001,4,-1.7196851308998837,300,True,True,True,False,13.980846021501776,0.004705785579520628,20,5000,46,full
0.001,5,-1.5282896763663723,35,True,True,True,False,13.89521456362752,0.004764091120976132,20,5000,46,full
0.001,6,-1.7196940821936646,300,True,True,True,False,13.980810538031426,0.004705792252776195,20,5000,46,full
0.001,7,-1.719680101027853,300,True,True,True,False,13.980760345720752,0.004705797418559658,20,5000,46,full
0.001,8,-1.528289676288036,37,True,True,True,False,13.895213288754892,0.004764092055995401,20,5000,46,full
0.001,9,-1.5282896762920282,34,True,True,True,False,13.895207479722021,0.004764096313963348,20,5000,46,full
0.0001,0,-1.7196656566381456,300,True,True,True,False,13.980789210309807,0.004705791130825107,20,5000,46,full
0.0001,1,-1.7205620811944877,300,True,True,True,False,13.980771299463697,0.004705808991796709,20,5000,46,full
0.0001,2,-1.719672174805559,300,True,True,True,False,13.980737420330478,0.004705799564538614,20,5000,46,full
0.0001,3,-1.7196140899457837,300,True,True,True,False,13.98087515858555,0.004705797044774115,20,5000,46,full
0.0001,4,-1.719685103716774,300,True,True,True,False,13.980845895513173,0.004705785594341096,20,5000,46,full
0.0001,5,-1.528289676388004,35,True,True,True,False,13.895214850987571,0.004764090910206254,20,5000,46,full
0.0001,6,-1.719694081714243,300,True,True,True,False,13.980810474400633,0.004705792261894036,20,5000,46,full
0.0001,7,-1.71968012184839,300,True,True,True,False,13.980760360065291,0.004705797419443629,20,5000,46,full
0.0001,8,-1.5282896762860727,37,True,True,True,False,13.895213250123742,0.00476409208432639,20,5000,46,full
0.0001,9,-1.528289676267847,34,True,True,True,False,13.895207993379053,0.004764095937451168,20,5000,46,full
0.01,0,-1.6818779494779594,182,True,True,True,False,14.64293581292547,0.003446570179004345,20,5000,47,full
0.01,1,-1.7175994704795938,300,True,True,True,False,14.00425013374817,0.004684183094800001,20,5000,47,full
0.01,2,-1.7174695257727184,300,True,True,True,False,14.004510624036943,0.004684156073928386,20,5000,47,full
0.01,3,-1.7174894862304544,300,True,True,True,False,14.004490623631094,0.004684155931396107,20,5000,47,full
0.01,4,-1.526488900557705,25,True,True,True,False,13.928460006331703,0.004738363869100211,20,5000,47,full
0.01,5,-1.7175616299279965,300,True,True,True,False,14.00429014541639,0.004684181464141839,20,5000,47,full
0.01,6,-1.717468928938671,300,True,True,True,False,14.004510066680883,0.004684156787471474,20,5000,47,full
0.01,7,-1.7184128012556334,300,True,True,True,False,14.004558779459957,0.0046841913664711675,20,5000,47,full
0.01,8,-1.718439904632674,300,True,True,True,False,14.004403099150805,0.004684178638281753,20,5000,47,full
0.01,9,-1.7184292584488197,300,True,True,True,False,14.00442089177054,0.004684159398836225,20,5000,47,full
0.001,0,-1.6818779491298306,187,True,True,True,False,14.642907803440488,0.003446556616056463,20,5000,47,full
0.001,1,-1.7175948234253071,300,True,True,True,False,14.004254716723752,0.004684182651733387,20,5000,47,full
0.001,2,-1.7174687495443361,300,True,True,True,False,14.00451498844869,0.004684155300693975,20,5000,47,full
0.001,3,-1.7174900054651552,300,True,True,True,False,14.004488074280165,0.004684156432064746,20,5000,47,full
0.001,4,-1.526488900518237,26,True,True,True,True,13.928460884316106,0.004738363274602917,20,5000,47,full
0.001,5,-1.7175619737255128,300,True,True,True,False,14.00428979352183,0.004684181496420639,20,5000,47,full
0.001,6,-1.7174686312130247,300,True,True,True,False,14.004512157548232,0.004684156389408802,20,5000,47,full
0.001,7,-1.718412080672197,300,True,True,True,False,14.004551445718848,0.004684190352710217,20,5000,47,full
0.001,8,-1.7184405683030224,300,True,True,True,False,14.004404024107805,0.004684177968043594,20,5000,47,full
0.001,9,-1.7184292649419493,300,True,True,True,False,14.0044217189883,0.004684159074497339,20,5000,47,full
0.0001,0,-1.6818779494721643,187,True,True,True,False,14.642931015501052,0.0034465672588196166,20,5000,47,full
0.0001,1,-1.7175943699788616,300,True,True,True,False,14.004255208299705,0.004684182598946747,20,5000,47,full
0.0001,2,-1.717468679020622,300,True,True,True,False,14.004515412543444,0.004684155225954677,20,5000,47,full
0.0001,3,-1.7174900509017055,300,True,True,True,False,14.004487845174891,0.004684156478271325,20,5000,47,full
0.0001,4,-1.5264889005222009,26,True,True,True,False,13.928460783583436,0.004738363342822578,20,5000,47,full
0.0001,5,-1.717562008048103,300,True,True,True,False,14.004289759635276,0.004684181499382556,20,5000,47,full
0.0001,6,-1.7174686011078537,300,True,True,True,False,14.00451237883857,0.004684156347090871,20,5000,47,full
0.0001,7,-1.718412009469251,300,True,True,True,False,14.004550657697868,0.004684190241770251,20,5000,47,full
0.0001,8,-1.718440638731966,300,True,True,True,False,14.004404117344144,0.0046841778986821915,20,5000,47,full
0.0001,9,-1.7184292660512133,300,True,True,True,False,14.004421805818557,0.004684159040178336,20,5000,47,full
0.01,0,-1.7183002544811583,300,True,True,True,False,14.061170793564427,0.004664821120886865,20,5000,48,full
0.01,1,-1.718318736962395,300,True,True,True,False,14.06107014887693,0.004664833058124508,20,5000,48,full
0.01,2,-1.7183302096922963,300,True,True,True,False,14.061028674265504,0.004664835031966773,20,5000,48,full
0.01,3,-1.5264997124638884,34,True,True,True,False,13.988197373454696,0.0047170047201479035,20,5000,48,full
0.01,4,-1.7183728755444114,300,True,True,True,False,14.06104110670363,0.004664823432493217,20,5000,48,full
0.01,5,-1.7183433077750596,300,True,True,True,False,14.06100266746502,0.004664835805713792,20,5000,48,full
0.01,6,-1.5264997125113746,29,True,True,True,False,13.988204767930533,0.004716999930827539,20,5000,48,full
0.01,7,-1.7193145922605193,300,True,True,True,False,14.27093399391276,0.004641920719817913,20,5000,48,full
0.01,8,-1.526499712504946,43,True,True,True,False,13.988204666646016,0.004716999996446765,20,5000,48,full
0.01,9,-1.7182918135970457,300,True,True,True,False,14.06133852865338,0.004664785423446161,20,5000,48,full
0.001,0,-1.7182995748096157,300,True,True,True,False,14.061169454691909,0.004664821447321863,20,5000,48,full
0.001,1,-1.7183186629739928,300,True,True,True,False,14.061070389337543,0.0046648330427443785,20,5000,48,full
0.001,2,-1.718330061141137,300,True,True,True,False,14.061029299481744,0.004664835046060228,20,5000,48,full
0.001,3,-1.5264997124816746,34,True,True,True,False,13.988197048525622,0.0047170049305571785,20,5000,48,full
0.001,4,-1.718371750422356,300,True,True,True,False,14.061039074568946,0.004664823945917204,20,5000,48,full
0.001,5,-1.718342952180367,300,True,True,True,False,14.061003127651826,0.004664835829719249,20,5000,48,full
0.001,6,-1.5264997125561817,29,True,True,True,False,13.988205408734048,0.004716999515690437,20,5000,48,full
0.001,7,-1.7193149205746308,300,True,True,True,False,14.27189018832797,0.004641928037130519,20,5000,48,full
0.001,8,-1.5264997125454816,43,True,True,True,False,13.988205263944936,0.0047169996094867,20,5000,48,full
0.001,9,-1.7182924989967292,300,True,True,True,False,14.061331432913542,0.0046647871666691855,20,5000,48,full
0.0001,0,-1.718299509341244,300,True,True,True,False,14.061169319410356,0.004664821480035581,20,5000,48,full
0.0001,1,-1.7183186572003908,300,True,True,True,False,14.061070407411414,0.004664833041565176,20,5000,48,full
0.0001,2,-1.7183300456004313,300,True,True,True,False,14.06102936416165,0.004664835047170375,20,5000,48,full
0.0001,3,-1.5264997124839887,34,True,True,True,False,13.988197007611065,0.0047170049570511305,20,5000,48,full
0.0001,4,-1.7183716394057227,300,True,True,True,False,14.061038875005583,0.0046648239963435366,20,5000,48,full
0.0001,5,-1.71834291662545,300,True,True,True,False,14.061003174520396,0.0046648358319986176,20,5000,48,full
0.0001,6,-1.5264997124485877,30,True,True,True,True,13.98820364524644,0.0047170006581174736,20,5000,48,full
0.0001,7,-1.7193149534341203,300,True,True,True,False,14.271989581451866,0.004641929096970917,20,5000,48,full
0.0001,8,-1.5264997125497988,43,True,True,True,False,13.988205324016732,0.004716999570569437,20,5000,48,full
0.0001,9,-1.7182925831918439,300,True,True,True,False,14.061330609186298,0.004664787370424512,20,5000,48,full
0.01,0,-1.7080051591663452,300,True,True,True,False,14.103762113153431,0.004649376489564862,20,5000,49,full
0.01,1,-1.7080131605769213,300,True,True,True,False,14.103768320983063,0.004649375192578285,20,5000,49,full
0.01,2,-1.7089993577767926,300,True,True,True,False,14.265805579783319,0.0046295100512324236,20,5000,49,full
0.01,3,-1.708008028983921,300,True,True,True,False,14.103749001832114,0.004649378306186139,20,5000,49,full
0.01,4,-1.7080116036449635,300,True,True,True,False,14.103783199840484,0.004649372875411583,20,5000,49,full
0.01,5,-1.5162565700144566,51,True,True,True,False,14.036444267395963,0.004701692810362396,20,5000,49,full
0.01,6,-1.5162565699109363,32,True,True,True,False,14.036438323174975,0.004701697101598791,20,5000,49,full
0.01,7,-1.7088793440897774,300,True,True,True,False,14.103667458170346,0.004649373866170814,20,5000,49,full
0.01,8,-1.7087585013805184,300,True,True,True,False,14.104671971071518,0.004649159916255417,20,5000,49,full
0.01,9,-1.7079890046694912,300,True,True,True,False,14.103985928805196,0.004649317830044198,20,5000,49,full
0.001,0,-1.708004965066448,300,True,True,True,False,14.103762561422819,0.0046493764243326526,20,5000,49,full
0.001,1,-1.7080130663838782,300,True,True,True,False,14.103768082988484,0.004649375239231593,20,5000,49,full
0.001,2,-1.7089997701882877,300,True,True,True,False,14.267780403451402,0.004629763574811988,20,5000,49,full
0.001,3,-1.7080080774789432,300,True,True,True,False,14.103749030875464,0.0046493783042451135,20,5000,49,full
0.001,4,-1.7080113138945319,300,True,True,True,False,14.103782378628893,0.0046493730323079515,20,5000,49,full
0.001,5,-1.516256570040298,54,True,True,True,False,14.036444593404195,0.004701692574953079,20,5000,49,full
0.001,6,-1.5162565699090398,32,True,True,True,False,14.036438368353187,0.004701697068991672,20,5000,49,full
0.001,7,-1.7088794020149787,300,True,True,True,False,14.103666718762017,0.004649373712755044,20,5000,49,full
0.001,8,-1.708711941635047,300,True,True,True,False,14.104676981080141,0.004649158308328067,20,5000,49,full
0.001,9,-1.7079916181836436,300,True,True,True,False,14.103983097898029,0.004649317022520414,20,5000,49,full
0.0001,0,-1.7080049465155196,300,True,True,True,False,14.103762604494216,0.004649376418053698,20,5000,49,full
0.0001,1,-1.7080130563613165,300,True,True,True,False,14.103768059868651,0.004649375243810986,20,5000,49,full
0.0001,2,-1.7089998164520668,300,True,True,True,False,14.268001783310128,0.004629795948364348,20,5000,49,full
0.0001,3,-1.7080080828866153,300,True,True,True,False,14.103749032911908,0.004649378304169853,20,5000,49,full
0.0001,4,-1.7080112842274502,300,True,True,True,False,14.103782296627498,0.004649373047954981,20,5000,49,full
0.0001,5,-1.5162565699623307,55,True,True,True,False,14.036443506648181,0.004701693359672117,20,5000,49,full
0.0001,6,-1.5162565699087112,32,True,True,True,True,14.036438374202325,0.004701697064769978,20,5000,49,full
0.0001,7,-1.7088794094999589,300,True,True,True,False,14.1036666434169,0.004649373696073289,20,5000,49,full
0.0001,8,-1.708704487649043,300,True,True,True,False,14.104676507695594,0.004649158463154542,20,5000,49,full
0.0001,9,-1.7079919940678985,300,True,True,True,False,14.1039826721771,0.004649316934233548,20,5000,49,full
0.01,0,-1.714911804110361,300,True,True,True,False,13.960425465429187,0.004682192405165878,20,5000,50,full
0.01,1,-1.7156933302400514,300,True,True,True,False,13.985642291335255,0.004659101382417772,20,5000,50,full
0.01,2,-1.7146714763261375,300,True,True,True,False,13.960291103125437,0.004682225713957508,20,5000,50,full
0.01,3,-1.7146953377376288,300,True,True,True,False,13.960278840579555,0.004682227087523559,20,5000,50,full
0.01,4,-1.522553575258373,42,True,True,True,False,13.905857141392762,0.004731007091843074,20,5000,50,full
0.01,5,-1.5225535752034438,37,True,True,True,False,13.905852661357855,0.004731010722021191,20,5000,50,full
0.01,6,-1.714837891489418,300,True,True,True,False,13.96037460560304,0.0046821995113507835,20,5000,50,full
0.01,7,-1.522553575258892,32,True,True,True,False,13.905851709017698,0.00473101149351861,20,5000,50,full
0.01,8,-1.7155103314586522,300,True,True,True,False,13.960219256081466,0.004682221641699056,20,5000,50,full
0.01,9,-1.5225535752524648,28,True,True,True,False,13.905857056507104,0.0047310071606376,20,5000,50,full
0.001,0,-1.7148160475743373,300,True,True,True,False,13.960386984457921,0.004682215354798021,20,5000,50,full
0.001,1,-1.67930270809679,300,True,True,True,False,14.808345956741084,0.0034395438820031144,20,5000,50,full
0.001,2,-1.714671421843516,300,True,True,True,False,13.960291041011624,0.004682225718401054,20,5000,50,full
0.001,3,-1.7146942292303793,300,True,True,True,False,13.960279230059877,0.004682227067988777,20,5000,50,full
0.001,4,-1.5225535752824961,43,True,True,True,False,13.905857463841013,0.00473100683049205,20,5000,50,full
0.001,5,-1.5225535752021027,36,True,True,True,False,13.905852689834504,0.004731010698906572,20,5000,50,full
0.001,6,-1.7148317266765338,300,True,True,True,False,13.960368833008559,0.00468220106177908,20,5000,50,full
0.001,7,-1.5225535751876513,33,True,True,True,True,13.905853045911599,0.004731010410499626,20,5000,50,full
0.001,8,-1.7153170322527855,300,True,True,True,False,13.960220564562105,0.0046822174618456665,20,5000,50,full
0.001,9,-1.5225535752347426,28,True,True,True,False,13.905856781656697,0.004731007383400213,20,5000,50,full
0.0001,0,-1.7148027369154955,300,True,True,True,False,13.960384718341672,0.0046822179709676455,20,5000,50,full
0.0001,1,-1.6793026314300288,300,True,True,True,False,14.808408165282989,0.0034394067679526207,20,5000,50,full
0.0001,2,-1.7146714158653613,300,True,True,True,False,13.9602910351121,0.004682225718795769,20,5000,50,full
0.0001,3,-1.7146938439383184,300,True,True,True,False,13.960279387919424,0.004682227061018823,20,5000,50,full
0.0001,4,-1.5225535752990835,43,True,True,True,False,13.905857668302696,0.0047310066647675,20,5000,50,full
0.0001,5,-1.5225535751951247,36,True,True,True,False,13.905852850139954,0.004731010569038404,20,5000,50,full
0.0001,6,-1.7148311354249686,300,True,True,True,False,13.96036823839673,0.0046822012163830265,20,5000,50,full
0.0001,7,-1.5225535751881223,33,True,True,True,False,13.905853034537362,0.004731010419714516,20,5000,50,full
0.0001,8,-1.7152513039532298,300,True,True,True,False,13.960232910870431,0.004682214983761181,20,5000,50,full
0.0001,9,-1.5225535752331714,28,True,True,True,False,13.905856755807072,0.004731007404350617,20,5000,50,full
0.01,0,-1.7192379958502972,300,True,True,True,False,13.972305158868561,0.0046816171336661735,20,5000,51,full
0.01,1,-1.7181896340630236,300,True,True,True,False,13.97237019923185,0.004681650167785379,20,5000,51,full
0.01,2,-1.7181813196147473,300,True,True,True,False,13.972411301791377,0.0046816395845025735,20,5000,51,full
0.01,3,-1.719104710282744,300,True,True,True,False,13.972682961165605,0.004681581045337026,20,5000,51,full
0.01,4,-1.7191859143599577,300,True,True,True,False,13.972448569822017,0.004681643380888066,20,5000,51,full
0.01,5,-1.5267204285526779,29,True,True,True,False,13.910294779831451,0.004730278558239262,20,5000,51,full
0.01,6,-1.7190351365022853,300,True,True,True,False,13.972852275908059,0.004681547876579569,20,5000,51,full
0.01,7,-1.7181795950682683,300,True,True,True,False,13.972425391400163,0.004681636379608224,20,5000,51,full
0.01,8,-1.5267204285087113,50,True,True,True,False,13.910294106497235,0.004730279053969161,20,5000,51,full
0.01,9,-1.7190405180219663,300,True,True,True,False,13.972501660574668,0.004681591164082408,20,5000,51,full
0.001,0,-1.7192386065426357,300,True,True,True,False,13.972301818516064,0.004681616342397361,20,5000,51,full
0.001,1,-1.7181897019264893,300,True,True,True,False,13.972370317848538,0.004681650138123115,20,5000,51,full
0.001,2,-1.7181820891017725,300,True,True,True,False,13.972409507433676,0.004681640003513092,20,5000,51,full
0.001,3,-1.719103961820695,300,True,True,True,False,13.972679211123408,0.00468158102689266,20,5000,51,full
0.001,4,-1.719186187720585,300,True,True,True,False,13.972448017715429,0.004681643090903043,20,5000,51,full
0.001,5,-1.5267204285034552,29,True,True,True,False,13.910294013915067,0.0047302791221086726,20,5000,51,full
0.001,6,-1.7190333876672008,300,True,True,True,False,13.972851653176182,0.004681548168160843,20,5000,51,full
0.001,7,-1.7181799442431052,300,True,True,True,False,13.972423804568077,0.004681636699193873,20,5000,51,full
0.001,8,-1.526720428550963,52,True,True,True,False,13.910294756993418,0.004730278575083475,20,5000,51,full
0.001,9,-1.7190430509725103,300,True,True,True,False,13.972508301096353,0.004681587899268064,20,5000,51,full
0.0001,0,-1.719238661489962,300,True,True,True,False,13.972301468722204,0.00468161625865087,20,5000,51,full
0.0001,1,-1.718189709072431,300,True,True,True,False,13.972370329869639,0.004681650135123801,20,5000,51,full
0.0001,2,-1.7181821688404202,300,True,True,True,False,13.972409326806416,0.004681640045725096,20,5000,51,full
0.0001,3,-1.7191038810076935,300,True,True,True,False,13.972678816410218,0.004681581025898971,20,5000,51,full
0.0001,4,-1.7191862169955971,300,True,True,True,False,13.972447953169961,0.004681643061047256,20,5000,51,full
0.0001,5,-1.5267204285001752,29,True,True,True,True,13.910293955694373,0.00473027916496982,20,5000,51,full
0.0001,6,-1.7190331845513036,300,True,True,True,False,13.972851616382101,0.0046815481994436255,20,5000,51,full
0.0001,7,-1.7181799810206997,300,True,True,True,False,13.972423644752524,0.004681636731661975,20,5000,51,full
0.0001,8,-1.5267204285938645,52,True,True,True,False,13.91029530555571,0.004730278171220475,20,5000,51,full
0.0001,9,-1.719043352268623,300,True,True,True,False,13.972508754266867,0.004681587614054661,20,5000,51,full
0.01,0,-1.7328303554038729,242,True,True,True,False,14.425566526896603,0.00460568258445199,20,500,42,full
0.01,1,-1.5381575693931617,39,True,True,True,False,14.28759236907424,0.00468312308794192,20,500,42,full
0.01,2,-1.7315945137515947,300,True,True,True,False,14.418756530721161,0.004606687166165944,20,500,42,full
0.01,3,-1.7333660523710692,300,True,True,True,False,14.422598082525287,0.004606144520927638,20,500,42,full
0.01,4,-1.7315945885498456,300,True,True,True,False,14.418759252976601,0.0046066871204163305,20,500,42,full
0.01,5,-1.5381575689646583,42,True,True,True,False,14.28759051841417,0.004683124373088366,20,500,42,full
0.01,6,-1.7316873662535415,259,True,True,True,False,19.110305476125294,0.004606625506994299,20,500,42,full
0.01,7,-1.7315929457572456,237,True,True,True,False,14.418757377846367,0.004606687246832201,20,500,42,full
0.01,8,-1.731592987554896,201,True,True,True,False,14.418765394206808,0.004606687198745699,20,500,42,full
0.01,9,-1.538157567103228,22,True,True,True,True,14.28757172144704,0.004683137393566301,20,500,42,full
0.001,0,-1.7328303299045884,209,True,True,True,False,14.42557465778946,0.0046056810427225646,20,500,42,full
0.001,1,-1.538157569245904,39,True,True,True,False,14.287591753966352,0.004683123515119198,20,500,42,full
0.001,2,-1.7315944567001167,300,True,True,True,False,14.4187568894007,0.004606687160717375,20,500,42,full
0.001,3,-1.7333668202254637,300,True,True,True,False,14.422587922387473,0.004606145622408558,20,500,42,full
0.001,4,-1.7315945128858927,300,True,True,True,False,14.418759590187356,0.004606687115191987,20,500,42,full
0.001,5,-1.5381575686310804,64,True,True,True,False,14.287588926956456,0.0046831254779265375,20,500,42,full
0.001,6,-1.7316873694043793,278,True,True,True,False,19.110194336967222,0.004606625515526345,20,500,42,full
0.001,7,-1.731592967146215,244,True,True,True,False,14.418758840128467,0.004606687210502964,20,500,42,full
0.001,8,-1.7315929814082105,202,True,True,True,False,14.418764649864853,0.004606687209641503,20,500,42,full
0.001,9,-1.5381575673723853,22,True,True,True,False,14.287566758878585,0.004683140828985793,20,500,42,full
0.0001,0,-1.7328303291648182,207,True,True,True,False,14.425575531311008,0.004605680874729835,20,500,42,full
0.0001,1,-1.5381575692432892,39,True,True,True,False,14.287591742913884,0.0046831235227948005,20,500,42,full
0.0001,2,-1.7315944510051795,300,True,True,True,False,14.418756925210104,0.004606687160175887,20,500,42,full
0.0001,3,-1.7333668853124604,300,True,True,True,False,14.422587123469711,0.004606145708809937,20,500,42,full
0.0001,4,-1.7315945054688553,300,True,True,True,False,14.418759622432365,0.004606687114698701,20,500,42,full
0.0001,5,-1.5381575692695513,71,True,True,True,False,14.287591854105164,0.004683123445560316,20,500,42,full
0.0001,6,-1.7316873685377934,279,True,True,True,False,19.110215964977876,0.004606625512722369,20,500,42,full
0.0001,7,-1.7315929658507543,245,True,True,True,False,14.418759139217995,0.004606687204273197,20,500,42,full
0.0001,8,-1.731592981553313,202,True,True,True,False,14.418764535158468,0.004606687212111408,20,500,42,full
0.0001,9,-1.5381575674278365,22,True,True,True,False,14.287566145779744,0.004683141253290247,20,500,42,full
0.01,0,-1.7099716226786603,270,True,True,True,False,15.849060792707656,0.003252066034353087,20,500,43,full
0.01,1,-1.7487498089492517,300,True,True,True,False,14.955144998152697,0.0044956440614220055,20,500,43,full
0.01,2,-1.5558943041453805,27,True,True,True,False,14.815598404949274,0.00456931388570315,20,500,43,full
0.01,3,-1.7481729966099435,180,True,True,True,False,14.954607985056295,0.004494948632692438,20,500,43,full
0.01,4,-1.7503072157333925,300,True,True,True,False,14.955371801081984,0.0044956485551564535,20,500,43,full
0.01,5,-1.7487877796705522,174,True,True,True,False,14.954810104894595,0.004495733063113927,20,500,43,full
0.01,6,-1.7496760358891086,300,True,True,True,False,14.955066597615142,0.004495636642366064,20,500,43,full
0.01,7,-1.749453249389547,300,True,True,True,False,14.955260991413478,0.004496115035985891,20,500,43,full
0.01,8,-1.5558943018247984,23,True,True,True,True,14.815578098775942,0.004569327017055655,20,500,43,full
0.01,9,-1.7488845966473219,300,True,True,True,False,14.954901439961656,0.004495654905618849,20,500,43,full
0.001,0,-1.7099716217254988,270,True,True,True,False,15.849135695768066,0.003252077262769156,20,500,43,full
0.001,1,-1.748755163361589,300,True,True,True,False,14.955116963225164,0.004495645726763176,20,500,43,full
0.001,2,-1.5558943036320982,27,True,True,True,False,14.81559603132352,0.004569315423221051,20,500,43,full
0.001,3,-1.7481730002245208,185,True,True,True,False,14.954607780110768,0.00449494867083459,20,500,43,full
0.001,4,-1.750367317434372,300,True,True,True,False,14.955518252803923,0.004495658598484861,20,500,43,full
0.001,5,-1.7487877744281268,177,True,True,True,False,14.954809844401424,0.004495733144707871,20,500,43,full
0.001,6,-1.749676227910869,300,True,True,True,False,14.955066781918855,0.004495636533896457,20,500,43,full
0.001,7,-1.74945248309538,300,True,True,True,False,14.955262115362906,0.004496112401596658,20,500,43,full
0.001,8,-1.5558943019195255,23,True,True,True,False,14.815574158318292,0.0045693295623908635,20,500,43,full
0.001,9,-1.7488822168364295,300,True,True,True,False,14.954901407142668,0.004495654918849702,20,500,43,full
0.0001,0,-1.7099716216258711,270,True,True,True,False,15.849139506079277,0.0032520776145269943,20,500,43,full
0.0001,1,-1.7487558634657332,300,True,True,True,False,14.955113683174899,0.004495645909485614,20,500,43,full
0.0001,2,-1.5558943036013915,27,True,True,True,False,14.81559587930242,0.004569315521677663,20,500,43,full
0.0001,3,-1.7481730003224112,186,True,True,True,False,14.954607774392626,0.0044949486719713565,20,500,43,full
0.0001,4,-1.7503749668825923,300,True,True,True,False,14.9555879324564,0.004495660135745005,20,500,43,full
0.0001,5,-1.7487877769348705,177,True,True,True,False,14.954809978996504,0.004495733102288779,20,500,43,full
0.0001,6,-1.7496762474007526,300,True,True,True,False,14.955066782259253,0.004495636526446957,20,500,43,full
0.0001,7,-1.7494524157057698,300,True,True,True,False,14.95526204295968,0.004496112114385522,20,500,43,full
0.0001,8,-1.5558943019432026,23,True,True,True,False,14.815573678893308,0.00456932987200534,20,500,43,full
0.0001,9,-1.7488819584341102,300,True,True,True,False,14.954901409086645,0.00449565491991884,20,500,43,full
0.01,0,-1.761292080714833,248,True,True,True,True,14.590987957119061,0.004533378667516642,20,500,44,full
0.01,1,-1.7622459124470258,300,True,True,True,False,14.591553411462032,0.004533304838085751,20,500,44,full
0.01,2,-1.7617808160493553,199,True,True,True,False,14.59001346269629,0.004533110738810952,20,500,44,full
0.01,3,-1.7623299228956064,300,True,True,True,False,14.591660132475386,0.004533366855635597,20,500,44,full
0.01,4,-1.761372156680321,300,True,True,True,False,14.593277632318454,0.004533214434422605,20,500,44,full
0.01,5,-1.7616754382959934,235,True,True,True,False,14.591027110490995,0.004533386939575693,20,500,44,full
0.01,6,-1.7612921361800182,255,True,True,True,False,14.591071565286214,0.0045333740002865995,20,500,44,full
0.01,7,-1.762243593470969,300,True,True,True,False,14.59153584668895,0.004533291825767071,20,500,44,full
0.01,8,-1.76129226929737,279,True,True,True,False,14.591043722300977,0.004533374439009892,20,500,44,full
0.01,9,-1.7613066018444405,267,True,True,True,False,14.592447715370579,0.004533274859256339,20,500,44,full
0.001,0,-1.7612923645872445,300,True,True,True,False,14.590991395596411,0.0045333791293537635,20,500,44,full
0.001,1,-1.7622458490352317,300,True,True,True,False,14.59155324496446,0.004533304708151118,20,500,44,full
0.001,2,-1.761780814140405,194,True,True,True,False,14.59001395719619,0.004533111090907802,20,500,44,full
0.001,3,-1.7623316336449384,300,True,True,True,False,14.59166204191463,0.004533368939308878,20,500,44,full
0.001,4,-1.7618249653221123,300,True,True,True,False,14.593113591218351,0.004533191076031946,20,500,44,full
0.001,5,-1.7613144914985497,300,True,True,True,False,14.591046411731583,0.0045333631798353995,20,500,44,full
0.001,6,-1.7612921355948599,258,True,True,True,False,14.591070810592239,0.004533374009381782,20,500,44,full
0.001,7,-1.762244495147486,300,True,True,True,False,14.591529820215703,0.004533286575326264,20,500,44,full
0.001,8,-1.7612922663270234,277,True,True,True,False,14.591043696390466,0.0045333744450188306,20,500,44,full
0.001,9,-1.761306598621478,272,True,True,True,False,14.592447039269173,0.004533274904064478,20,500,44,full
0.0001,0,-1.7612924779407528,300,True,True,True,False,14.5909883897895,0.004533379347146141,20,500,44,full
0.0001,1,-1.7622458425904384,300,True,True,True,False,14.591553227587633,0.00453330469493297,20,500,44,full
0.0001,2,-1.7617808146637897,193,True,True,True,False,14.590014049143795,0.004533111168479993,20,500,44,full
0.0001,3,-1.7623318675465323,300,True,True,True,False,14.591662268502478,0.004533369205744205,20,500,44,full
0.0001,4,-1.7618242469612566,300,True,True,True,False,14.593114419224053,0.004533191411279011,20,500,44,full
0.0001,5,-1.7613117012228838,300,True,True,True,False,14.59104282902583,0.00453336422624419,20,500,44,full
0.0001,6,-1.7612921385288773,258,True,True,True,False,14.591070905795965,0.004533374001266702,20,500,44,full
0.0001,7,-1.7622446969506702,300,True,True,True,False,14.591528965056163,0.004533285775755845,20,500,44,full
0.0001,8,-1.7612922640097255,277,True,True,True,False,14.591043663552943,0.00453337444948467,20,500,44,full
0.0001,9,-1.7613066026687436,272,True,True,True,False,14.592447604274705,0.004533274864026278,20,500,44,full
0.01,0,-1.7679170738010612,300,True,True,True,False,14.432501217627888,0.004552042490649584,20,500,45,full
0.01,1,-1.7670125471146658,256,True,True,True,False,14.430681741832496,0.0045520867502589915,20,500,45,full
0.01,2,-1.5758470299769525,38,True,True,True,False,14.307055758055622,0.004624841504219104,20,500,45,full
0.01,3,-1.767013437048714,300,True,True,True,False,14.430728722772997,0.0045520817363030675,20,500,45,full
0.01,4,-1.7670125225033793,231,True,True,True,False,14.430718990913267,0.004552086362601824,20,500,45,full
0.01,5,-1.7670858272190297,237,True,True,True,False,14.433112955427019,0.0045519445470585404,20,500,45,full
0.01,6,-1.5758470298442722,24,True,True,True,False,14.30705730253114,0.004624840563310718,20,500,45,full
0.01,7,-1.767459728824954,300,True,True,True,False,14.429530119617581,0.0045523333737866895,20,500,45,full
0.01,8,-1.7670137806231665,300,True,True,True,False,14.430733599813571,0.004552081119966566,20,500,45,full
0.01,9,-1.5758470313632362,36,True,True,True,False,14.307078017580901,0.00462482798132815,20,500,45,full
0.001,0,-1.7679173715959415,300,True,True,True,False,14.432501186665176,0.004552042713133345,20,500,45,full
0.001,1,-1.7670124979332003,248,True,True,True,False,14.430688576553758,0.004552086995457904,20,500,45,full
0.001,2,-1.5758470299736225,38,True,True,True,False,14.3070557916232,0.004624841483846148,20,500,45,full
0.001,3,-1.7670134284919794,300,True,True,True,False,14.430728516414563,0.00455208174556646,20,500,45,full
0.001,4,-1.7670125709682376,224,True,True,True,False,14.43072222356065,0.004552085974891198,20,500,45,full
0.001,5,-1.767017532923055,300,True,True,True,False,14.430630404148971,0.004552085454953872,20,500,45,full
0.001,6,-1.57584702967858,25,True,True,True,True,14.307060253480783,0.004624838774163629,20,500,45,full
0.001,7,-1.7674580399959872,300,True,True,True,False,14.429527731574058,0.00455233216910716,20,500,45,full
0.001,8,-1.7670137592976685,300,True,True,True,False,14.430733121704515,0.004552081141459027,20,500,45,full
0.001,9,-1.5758470313606823,36,True,True,True,False,14.307078006070551,0.004624827988328494,20,500,45,full
0.0001,0,-1.767917402602465,300,True,True,True,False,14.432501183189737,0.004552042736245358,20,500,45,full
0.0001,1,-1.7670124898115045,248,True,True,True,False,14.43068898152925,0.004552086981755527,20,500,45,full
0.0001,2,-1.575847029973326,38,True,True,True,False,14.307055794627704,0.004624841482023005,20,500,45,full
0.0001,3,-1.7670134280235827,300,True,True,True,False,14.430728499130431,0.0045520817455506355,20,500,45,full
0.0001,4,-1.7670125813178412,223,True,True,True,False,14.430722778949322,0.00455208595120726,20,500,45,full
0.0001,5,-1.7670139802193396,300,True,True,True,False,14.430647882852051,0.004552085866922517,20,500,45,full
0.0001,6,-1.5758470296894835,25,True,True,True,False,14.307059951613581,0.004624838957414379,20,500,45,full
0.0001,7,-1.767457885284949,300,True,True,True,False,14.42952752136031,0.004552332064435137,20,500,45,full
0.0001,8,-1.7670137580975247,300,True,True,True,False,14.430733080709032,0.004552081141525012,20,500,45,full
0.0001,9,-1.5758470313620143,36,True,True,True,False,14.307078012079831,0.004624827984673802,20,500,45,full
0.01,0,-1.7711550106176905,300,True,True,True,False,14.270383950495019,0.004561645537958756,20,500,46,full
0.01,1,-1.7718873607361683,108,True,True,True,False,14.27068435297897,0.004561593247193421,20,500,46,full
0.01,2,-1.77118263713634,300,True,True,True,False,14.274663773873685,0.004560521028027723,20,500,46,full
0.01,3,-1.7706751765309874,300,True,True,True,False,14.270608320958797,0.00456162278043762,20,500,46,full
0.01,4,-1.7712072129911862,151,True,True,True,False,14.272155452450104,0.0045614105499308935,20,500,46,full
0.01,5,-1.7718822139991455,300,True,True,True,False,14.27067062945313,0.004561607074256675,20,500,46,full
0.01,6,-1.7706818293103082,300,True,True,True,False,14.27069901210287,0.004561619011036581,20,500,46,full
0.01,7,-1.7711575903589873,300,True,True,True,False,14.274764552534128,0.0045604736629351215,20,500,46,full
0.01,8,-1.5791925937262106,30,True,True,True,True,14.147681712334855,0.004636727240180198,20,500,46,full
0.01,9,-1.5791925954937185,37,True,True,True,False,14.147696677324554,0.004636717107415592,20,500,46,full
0.001,0,-1.7711514469269685,300,True,True,True,False,14.270358703422028,0.004561647019728399,20,500,46,full
0.001,1,-1.7718873583112436,130,True,True,True,False,14.270684362369328,0.004561593310989878,20,500,46,full
0.001,2,-1.7711948154209818,300,True,True,True,False,14.274600689473878,0.004560548883025968,20,500,46,full
0.001,3,-1.770675229806712,300,True,True,True,False,14.27060915750776,0.004561622747265432,20,500,46,full
0.001,4,-1.7712075824204712,146,True,True,True,False,14.272230568822188,0.004561404206007675,20,500,46,full
0.001,5,-1.7718855235335096,300,True,True,True,False,14.270680566767716,0.004561602503620478,20,500,46,full
0.001,6,-1.770681582497327,300,True,True,True,False,14.270695880697906,0.00456161914527444,20,500,46,full
0.001,7,-1.771162852764094,300,True,True,True,False,14.274751902064418,0.004560479886499353,20,500,46,full
0.001,8,-1.579192593727139,30,True,True,True,False,14.147681693686765,0.004636727252767753,20,500,46,full
0.001,9,-1.579192596019071,37,True,True,True,False,14.147698411389614,0.004636715930667472,20,500,46,full
0.0001,0,-1.7711511070434485,300,True,True,True,False,14.270357092750237,0.004561647097025307,20,500,46,full
0.0001,1,-1.771887355318158,132,True,True,True,False,14.27068435006402,0.004561593321865457,20,500,46,full
0.0001,2,-1.7711961277506274,300,True,True,True,False,14.274593169136677,0.004560552179168628,20,500,46,full
0.0001,3,-1.7706752348975734,300,True,True,True,False,14.27060923765973,0.004561622744083503,20,500,46,full
0.0001,4,-1.7712075896371333,148,True,True,True,False,14.272232397706611,0.004561404064238146,20,500,46,full
0.0001,5,-1.7719477286732341,300,True,True,True,False,14.270729623906595,0.004561573721554147,20,500,46,full
0.0001,6,-1.7706815572522046,300,True,True,True,False,14.270695559565835,0.0045616191590300585,20,500,46,full
0.0001,7,-1.7711634013681912,300,True,True,True,False,14.2747503811061,0.004560480620605541,20,500,46,full
0.0001,8,-1.5791925937272249,30,True,True,True,False,14.147681691874796,0.00463672725399039,20,500,46,full
0.0001,9,-1.5791925960743904,37,True,True,True,False,14.1476985821706,0.004636715814745325,20,500,46,full
0.01,0,-1.7568919309931261,300,True,True,True,False,14.454250032149263,0.004527170603551281,20,500,47,full
0.01,1,-1.7547239240819044,129,True,True,True,False,19.04818104895805,0.004527348649392152,20,500,47,full
0.01,2,-1.7558794833528721,163,True,True,True,False,14.457837795074273,0.0045269708055708,20,500,47,full
0.01,3,-1.7555809524932262,227,True,True,True,False,14.452897785974264,0.004527142734553288,20,500,47,full
0.01,4,-1.7574027609273184,300,True,True,True,False,14.451878645170849,0.00452802498428612,20,500,47,full
0.01,5,-1.7555810596489672,240,True,True,True,False,14.452903019269474,0.004527152570933593,20,500,47,full
0.01,6,-1.7562005098152447,260,True,True,True,False,14.453269739353418,0.0045255923027847,20,500,47,full
0.01,7,-1.562160974521716,36,True,True,True,False,14.320325847776786,0.004606268973031762,20,500,47,full
0.01,8,-1.7573374913134787,300,True,True,True,False,14.452865219626574,0.004527698809587566,20,500,47,full
0.01,9,-1.5621609748069178,36,True,True,True,False,14.320326744978129,0.004606268344761264,20,500,47,full
0.001,0,-1.7568954470662437,300,True,True,True,False,14.454278016096202,0.004527163781041581,20,500,47,full
0.001,1,-1.754723924648123,130,True,True,True,False,19.048804564931938,0.004527348627316733,20,500,47,full
0.001,2,-1.7558794833688647,156,True,True,True,False,14.457836894198726,0.004526970876633123,20,500,47,full
0.001,3,-1.7555809838914593,229,True,True,True,False,14.45289955936547,0.004527146145593831,20,500,47,full
0.001,4,-1.757395906744327,300,True,True,True,False,14.451864459064936,0.004528025786144479,20,500,47,full
0.001,5,-1.7555810381703807,241,True,True,True,False,14.452902241731483,0.004527151344254953,20,500,47,full
0.001,6,-1.7562005082682186,272,True,True,True,False,14.453270043925295,0.004525592433625202,20,500,47,full
0.001,7,-1.5621609750043435,36,True,True,True,False,14.320327334028423,0.004606267932190214,20,500,47,full
0.001,8,-1.757335085867518,300,True,True,True,False,14.45282105182239,0.004527709305720978,20,500,47,full
0.001,9,-1.5621609744145146,36,True,True,True,False,14.320325494377098,0.004606269220467782,20,500,47,full
0.0001,0,-1.7568963000997087,300,True,True,True,False,14.454282674010592,0.004527162676150246,20,500,47,full
0.0001,1,-1.754723926327574,130,True,True,True,False,19.04915390334482,0.004527348587212811,20,500,47,full
0.0001,2,-1.7558794788211751,156,True,True,True,False,14.457836646705697,0.004526970905085129,20,500,47,full
0.0001,3,-1.7555809892834822,229,True,True,True,False,14.452899799043546,0.004527146518329687,20,500,47,full
0.0001,4,-1.7573950750577205,300,True,True,True,False,14.45186341311462,0.004528025690192525,20,500,47,full
0.0001,5,-1.7555810356688737,241,True,True,True,False,14.452902148290743,0.00452715116845674,20,500,47,full
0.0001,6,-1.756200511410448,273,True,True,True,False,14.453269793988746,0.004525592354698861,20,500,47,full
0.0001,7,-1.5621609750739485,36,True,True,True,False,14.32032753615594,0.004606267790607275,20,500,47,full
0.0001,8,-1.757334921218213,300,True,True,True,False,14.452817410923004,0.0045277101683292575,20,500,47,full
0.0001,9,-1.5621609743853058,36,True,True,True,True,14.320325396408869,0.004606269289055944,20,500,47,full
0.01,0,-1.7476235694307554,300,True,True,True,False,14.344156230791796,0.004610290719471094,20,500,48,full
0.01,1,-1.7476234049068506,246,True,True,True,False,14.344155537499075,0.004610290721712633,20,500,48,full
0.01,2,-1.7484599380620836,300,True,True,True,False,14.344815831986478,0.00461041516159969,20,500,48,full
0.01,3,-1.5557513401716252,23,True,True,True,False,14.202192485686734,0.004688555748319975,20,500,48,full
0.01,4,-1.747623331632998,267,True,True,True,False,14.344154253488869,0.004610290405826274,20,500,48,full
0.01,5,-1.7476233905176195,276,True,True,True,False,14.344155422958872,0.004610290721265558,20,500,48,full
0.01,6,-1.555751342278173,33,True,True,True,False,14.202216242551788,0.004688541638296314,20,500,48,full
0.01,7,-1.7477322555198453,300,True,True,True,False,16.977684572157024,0.00460945738290258,20,500,48,full
0.01,8,-1.7491144688874487,300,True,True,True,False,14.34464534887489,0.0046102066275707084,20,500,48,full
0.01,9,-1.555751339838955,26,True,True,True,True,14.202196082149435,0.004688553625918082,20,500,48,full
0.001,0,-1.7476235143711423,300,True,True,True,False,14.344155578058604,0.004610290495871224,20,500,48,full
0.001,1,-1.7476233939906718,246,True,True,True,False,14.344155441652356,0.004610290713372867,20,500,48,full
0.001,2,-1.7484604991668038,300,True,True,True,False,14.344847465594237,0.004610409698835338,20,500,48,full
0.001,3,-1.55575134002365,25,True,True,True,False,14.202193568445303,0.004688555121304585,20,500,48,full
0.001,4,-1.7476233312273526,268,True,True,True,False,14.344154247123836,0.0046102904021472725,20,500,48,full
0.001,5,-1.7476233881362182,277,True,True,True,False,14.344155381585919,0.00461029070682504,20,500,48,full
0.001,6,-1.5557513424271954,33,True,True,True,False,14.202216742474745,0.00468854134070071,20,500,48,full
0.001,7,-1.7477071970732017,300,True,True,True,False,18.53483018559111,0.004609482479523815,20,500,48,full
0.001,8,-1.749114815983294,300,True,True,True,False,14.34464574755308,0.004610206327114832,20,500,48,full
0.001,9,-1.5557513398984668,26,True,True,True,False,14.2021951080145,0.004688554204892636,20,500,48,full
0.0001,0,-1.7476235655361645,300,True,True,True,False,14.344156189316005,0.004610290705781789,20,500,48,full
0.0001,1,-1.7476233929529124,246,True,True,True,False,14.344155431348689,0.004610290712231741,20,500,48,full
0.0001,2,-1.7484606132234628,300,True,True,True,False,14.344853178525804,0.0046104086172268155,20,500,48,full
0.0001,3,-1.5557513401321195,25,True,True,True,False,14.202192538088092,0.0046885557334791226,20,500,48,full
0.0001,4,-1.7476233321015338,268,True,True,True,False,14.344154265257096,0.004610290410054558,20,500,48,full
0.0001,5,-1.7476233887584582,277,True,True,True,False,14.344155395193262,0.004610290712651111,20,500,48,full
0.0001,6,-1.5557513424442044,33,True,True,True,False,14.202216798660752,0.004688541307253925,20,500,48,full
0.0001,7,-1.7477046910526077,300,True,True,True,False,18.699137445491857,0.00460948439446952,20,500,48,full
0.0001,8,-1.7491148525052267,300,True,True,True,False,14.344645789059676,0.004610206295937039,20,500,48,full
0.0001,9,-1.5557513399065943,26,True,True,True,False,14.202194992759718,0.004688554273390407,20,500,48,full
0.01,0,-1.7671366575840821,300,True,True,True,False,14.352404746982847,0.004601565009945994,20,500,49,full
0.01,1,-1.7676418718459452,300,True,True,True,False,14.352173484783648,0.004601980176897397,20,500,49,full
0.01,2,-1.5757939264209682,34,True,True,True,False,14.253796310850984,0.004680406141226937,20,500,49,full
0.01,3,-1.768082602580783,300,True,True,True,False,14.352833220240058,0.004601798629376823,20,500,49,full
0.01,4,-1.7676371380944191,209,True,True,True,False,14.352204300603688,0.00460197981411226,20,500,49,full
0.01,5,-1.57579392578029,36,True,True,True,False,14.253796551970856,0.004680407536062851,20,500,49,full
0.01,6,-1.7706012286596227,300,True,True,True,False,14.68285036204802,0.004535193352531845,20,500,49,full
0.01,7,-1.7681194927263368,300,True,True,True,False,14.340885172150271,0.00460328740182977,20,500,49,full
0.01,8,-1.7682478954824183,300,True,True,True,False,14.343530073838284,0.004602559170309927,20,500,49,full
0.01,9,-1.7674947002073067,184,True,True,True,False,14.340340672386994,0.004602761334643112,20,500,49,full
0.001,0,-1.7671383652843375,300,True,True,True,False,14.352399317095468,0.004601566192479225,20,500,49,full
0.001,1,-1.767642176707453,300,True,True,True,False,14.352173019157528,0.004601980166868377,20,500,49,full
0.001,2,-1.575793925685176,36,True,True,True,True,14.253796590924178,0.004680407761339326,20,500,49,full
0.001,3,-1.7680941630674705,300,True,True,True,False,14.35289757454268,0.004601723642862284,20,500,49,full
0.001,4,-1.7676371190850237,209,True,True,True,False,14.352203944783325,0.004601979826018902,20,500,49,full
0.001,5,-1.5757939271837762,36,True,True,True,False,14.253796058795114,0.004680404686741112,20,500,49,full
0.001,6,-1.7612541878777381,300,True,True,True,False,16.609089190568945,0.0042811976176089115,20,500,49,full
0.001,7,-1.767461443764239,300,True,True,True,False,21.840982260793567,0.00460342164693744,20,500,49,full
0.001,8,-1.7682595360148823,300,True,True,True,False,14.34380725955749,0.004602476950446831,20,500,49,full
0.001,9,-1.7674947026257934,184,True,True,True,False,14.340341345365143,0.004602761136400618,20,500,49,full
0.0001,0,-1.7671477652796606,300,True,True,True,False,14.352369584896843,0.004601573061088232,20,500,49,full
0.0001,1,-1.7676422091701602,300,True,True,True,False,14.352172971077433,0.004601980165809767,20,500,49,full
0.0001,2,-1.5757939259378264,36,True,True,True,False,14.25379648956445,0.004680407174473145,20,500,49,full
0.0001,3,-1.7681010306818665,300,True,True,True,False,14.35292984268654,0.0046016968298094735,20,500,49,full
0.0001,4,-1.767637108966502,210,True,True,True,False,14.352203625108613,0.0046019798400121475,20,500,49,full
0.0001,5,-1.575793925708672,37,True,True,True,False,14.253796581178213,0.004680407705163833,20,500,49,full
0.0001,6,-1.7308701620977571,300,True,True,True,False,15.06935713792307,0.0033565990275745104,20,500,49,full
0.0001,7,-1.767315242037064,300,True,True,True,False,28.39867236519456,0.004603427451536818,20,500,49,full
0.0001,8,-1.7682606729065993,300,True,True,True,False,14.343834329972543,0.004602469124534444,20,500,49,full
0.0001,9,-1.7674947028866892,184,True,True,True,False,14.340341417427984,0.004602761115255235,20,500,49,full
0.01,0,-1.7364126117901462,300,True,True,True,False,13.83042059926653,0.004634820179643959,20,500,50,full
0.01,1,-1.546411485387087,33,True,True,True,False,13.733904470439098,0.004710498086932259,20,500,50,full
0.01,2,-1.7364299097892,300,True,True,True,False,13.830492151295196,0.004634807224521996,20,500,50,full
0.01,3,-1.7364248805958817,300,True,True,True,False,13.830473761990428,0.004634810354311092,20,500,50,full
0.01,4,-1.5464114855788604,40,True,True,True,False,13.733904419835584,0.004710497639065054,20,500,50,full
0.01,5,-1.546411485645214,36,True,True,True,False,13.73390439753703,0.004710497486833785,20,500,50,full
0.01,6,-1.7381956956197007,300,True,True,True,False,13.829884163227554,0.004635271928434304,20,500,50,full
0.01,7,-1.7364191343619473,300,True,True,True,False,13.829509630541377,0.00463457374804293,20,500,50,full
0.01,8,-1.7362639951022014,300,True,True,True,False,13.830611489604408,0.00463449367238678,20,500,50,full
0.01,9,-1.7350860869786342,153,True,True,True,False,30.323624236381082,0.0046346607347269655,20,500,50,full
0.001,0,-1.7364124161499146,300,True,True,True,False,13.83042000644308,0.004634820309586411,20,500,50,full
0.001,1,-1.5464114851015416,34,True,True,True,False,13.733904549825876,0.0047104987908851625,20,500,50,full
0.001,2,-1.7364281716777463,300,True,True,True,False,13.830487841913518,0.004634807955067535,20,500,50,full
0.001,3,-1.7364237036709946,300,True,True,True,False,13.830468371116726,0.004634811289999006,20,500,50,full
0.001,4,-1.5464114852035824,42,True,True,True,False,13.73390452084378,0.004710498533766286,20,500,50,full
0.001,5,-1.5464114851007345,37,True,True,True,True,13.73390454884973,0.004710498792766276,20,500,50,full
0.001,6,-1.7381961155389167,300,True,True,True,False,13.829883428479054,0.004635272268822322,20,500,50,full
0.001,7,-1.7364087657849148,300,True,True,True,False,13.829548361086884,0.004634554067122949,20,500,50,full
0.001,8,-1.736263438062495,300,True,True,True,False,13.83061614330667,0.00463449496790654,20,500,50,full
0.001,9,-1.7350860857047596,173,True,True,True,False,30.346437906375158,0.0046346608079914356,20,500,50,full
0.0001,0,-1.7364123965737273,300,True,True,True,False,13.830419948986336,0.004634820322347048,20,500,50,full
0.0001,1,-1.5464114852167805,34,True,True,True,False,13.733904517149456,0.004710498500974205,20,500,50,full
0.0001,2,-1.7364280132781815,300,True,True,True,False,13.830487377443772,0.004634808034271206,20,500,50,full
0.0001,3,-1.7364235930452407,300,True,True,True,False,13.830467843085913,0.004634811381922397,20,500,50,full
0.0001,4,-1.5464114854851232,42,True,True,True,False,13.733904444312621,0.004710497855675474,20,500,50,full
0.0001,5,-1.5464114851515582,37,True,True,True,False,13.733904534359274,0.004710498663838977,20,500,50,full
0.0001,6,-1.7381961610794012,300,True,True,True,False,13.82988334822627,0.004635272305747664,20,500,50,full
0.0001,7,-1.7364079813847977,300,True,True,True,False,13.829551099590503,0.004634552214359451,20,500,50,full
0.0001,8,-1.736263383962852,300,True,True,True,False,13.83061658905648,0.004634495102123733,20,500,50,full
0.0001,9,-1.7350860822439906,173,True,True,True,False,30.34643797260738,0.004634660807793762,20,500,50,full
0.01,0,-1.5384846706595257,25,True,True,True,False,13.83572991982096,0.004634369333819336,20,500,51,full
0.01,1,-1.7300242952979916,300,True,True,True,False,13.918866386248586,0.004564100415752294,20,500,51,full
0.01,2,-1.7300053719295323,300,True,True,True,False,13.918270871455503,0.004563805733929646,20,500,51,full
0.01,3,-1.7296236606573079,300,True,True,True,False,13.918819764255872,0.004563751616001512,20,500,51,full
0.01,4,-1.5384846737238373,37,True,True,True,False,13.8357307119701,0.004634352957780318,20,500,51,full
0.01,5,-1.5384846705523174,38,True,True,True,False,13.835729960002134,0.004634368615968542,20,500,51,full
0.01,6,-1.730008126515671,300,True,True,True,False,13.918244757301213,0.004563808444843519,20,500,51,full
0.01,7,-1.7307235101590122,300,True,True,True,False,13.918884071457411,0.004564046822359476,20,500,51,full
0.01,8,-1.5384846729862625,30,True,True,True,False,13.835730645296449,0.0046343544240038965,20,500,51,full
0.01,9,-1.729731179797194,241,True,True,True,False,19.859983665011754,0.004563651718471136,20,500,51,full
0.001,0,-1.538484670420465,26,True,True,True,True,13.835730022149363,0.004634367342093588,20,500,51,full
0.001,1,-1.730024399298366,300,True,True,True,False,13.918865416362602,0.004564100493200752,20,500,51,full
0.001,2,-1.7300044371131538,300,True,True,True,False,13.918282978512194,0.004563804218255329,20,500,51,full
0.001,3,-1.7296085278749986,300,True,True,True,False,13.91883826885527,0.004563736701091178,20,500,51,full
0.001,4,-1.5384846724936319,38,True,True,True,False,13.835730594563193,0.004634355520808024,20,500,51,full
0.001,5,-1.538484670670962,38,True,True,True,False,13.835729919799217,0.004634369414873036,20,500,51,full
0.001,6,-1.7300070404525114,300,True,True,True,False,13.91825353919193,0.004563806895555324,20,500,51,full
0.001,7,-1.7307646947532531,300,True,True,True,False,13.918885473035973,0.004564047597623024,20,500,51,full
0.001,8,-1.5384846732710507,30,True,True,True,False,13.835730672256952,0.0046343538363205206,20,500,51,full
0.001,9,-1.7297311783478442,239,True,True,True,False,19.86005192766945,0.004563651722290481,20,500,51,full
0.0001,0,-1.5384846704400414,26,True,True,True,False,13.8357300101591,0.00463436758098053,20,500,51,full
0.0001,1,-1.7300244107673644,300,True,True,True,False,13.91886531270982,0.004564100501387905,20,500,51,full
0.0001,2,-1.7300043863711705,300,True,True,True,False,13.918283737574598,0.004563804140580395,20,500,51,full
0.0001,3,-1.7296072098803539,300,True,True,True,False,13.91883979873833,0.004563735424590251,20,500,51,full
0.0001,4,-1.5384846725182406,38,True,True,True,False,13.835730597233088,0.004634355463197127,20,500,51,full
0.0001,5,-1.5384846706843338,38,True,True,True,False,13.835729915773339,0.004634369494719968,20,500,51,full
0.0001,6,-1.7300069531847475,300,True,True,True,False,13.918254304289409,0.0045638067731306985,20,500,51,full
0.0001,7,-1.7307680377374393,300,True,True,True,False,13.918885556853361,0.004564047818355994,20,500,51,full
0.0001,8,-1.5384846733081217,30,True,True,True,False,13.835730675661152,0.004634353761957611,20,500,51,full
0.0001,9,-1.7297311851923627,238,True,True,True,False,19.859679713420217,0.0045636517045583025,20,500,51,full
0.01,0,-1.6843313002011626,300,True,True,True,False,13.861026515314085,0.004653373479064885,50,1000,42,full
0.01,1,-1.6843002277771142,300,True,True,True,False,13.86125728948129,0.004653367392771452,50,1000,42,full
0.01,2,-1.6835291844994746,300,True,True,True,False,13.861317338161626,0.004653426589962978,50,1000,42,full
0.01,3,-1.4944459407872255,36,True,True,True,True,13.821549714035205,0.004694172634182365,50,1000,42,full
0.01,4,-1.6834402516268396,300,True,True,True,False,13.861382986708257,0.004653388084755375,50,1000,42,full
0.01,5,-1.6843488852257602,300,True,True,True,False,13.86133433773948,0.0046533707894460844,50,1000,42,full
0.01,6,-1.68345272466163,300,True,True,True,False,13.861396630676573,0.0046533921550123095,50,1000,42,full
0.01,7,-1.6834936401415113,300,True,True,True,False,13.861343879609205,0.004653426222328491,50,1000,42,full
0.01,8,-1.6835671278047242,300,True,True,True,False,13.86130082531558,0.004653429230284427,50,1000,42,full
0.01,9,-1.4944459407921888,59,True,True,True,False,13.821549730712825,0.004694172610628966,50,1000,42,full
0.001,0,-1.6843305735139007,300,True,True,True,False,13.861034441841293,0.004653376053230396,50,1000,42,full
0.001,1,-1.6843002259842763,300,True,True,True,False,13.861254099801029,0.004653367846965767,50,1000,42,full
0.001,2,-1.6835290866955512,300,True,True,True,False,13.861315580616353,0.004653426739857427,50,1000,42,full
0.001,3,-1.4944459409431685,35,True,True,True,False,13.821550163337106,0.004694171996336763,50,1000,42,full
0.001,4,-1.6834402415144534,300,True,True,True,False,13.861384583703172,0.004653388524875298,50,1000,42,full
0.001,5,-1.6843519828431195,300,True,True,True,False,13.861329032232943,0.00465337260139848,50,1000,42,full
0.001,6,-1.6834513967756781,300,True,True,True,False,13.861396942866513,0.004653391987006616,50,1000,42,full
0.001,7,-1.6834946085247504,300,True,True,True,False,13.86134065511936,0.0046534266617011145,50,1000,42,full
0.001,8,-1.683567015005622,300,True,True,True,False,13.861300037978834,0.004653429345432474,50,1000,42,full
0.001,9,-1.6843777815840224,300,True,True,True,False,13.861068921468314,0.004653408938093539,50,1000,42,full
0.0001,0,-1.6843305142383207,300,True,True,True,False,13.861035282535001,0.004653376319159068,50,1000,42,full
0.0001,1,-1.684300227675137,300,True,True,True,False,13.861253760048413,0.004653367894555972,50,1000,42,full
0.0001,2,-1.6835290748624312,300,True,True,True,False,13.861315413998886,0.004653426754152496,50,1000,42,full
0.0001,3,-1.4944459409329478,35,True,True,True,False,13.821550137402072,0.004694172033153277,50,1000,42,full
0.0001,4,-1.6834402503045607,300,True,True,True,False,13.861384728403433,0.004653388567308526,50,1000,42,full
0.0001,5,-1.684352386880266,300,True,True,True,False,13.861328409446566,0.00465337281198723,50,1000,42,full
0.0001,6,-1.683451274877631,300,True,True,True,False,13.861396960792174,0.004653391971029281,50,1000,42,full
0.0001,7,-1.6834948538708756,300,True,True,True,False,13.861340536066631,0.004653426731857613,50,1000,42,full
0.0001,8,-1.6835670060578003,300,True,True,True,False,13.861299958569541,0.004653429358454352,50,1000,42,full
0.0001,9,-1.6843747752070182,300,True,True,True,False,13.861060525382568,0.004653418369317543,50,1000,42,full
0.01,0,-1.495131967769813,46,True,True,True,True,13.987976992784912,0.004659572163525317,50,1000,43,full
0.01,1,-1.6842152787335192,300,True,True,True,False,14.03748613420911,0.0046175404551257624,50,1000,43,full
0.01,2,-1.6840189561452108,300,True,True,True,False,14.037568730176153,0.004617518493639902,50,1000,43,full
0.01,3,-1.6839940783989213,300,True,True,True,False,14.037560248563002,0.004617505071217921,50,1000,43,full
0.01,4,-1.684803406212003,300,True,True,True,False,14.037536255584454,0.004617462781474741,50,1000,43,full
0.01,5,-1.683997439918767,300,True,True,True,False,14.03756248355304,0.0046175040622840535,50,1000,43,full
0.01,6,-1.6840176985266613,300,True,True,True,False,14.03755865278042,0.004617520913299859,50,1000,43,full
0.01,7,-1.6841555813467888,300,True,True,True,False,14.037543402167145,0.004617534019300917,50,1000,43,full
0.01,8,-1.6848353836697754,300,True,True,True,False,14.037456431477521,0.004617468333327306,50,1000,43,full
0.01,9,-1.6840121446804621,300,True,True,True,False,14.037562296065424,0.004617518403591631,50,1000,43,full
0.001,0,-1.4951319678310964,46,True,True,True,False,13.987977214906513,0.00465957190145706,50,1000,43,full
0.001,1,-1.6842169535046028,300,True,True,True,False,14.03748429360442,0.004617540738664432,50,1000,43,full
0.001,2,-1.6840202176191463,300,True,True,True,False,14.037569124617256,0.00461751900378081,50,1000,43,full
0.001,3,-1.6839913466435947,300,True,True,True,False,14.037559514500456,0.0046175053482802285,50,1000,43,full
0.001,4,-1.6848038677412274,300,True,True,True,False,14.037533055488193,0.004617465982951264,50,1000,43,full
0.001,5,-1.6839967417036756,300,True,True,True,False,14.037561873181351,0.004617504306812338,50,1000,43,full
0.001,6,-1.6840178454535266,300,True,True,True,False,14.037558660530877,0.004617520965899602,50,1000,43,full
0.001,7,-1.6841298455064801,300,True,True,True,False,14.037511985153552,0.004617536146573148,50,1000,43,full
0.001,8,-1.6848323095462199,300,True,True,True,False,14.0374267880724,0.004617491352962438,50,1000,43,full
0.001,9,-1.6840123468254329,300,True,True,True,False,14.037562341123936,0.00461751848693919,50,1000,43,full
0.0001,0,-1.4951319678379242,46,True,True,True,False,13.987977238176045,0.004659571874001373,50,1000,43,full
0.0001,1,-1.6842171218744397,300,True,True,True,False,14.037484123518825,0.00461754076548202,50,1000,43,full
0.0001,2,-1.6840203821677555,300,True,True,True,False,14.037569175231203,0.0046175190691318795,50,1000,43,full
0.0001,3,-1.6839911311583955,300,True,True,True,False,14.037559451280242,0.004617505377526457,50,1000,43,full
0.0001,4,-1.684803953113359,300,True,True,True,False,14.037532706700022,0.004617466328682091,50,1000,43,full
0.0001,5,-1.6839966809161808,300,True,True,True,False,14.03756182007258,0.004617504330162648,50,1000,43,full
0.0001,6,-1.684017861026454,300,True,True,True,False,14.037558661731696,0.004617520971478605,50,1000,43,full
0.0001,7,-1.684129351822342,300,True,True,True,False,14.037511046339478,0.004617536195443774,50,1000,43,full
0.0001,8,-1.6841367919810526,300,True,True,True,False,14.03750995965826,0.004617535691393561,50,1000,43,full
0.0001,9,-1.6840123674100602,300,True,True,True,False,14.037562345678765,0.00461751849542075,50,1000,43,full
0.01,0,-1.6807538665261297,300,True,True,True,False,13.997101590437998,0.004616775266050518,50,1000,44,full
0.01,1,-1.6817742044822908,300,True,True,True,False,13.99706606752475,0.00461688053339488,50,1000,44,full
0.01,2,-1.6808356141156122,300,True,True,True,False,13.99715239273389,0.0046167873804235605,50,1000,44,full
0.01,3,-1.68090940339095,300,True,True,True,False,13.99703387246695,0.004616804150059744,50,1000,44,full
0.01,4,-1.6809064803280966,300,True,True,True,False,13.997123693419248,0.0046167960670085205,50,1000,44,full
0.01,5,-1.680850104409205,300,True,True,True,False,13.997185923879456,0.004616794752215092,50,1000,44,full
0.01,6,-1.6807625559487032,300,True,True,True,False,13.997113301646683,0.004616780142185575,50,1000,44,full
0.01,7,-1.4914316174397102,24,True,True,True,False,13.945331682866104,0.004660504184790939,50,1000,44,full
0.01,8,-1.6808078805863829,300,True,True,True,False,13.997132708138448,0.004616791140114785,50,1000,44,full
0.01,9,-1.6808541307876443,300,True,True,True,False,13.997191583500483,0.004616797768824151,50,1000,44,full
0.001,0,-1.6807549160913904,300,True,True,True,False,13.99710280903956,0.004616775904235995,50,1000,44,full
0.001,1,-1.6817753696396165,300,True,True,True,False,13.997099426784349,0.004616869866790427,50,1000,44,full
0.001,2,-1.6808353592554133,300,True,True,True,False,13.997153660857188,0.004616787971933765,50,1000,44,full
0.001,3,-1.680921291333625,300,True,True,True,False,13.997043964436648,0.004616802708853777,50,1000,44,full
0.001,4,-1.6809023974345525,300,True,True,True,False,13.997131702993894,0.004616795539829905,50,1000,44,full
0.001,5,-1.6808462231661678,300,True,True,True,False,13.99717837206315,0.004616794912787668,50,1000,44,full
0.001,6,-1.680761970549175,300,True,True,True,False,13.997113394012743,0.00461677985417265,50,1000,44,full
0.001,7,-1.4914316173884363,20,True,True,True,False,13.945331178682522,0.004660504260116085,50,1000,44,full
0.001,8,-1.6808075918855148,300,True,True,True,False,13.997132763418007,0.0046167911596221665,50,1000,44,full
0.001,9,-1.680851065032107,300,True,True,True,False,13.997188650915355,0.004616797745388704,50,1000,44,full
0.0001,0,-1.6807550210097648,300,True,True,True,False,13.997102928119189,0.004616775966935854,50,1000,44,full
0.0001,1,-1.6817754668265343,300,True,True,True,False,13.997102818891308,0.004616868772477231,50,1000,44,full
0.0001,2,-1.680835234897831,300,True,True,True,False,13.997153497869531,0.004616787990426632,50,1000,44,full
0.0001,3,-1.6809216646490308,300,True,True,True,False,13.997046119529509,0.004616802395395828,50,1000,44,full
0.0001,4,-1.6809020398804324,300,True,True,True,False,13.997132399115602,0.004616795498788727,50,1000,44,full
0.0001,5,-1.6808457981546707,300,True,True,True,False,13.997177608479362,0.004616794920056792,50,1000,44,full
0.0001,6,-1.6807629602908603,300,True,True,True,False,13.99711356055287,0.004616780349469078,50,1000,44,full
0.0001,7,-1.4914316170933648,20,True,True,True,True,13.945329315576844,0.004660506851953601,50,1000,44,full
0.0001,8,-1.6808075654641303,300,True,True,True,False,13.9971327718959,0.0046167911621133526,50,1000,44,full
0.0001,9,-1.6808507684961096,300,True,True,True,False,13.997188370606931,0.004616797741751125,50,1000,44,full
0.01,0,-1.4951606227454084,26,True,True,True,False,13.956349861395884,0.004658906759027684,50,1000,45,full
0.01,1,-1.6838406017513503,300,True,True,True,False,14.009673275803195,0.004614741122646143,50,1000,45,full
0.01,2,-1.6847126344204304,300,True,True,True,False,14.009653678562909,0.004614711163520003,50,1000,45,full
0.01,3,-1.6838464677848206,300,True,True,True,False,14.009674962469372,0.0046147405161172375,50,1000,45,full
0.01,4,-1.6838565535118784,300,True,True,True,False,14.009695648492325,0.004614750716057634,50,1000,45,full
0.01,5,-1.6839263927926138,300,True,True,True,False,14.009743427203762,0.004614747454553182,50,1000,45,full
0.01,6,-1.4951606227270389,24,True,True,True,False,13.95634980494103,0.004658906838817658,50,1000,45,full
0.01,7,-1.6838666079891014,300,True,True,True,False,14.00970757820058,0.004614752468912147,50,1000,45,full
0.01,8,-1.683890149762414,300,True,True,True,False,14.00972790525155,0.0046147532753613085,50,1000,45,full
0.01,9,-1.4951606228605006,43,True,True,True,False,13.956350163064938,0.00465890631566587,50,1000,45,full
0.001,0,-1.4951606227880114,26,True,True,True,False,13.956349980089872,0.004658906584574282,50,1000,45,full
0.001,1,-1.6838405154015892,300,True,True,True,False,14.009673583586055,0.004614741300956994,50,1000,45,full
0.001,2,-1.6847161268139865,300,True,True,True,False,14.00965533092425,0.004614710637095351,50,1000,45,full
0.001,3,-1.6838461539318437,300,True,True,True,False,14.009675061165128,0.004614740632917057,50,1000,45,full
0.001,4,-1.6838566489310507,300,True,True,True,False,14.009695701942775,0.00461475072619211,50,1000,45,full
0.001,5,-1.6839257492080342,300,True,True,True,False,14.009743495611268,0.004614747513149314,50,1000,45,full
0.001,6,-1.4951606225332872,23,True,True,True,True,13.956348006516183,0.0046589094672228664,50,1000,45,full
0.001,7,-1.6838670289136723,300,True,True,True,False,14.009707932275317,0.0046147525024548075,50,1000,45,full
0.001,8,-1.6838898580487947,300,True,True,True,False,14.009727674548424,0.0046147532614762895,50,1000,45,full
0.001,9,-1.4951606228288645,46,True,True,True,False,13.956350085795574,0.004658906429251934,50,1000,45,full
0.0001,0,-1.495160622793208,26,True,True,True,False,13.956349993959073,0.004658906564187242,50,1000,45,full
0.0001,1,-1.6838405073800555,300,True,True,True,False,14.009673617332835,0.004614741320112896,50,1000,45,full
0.0001,2,-1.6847165936291442,300,True,True,True,False,14.00965558300517,0.0046147105002111374,50,1000,45,full
0.0001,3,-1.683846122906371,300,True,True,True,False,14.009675072676396,0.00461474064540391,50,1000,45,full
0.0001,4,-1.6838566595944338,300,True,True,True,False,14.009695708416238,0.004614750727410697,50,1000,45,full
0.0001,5,-1.683925684440554,300,True,True,True,False,14.009743501990183,0.004614747519255515,50,1000,45,full
0.0001,6,-1.4951606225897083,23,True,True,True,False,13.956347649594825,0.004658909990407389,50,1000,45,full
0.0001,7,-1.683867071869114,300,True,True,True,False,14.009707968365152,0.004614752505786817,50,1000,45,full
0.0001,8,-1.6838898303448264,300,True,True,True,False,14.00972765261796,0.0046147532600311555,50,1000,45,full
0.0001,9,-1.4951606226923964,47,True,True,True,False,13.95634969773135,0.004658906999618737,50,1000,45,full
0.01,0,-1.676367613872026,300,True,True,True,False,13.956660059300683,0.004604638500477121,50,1000,46,full
0.01,1,-1.6772681937574028,300,True,True,True,False,13.956647177768712,0.004604645610998496,50,1000,46,full
0.01,2,-1.6763642624467612,300,True,True,True,False,13.956655817861822,0.004604633372679578,50,1000,46,full
0.01,3,-1.6765131730842797,300,True,True,True,False,13.956669953073202,0.0046046381337686085,50,1000,46,full
0.01,4,-1.6763682271130427,300,True,True,True,False,13.956669630403333,0.004604641549829039,50,1000,46,full
0.01,5,-1.4891831830635285,25,True,True,True,True,13.906935048732269,0.0046483472358109,50,1000,46,full
0.01,6,-1.6764218507728275,300,True,True,True,False,13.956707919952244,0.004604636856878623,50,1000,46,full
0.01,7,-1.676394985447736,300,True,True,True,False,13.956687622902967,0.004604641296488428,50,1000,46,full
0.01,8,-1.4891831831888327,36,True,True,True,False,13.906936563858187,0.004648344758401276,50,1000,46,full
0.01,9,-1.489183183248654,36,True,True,True,False,13.90693674123264,0.004648344467944387,50,1000,46,full
0.001,0,-1.6763688459918016,300,True,True,True,False,13.956661714778082,0.004604639096729984,50,1000,46,full
0.001,1,-1.6772677370918612,300,True,True,True,False,13.956647385280304,0.0046046452270836445,50,1000,46,full
0.001,2,-1.6763635223340114,300,True,True,True,False,13.95665604629178,0.00460463370764676,50,1000,46,full
0.001,3,-1.6764754860831272,300,True,True,True,False,13.956705772713633,0.004604637616054806,50,1000,46,full
0.001,4,-1.6763685918981936,300,True,True,True,False,13.95666989407555,0.004604641610387089,50,1000,46,full
0.001,5,-1.4891831831664144,25,True,True,True,False,13.906934573323005,0.00464834801212494,50,1000,46,full
0.001,6,-1.67642125544542,300,True,True,True,False,13.956707582432527,0.004604636874957466,50,1000,46,full
0.001,7,-1.676394868476667,300,True,True,True,False,13.956687568836553,0.004604641292404642,50,1000,46,full
0.001,8,-1.489183183338545,35,True,True,True,False,13.906936967071857,0.004648344098125478,50,1000,46,full
0.001,9,-1.4891831833237867,36,True,True,True,False,13.906936932518878,0.004648344154681001,50,1000,46,full
0.0001,0,-1.6763689826105952,300,True,True,True,False,13.956661875998094,0.004604639152859052,50,1000,46,full
0.0001,1,-1.6772676998772609,300,True,True,True,False,13.956647410085628,0.00460464520346895,50,1000,46,full
0.0001,2,-1.6763634550994047,300,True,True,True,False,13.956656069444248,0.0046046337393386835,50,1000,46,full
0.0001,3,-1.6764723237914074,300,True,True,True,False,13.956707996267916,0.00460463747735456,50,1000,46,full
0.0001,4,-1.6763686291735709,300,True,True,True,False,13.95666992073107,0.004604641616322382,50,1000,46,full
0.0001,5,-1.4891831831857913,25,True,True,True,False,13.906934508207877,0.0046483481184169465,50,1000,46,full
0.0001,6,-1.6764211963343454,300,True,True,True,False,13.956707548138242,0.004604636876934035,50,1000,46,full
0.0001,7,-1.6763948593851066,300,True,True,True,False,13.956687565228028,0.004604641291677603,50,1000,46,full
0.0001,8,-1.4891831833324412,35,True,True,True,False,13.906936952898102,0.004648344121341748,50,1000,46,full
0.0001,9,-1.4891831833321174,36,True,True,True,False,13.906936952107467,0.0046483441225979956,50,1000,46,full
0.01,0,-1.6871203441007447,300,True,True,True,False,13.997119631953474,0.004601623907332079,50,1000,47,full
0.01,1,-1.686211666175458,300,True,True,True,False,13.997734433543554,0.004601396764094411,50,1000,47,full
0.01,2,-1.6862214311877521,300,True,True,True,False,13.997721570320966,0.004601396819162378,50,1000,47,full
0.01,3,-1.6862117636105538,300,True,True,True,False,13.997738950640514,0.004601392539703164,50,1000,47,full
0.01,4,-1.4981169019531653,25,True,True,True,False,13.949661805483936,0.004644806890998228,50,1000,47,full
0.01,5,-1.6862173488882246,300,True,True,True,False,13.99774345758093,0.004601392731498534,50,1000,47,full
0.01,6,-1.6862152744870853,300,True,True,True,False,13.997751705230787,0.004601391877539217,50,1000,47,full
0.01,7,-1.4981169019634637,33,True,True,True,False,13.949661754822232,0.004644806975358602,50,1000,47,full
0.01,8,-1.4981169019790892,38,True,True,True,False,13.94966168407233,0.00464480709248828,50,1000,47,full
0.01,9,-1.68692961614366,300,True,True,True,False,13.997663738500055,0.0046013802497773286,50,1000,47,full
0.001,0,-1.687118191884243,300,True,True,True,False,13.997119249796846,0.004601625574545863,50,1000,47,full
0.001,1,-1.686211746782808,300,True,True,True,False,13.997735081940805,0.004601396576671791,50,1000,47,full
0.001,2,-1.6862275337908275,300,True,True,True,False,13.997712512031772,0.0046013995238230925,50,1000,47,full
0.001,3,-1.686211848970455,300,True,True,True,False,13.997739507805965,0.0046013924447146585,50,1000,47,full
0.001,4,-1.498116901929136,26,True,True,True,False,13.949661943862194,0.004644806662128993,50,1000,47,full
0.001,5,-1.6862165140269354,300,True,True,True,False,13.997743705196998,0.004601392576218422,50,1000,47,full
0.001,6,-1.6862152193219495,300,True,True,True,False,13.997751893968605,0.004601391984849663,50,1000,47,full
0.001,7,-1.498116901924118,34,True,True,True,True,13.94966197798303,0.004644806605783857,50,1000,47,full
0.001,8,-1.4981169020340999,37,True,True,True,False,13.949661475424252,0.004644807437852079,50,1000,47,full
0.001,9,-1.6869302445882919,300,True,True,True,False,13.997660580355957,0.004601378016656657,50,1000,47,full
0.0001,0,-1.687117790413945,300,True,True,True,False,13.997119323541536,0.004601625880647866,50,1000,47,full
0.0001,1,-1.6862117545097173,300,True,True,True,False,13.99773514559035,0.004601396558209463,50,1000,47,full
0.0001,2,-1.686227829592968,300,True,True,True,False,13.997711354918794,0.004601399792900558,50,1000,47,full
0.0001,3,-1.6862118585263062,300,True,True,True,False,13.997739563268144,0.004601392435573002,50,1000,47,full
0.0001,4,-1.498116901935616,26,True,True,True,False,13.949661903041147,0.004644806729732162,50,1000,47,full
0.0001,5,-1.6862164397984825,300,True,True,True,False,13.997743728784256,0.004601392561904401,50,1000,47,full
0.0001,6,-1.6862152135983417,300,True,True,True,False,13.997751907384423,0.004601391996378001,50,1000,47,full
0.0001,7,-1.4981169019300171,34,True,True,True,False,13.949661938187344,0.004644806671697232,50,1000,47,full
0.0001,8,-1.4981169020177327,37,True,True,True,False,13.949661532596618,0.004644807343221425,50,1000,47,full
0.0001,9,-1.6869303196327767,300,True,True,True,False,13.997660288033764,0.0046013777941643465,50,1000,47,full
0.01,0,-1.6886891491402063,300,True,True,True,False,14.06589391790279,0.004582555019173353,50,1000,48,full
0.01,1,-1.68861793515541,300,True,True,True,False,14.065897330068026,0.00458254082770454,50,1000,48,full
0.01,2,-1.6886422634705924,300,True,True,True,False,14.065909546512293,0.004582539129617802,50,1000,48,full
0.01,3,-1.6896615483250204,300,True,True,True,False,14.065642103530935,0.004582694273199091,50,1000,48,full
0.01,4,-1.6886153011223768,300,True,True,True,False,14.065898237338262,0.004582541200460629,50,1000,48,full
0.01,5,-1.688620607010943,300,True,True,True,False,14.065899106251784,0.004582540433421088,50,1000,48,full
0.01,6,-1.5006244265130528,55,True,True,True,False,14.017144202343392,0.00462632089675953,50,1000,48,full
0.01,7,-1.6895938399423103,300,True,True,True,False,14.065466456478468,0.004582732723657347,50,1000,48,full
0.01,8,-1.6894683389459448,300,True,True,True,False,14.06574985646045,0.004582705356177476,50,1000,48,full
0.01,9,-1.6887538080517426,300,True,True,True,False,14.065883920463401,0.00458255809166024,50,1000,48,full
0.001,0,-1.6886882163572121,300,True,True,True,False,14.065894199601063,0.0045825548008170715,50,1000,48,full
0.001,1,-1.6886183564711699,300,True,True,True,False,14.065897687977818,0.004582540741924652,50,1000,48,full
0.001,2,-1.6886415911909316,300,True,True,True,False,14.065909404155251,0.0045825390786632305,50,1000,48,full
0.001,3,-1.689662490097647,300,True,True,True,False,14.065662468738791,0.004582686561546049,50,1000,48,full
0.001,4,-1.6886154503011348,300,True,True,True,False,14.065898358855877,0.004582541167444497,50,1000,48,full
0.001,5,-1.6886213257756995,300,True,True,True,False,14.065899363538593,0.004582540351802568,50,1000,48,full
0.001,6,-1.5006244265571962,63,True,True,True,False,14.017144286773403,0.00462632074263929,50,1000,48,full
0.001,7,-1.6895959664301328,300,True,True,True,False,14.065478542455487,0.004582729027916687,50,1000,48,full
0.001,8,-1.6894686497157423,300,True,True,True,False,14.065752563345711,0.004582704192912727,50,1000,48,full
0.001,9,-1.6887447934022894,300,True,True,True,False,14.06588391931009,0.00458255791485005,50,1000,48,full
0.0001,0,-1.6886881193424186,300,True,True,True,False,14.065894236694556,0.004582554775574698,50,1000,48,full
0.0001,1,-1.6886183973329263,300,True,True,True,False,14.065897723813432,0.004582540733522859,50,1000,48,full
0.0001,2,-1.6886415180113779,300,True,True,True,False,14.06590938743538,0.00458253907366474,50,1000,48,full
0.0001,3,-1.6896625523851592,300,True,True,True,False,14.065664617588958,0.004582685758186817,50,1000,48,full
0.0001,4,-1.688615465593719,300,True,True,True,False,14.065898371308203,0.004582541164088408,50,1000,48,full
0.0001,5,-1.6886213942322255,300,True,True,True,False,14.065899388510038,0.00458254034421436,50,1000,48,full
0.0001,6,-1.5006244264077406,65,True,True,True,True,14.017143969871174,0.004626321320946378,50,1000,48,full
0.0001,7,-1.6895961978827403,300,True,True,True,False,14.065479925304775,0.004582728591634122,50,1000,48,full
0.0001,8,-1.689468691409502,300,True,True,True,False,14.065752802565891,0.004582704087400966,50,1000,48,full
0.0001,9,-1.6887439597798313,300,True,True,True,False,14.065883916388243,0.004582557900027599,50,1000,48,full
0.01,0,-1.6901948452142355,300,True,True,True,False,14.01480707494739,0.004596057190135018,50,1000,49,full
0.01,1,-1.6902279776437248,300,True,True,True,False,14.014806940048928,0.0045960460999413715,50,1000,49,full
0.01,2,-1.6912224488645184,300,True,True,True,False,14.014808468605587,0.0045961042466733,50,1000,49,full
0.01,3,-1.6902243994153814,300,True,True,True,False,14.014804883085286,0.004596048802328853,50,1000,49,full
0.01,4,-1.6901802441803482,300,True,True,True,False,14.01479930334388,0.0045960567547488505,50,1000,49,full
0.01,5,-1.503170135115785,36,True,True,True,False,13.956806398172953,0.004644097656842266,50,1000,49,full
0.01,6,-1.5031701352231575,36,True,True,True,False,13.956806596722197,0.004644097279379625,50,1000,49,full
0.01,7,-1.691233386924116,300,True,True,True,False,14.014354214439098,0.004596253357493468,50,1000,49,full
0.01,8,-1.690184683080608,300,True,True,True,False,14.014819069046531,0.004596059545441243,50,1000,49,full
0.01,9,-1.6902370769530102,300,True,True,True,False,14.014819122862205,0.0045960556952391015,50,1000,49,full
0.001,0,-1.6901948980404597,300,True,True,True,False,14.014807051515872,0.004596057179593186,50,1000,49,full
0.001,1,-1.6902280806494716,300,True,True,True,False,14.014806777696764,0.004596045985182757,50,1000,49,full
0.001,2,-1.6912227576532881,300,True,True,True,False,14.014812477608427,0.004596103310375243,50,1000,49,full
0.001,3,-1.6902240511177693,300,True,True,True,False,14.014804935996118,0.0045960489365688955,50,1000,49,full
0.001,4,-1.6901802365076661,300,True,True,True,False,14.01479959379179,0.004596056803176853,50,1000,49,full
0.001,5,-1.503170135054766,36,True,True,True,False,13.956806269049732,0.004644097902206425,50,1000,49,full
0.001,6,-1.503170135041764,37,True,True,True,True,13.956806239417714,0.004644097958486098,50,1000,49,full
0.001,7,-1.6912356185403705,300,True,True,True,False,14.014361244449326,0.004596258803928327,50,1000,49,full
0.001,8,-1.690185433449476,300,True,True,True,False,14.014818909952194,0.0045960596721209635,50,1000,49,full
0.001,9,-1.6902360999443267,300,True,True,True,False,14.014819003021309,0.004596055495425217,50,1000,49,full
0.0001,0,-1.690194905712464,300,True,True,True,False,14.01480704896047,0.004596057178141181,50,1000,49,full
0.0001,1,-1.690228091706187,300,True,True,True,False,14.014806762548057,0.004596045973844213,50,1000,49,full
0.0001,2,-1.6912227924283014,300,True,True,True,False,14.014812875364228,0.004596103217715463,50,1000,49,full
0.0001,3,-1.6902240164996307,300,True,True,True,False,14.014804941495004,0.004596048949642115,50,1000,49,full
0.0001,4,-1.6901802368029422,300,True,True,True,False,14.014799624518648,0.004596056808266126,50,1000,49,full
0.0001,5,-1.5031701350498372,36,True,True,True,False,13.956806257928033,0.0046440979233383735,50,1000,49,full
0.0001,6,-1.5031701350471416,37,True,True,True,False,13.956806251784487,0.004644097934995745,50,1000,49,full
0.0001,7,-1.6912355854257022,300,True,True,True,False,14.014362659318726,0.004596259377858932,50,1000,49,full
0.0001,8,-1.6901855114725775,300,True,True,True,False,14.014818891835253,0.004596059684783476,50,1000,49,full
0.0001,9,-1.6902360230456264,300,True,True,True,False,14.014818994575766,0.004596055470959409,50,1000,49,full
0.01,0,-1.6813302478449912,300,True,True,True,False,13.965238737223485,0.0046217421758927985,50,1000,50,full
0.01,1,-1.6824284335917414,300,True,True,True,False,13.965205724554414,0.004621766643947123,50,1000,50,full
0.01,2,-1.681335426504312,300,True,True,True,False,13.965235933566811,0.0046217396261433626,50,1000,50,full
0.01,3,-1.681332473596507,300,True,True,True,False,13.96523601910858,0.0046217404852698886,50,1000,50,full
0.01,4,-1.4962996143562224,146,True,True,True,False,13.906746385642622,0.004669116420043266,50,1000,50,full
0.01,5,-1.4962996141705338,28,True,True,True,False,13.906744418844232,0.0046691192590459325,50,1000,50,full
0.01,6,-1.496299614536172,26,True,True,True,False,13.906746883951758,0.004669115695089029,50,1000,50,full
0.01,7,-1.6823809548127866,300,True,True,True,False,13.965204779279977,0.004621802067282731,50,1000,50,full
0.01,8,-1.6813616717612851,300,True,True,True,False,13.96524382105523,0.004621743271297276,50,1000,50,full
0.01,9,-1.4962996144165617,28,True,True,True,False,13.906746570158663,0.004669116151730181,50,1000,50,full
0.001,0,-1.6813302241848374,300,True,True,True,False,13.96523869388864,0.004621742146219681,50,1000,50,full
0.001,1,-1.6823450601340368,300,True,True,True,False,13.965205438098678,0.00462173353460352,50,1000,50,full
0.001,2,-1.6813353316977542,300,True,True,True,False,13.96523597905532,0.004621739657038008,50,1000,50,full
0.001,3,-1.6813321141466853,300,True,True,True,False,13.965236057207251,0.004621740596595394,50,1000,50,full
0.001,4,-1.6815170422932002,300,True,True,True,False,13.965106879908408,0.004621748402946755,50,1000,50,full
0.001,5,-1.4962996141703029,25,True,True,True,False,13.90674426663394,0.004669118605519866,50,1000,50,full
0.001,6,-1.4962996143434735,27,True,True,True,False,13.90674634349957,0.004669116481243439,50,1000,50,full
0.001,7,-1.6823829860360222,300,True,True,True,False,13.965205564239552,0.00462180110213241,50,1000,50,full
0.001,8,-1.6813603785449456,300,True,True,True,False,13.965243703938777,0.0046217431416586945,50,1000,50,full
0.001,9,-1.4962996143630114,28,True,True,True,False,13.90674640760013,0.004669116388103889,50,1000,50,full
0.0001,0,-1.6813302219948199,300,True,True,True,False,13.965238689556786,0.0046217421432264965,50,1000,50,full
0.0001,1,-1.6823390144481758,300,True,True,True,False,13.965201811658476,0.004621731569465708,50,1000,50,full
0.0001,2,-1.6813353234477604,300,True,True,True,False,13.96523598364586,0.004621739659800016,50,1000,50,full
0.0001,3,-1.6813320834409786,300,True,True,True,False,13.965236060957087,0.004621740606211099,50,1000,50,full
0.0001,4,-1.6814640879583251,300,True,True,True,False,13.96513328232409,0.004621743162125967,50,1000,50,full
0.0001,5,-1.4962996141677083,25,True,True,True,True,13.906744749682396,0.004669117905160254,50,1000,50,full
0.0001,6,-1.496299614347441,27,True,True,True,False,13.90674635674687,0.00466911646198383,50,1000,50,full
0.0001,7,-1.6823832644425158,300,True,True,True,False,13.965205660312058,0.004621800977925349,50,1000,50,full
0.0001,8,-1.6813602604640945,300,True,True,True,False,13.965243692741337,0.0046217431280070565,50,1000,50,full
0.0001,9,-1.496299614358321,28,True,True,True,False,13.906746392466557,0.004669116410109305,50,1000,50,full
0.01,0,-1.688678530370465,300,True,True,True,False,13.903274248428584,0.00460603528335723,50,1000,51,full
0.01,1,-1.6885331229227112,300,True,True,True,False,13.90326181261364,0.004606055168625462,50,1000,51,full
0.01,2,-1.6885378295457707,300,True,True,True,False,13.903265391687906,0.00460605394262905,50,1000,51,full
0.01,3,-1.5032981485631831,33,True,True,True,False,13.843936950214323,0.004653263033157695,50,1000,51,full
0.01,4,-1.6894527518129607,300,True,True,True,False,13.903288910810224,0.004606045652493574,50,1000,51,full
0.01,5,-1.6895636914798478,300,True,True,True,False,13.902961871078332,0.004606199051130872,50,1000,51,full
0.01,6,-1.6885617448607442,300,True,True,True,False,13.903281255577769,0.004606055950952063,50,1000,51,full
0.01,7,-1.6886257454250384,300,True,True,True,False,13.90325765310774,0.004606043690166894,50,1000,51,full
0.01,8,-1.503298148626361,33,True,True,True,False,13.843937204971432,0.0046532627518591834,50,1000,51,full
0.01,9,-1.5032981485259573,38,True,True,True,True,13.843936782775332,0.004653263218015962,50,1000,51,full
0.001,0,-1.6886476629183915,300,True,True,True,False,13.903273373879646,0.004606035610339468,50,1000,51,full
0.001,1,-1.6885332407742992,300,True,True,True,False,13.903262028209951,0.004606055154828256,50,1000,51,full
0.001,2,-1.6885378716940498,300,True,True,True,False,13.903265619285301,0.0046060539389828695,50,1000,51,full
0.001,3,-1.5032981485671748,33,True,True,True,False,13.84393696728621,0.004653263014308662,50,1000,51,full
0.001,4,-1.68945267360319,300,True,True,True,False,13.903288795879542,0.004606044808169448,50,1000,51,full
0.001,5,-1.689559124297954,300,True,True,True,False,13.902976116245487,0.004606201983810752,50,1000,51,full
0.001,6,-1.688562343907769,300,True,True,True,False,13.90328134205876,0.00460605600602553,50,1000,51,full
0.001,7,-1.6886085651914091,300,True,True,True,False,13.903255879033523,0.004606045967725324,50,1000,51,full
0.001,8,-1.5032981486037869,33,True,True,True,False,13.84393711749062,0.00465326284845682,50,1000,51,full
0.001,9,-1.5032981487187111,37,True,True,True,False,13.843937531091264,0.004653262391726218,50,1000,51,full
0.0001,0,-1.6886449012485387,300,True,True,True,False,13.903273007894745,0.004606035620419867,50,1000,51,full
0.0001,1,-1.6885332540055666,300,True,True,True,False,13.90326205171557,0.0046060551531602895,50,1000,51,full
0.0001,2,-1.6885378754177192,300,True,True,True,False,13.903265641218931,0.004606053938830319,50,1000,51,full
0.0001,3,-1.503298148567878,33,True,True,True,False,13.843936970302504,0.0046532630109778796,50,1000,51,full
0.0001,4,-1.689452667748121,300,True,True,True,False,13.903288786565941,0.004606044722522695,50,1000,51,full
0.0001,5,-1.68955819737616,300,True,True,True,False,13.902978559769195,0.004606202152475989,50,1000,51,full
0.0001,6,-1.6885624037898055,300,True,True,True,False,13.903281350743606,0.004606056011390572,50,1000,51,full
0.0001,7,-1.6886068216857515,300,True,True,True,False,13.903255705296331,0.004606046204876441,50,1000,51,full
0.0001,8,-1.5032981486014492,33,True,True,True,False,13.843937108245813,0.0046532628586646654,50,1000,51,full
0.0001,9,-1.5032981487137618,37,True,True,True,False,13.843937514656156,0.004653262409876805,50,1000,51,full
0.01,0,-1.7022535075479288,300,True,True,True,False,13.655051966750298,0.0047369666963860925,50,2000,42,full
0.01,1,-1.5098270456928111,40,True,True,True,False,13.593401074375782,0.004782086883881065,50,2000,42,full
0.01,2,-1.7015681833679555,300,True,True,True,False,13.655159795682476,0.004736915951166241,50,2000,42,full
0.01,3,-1.702323708403939,300,True,True,True,False,13.655311916308667,0.004736874149180111,50,2000,42,full
0.01,4,-1.7013422294766778,300,True,True,True,False,13.655189773823063,0.004736901738422543,50,2000,42,full
0.01,5,-1.7013422676654568,300,True,True,True,False,13.655176255669769,0.004736902608492403,50,2000,42,full
0.01,6,-1.7013741383332515,300,True,True,True,False,13.655138556770499,0.0047369082695525545,50,2000,42,full
0.01,7,-1.701457998727981,300,True,True,True,False,13.655056194078357,0.004736915144687422,50,2000,42,full
0.01,8,-1.7015513475671704,300,True,True,True,False,13.655170494336401,0.0047369121988314646,50,2000,42,full
0.01,9,-1.5098270456134024,25,True,True,True,False,13.593397105635438,0.004782090265504641,50,2000,42,full
0.001,0,-1.7022524009999314,300,True,True,True,False,13.6550459965649,0.0047369670084529145,50,2000,42,full
0.001,1,-1.509827045694354,40,True,True,True,False,13.593401085431902,0.004782086874457458,50,2000,42,full
0.001,2,-1.701557455884066,300,True,True,True,False,13.655171354612504,0.004736913266444851,50,2000,42,full
0.001,3,-1.7023212491723907,300,True,True,True,False,13.655317593180841,0.004736872953127075,50,2000,42,full
0.001,4,-1.7013421922225778,300,True,True,True,False,13.655189203698932,0.004736901718036154,50,2000,42,full
0.001,5,-1.7013427588378338,300,True,True,True,False,13.655176153821841,0.004736901916653445,50,2000,42,full
0.001,6,-1.7013713306192018,300,True,True,True,False,13.655141115384101,0.004736908166902786,50,2000,42,full
0.001,7,-1.7014539237376765,300,True,True,True,False,13.6550553654515,0.0047369151358550845,50,2000,42,full
0.001,8,-1.7015534434919166,300,True,True,True,False,13.655167692486382,0.004736912788715372,50,2000,42,full
0.001,9,-1.5098270455753806,26,True,True,True,True,13.593397549354474,0.004782089887580962,50,2000,42,full
0.0001,0,-1.7022522949143768,300,True,True,True,False,13.655045414306569,0.004736967022506282,50,2000,42,full
0.0001,1,-1.509827045694887,40,True,True,True,False,13.59340108926457,0.004782086871191158,50,2000,42,full
0.0001,2,-1.701556619546978,300,True,True,True,False,13.655172087117728,0.004736913072980843,50,2000,42,full
0.0001,3,-1.702320988504853,300,True,True,True,False,13.655318155753408,0.004736872836587565,50,2000,42,full
0.0001,4,-1.7013421886782145,300,True,True,True,False,13.655189144239944,0.004736901715224151,50,2000,42,full
0.0001,5,-1.7013428191995152,300,True,True,True,False,13.655176136217898,0.004736901853155692,50,2000,42,full
0.0001,6,-1.7013711224141912,300,True,True,True,False,13.655141194090337,0.004736908171559829,50,2000,42,full
0.0001,7,-1.7014535572151075,300,True,True,True,False,13.655055299728174,0.004736915136716123,50,2000,42,full
0.0001,8,-1.7015536363506174,300,True,True,True,False,13.65516741037726,0.004736912846083846,50,2000,42,full
0.0001,9,-1.509827045580135,26,True,True,True,False,13.593397485614883,0.004782089941881348,50,2000,42,full
0.01,0,-1.510595041984076,37,True,True,True,True,13.70634120333543,0.004762664120485344,50,2000,43,full
0.01,1,-1.7024152229395113,300,True,True,True,False,13.773104713367507,0.004715866774196055,50,2000,43,full
0.01,2,-1.7024078780327112,300,True,True,True,False,13.773153693245803,0.004715862832157266,50,2000,43,full
0.01,3,-1.7026351999832396,300,True,True,True,False,13.773116004399176,0.004715878072034896,50,2000,43,full
0.01,4,-1.7032801055928073,300,True,True,True,False,13.773340053650692,0.004715797460503157,50,2000,43,full
0.01,5,-1.7026076333144549,300,True,True,True,False,13.773084417189553,0.00471587732210443,50,2000,43,full
0.01,6,-1.7024735652520315,300,True,True,True,False,13.77296982184203,0.004715877975873771,50,2000,43,full
0.01,7,-1.7024156264147454,300,True,True,True,False,13.773084334741007,0.004715868994486326,50,2000,43,full
0.01,8,-1.6648949341420771,300,True,True,True,False,14.731606159036438,0.0034927625531123597,50,2000,43,full
0.01,9,-1.70242858181416,300,True,True,True,False,13.773058467711223,0.004715869862919875,50,2000,43,full
0.001,0,-1.5105950419853282,37,True,True,True,False,13.706341183338504,0.004762664139064738,50,2000,43,full
0.001,1,-1.7024123407792777,300,True,True,True,False,13.773114739042299,0.004715866016145593,50,2000,43,full
0.001,2,-1.7024079811027475,300,True,True,True,False,13.773152594345786,0.004715862781971111,50,2000,43,full
0.001,3,-1.702632686920003,300,True,True,True,False,13.77311066728711,0.004715878242814353,50,2000,43,full
0.001,4,-1.7032786828072066,300,True,True,True,False,13.773348662072607,0.004715794863686416,50,2000,43,full
0.001,5,-1.7026059857735418,300,True,True,True,False,13.773080334961836,0.004715877460181028,50,2000,43,full
0.001,6,-1.7024739977217311,300,True,True,True,False,13.772969390245185,0.004715877977913092,50,2000,43,full
0.001,7,-1.7024191094253676,300,True,True,True,False,13.77307129559372,0.004715870012050028,50,2000,43,full
0.001,8,-1.6648945711126089,300,True,True,True,False,14.730915446041616,0.003491729230412163,50,2000,43,full
0.001,9,-1.7024308943162743,300,True,True,True,False,13.773050566170927,0.0047158706674221606,50,2000,43,full
0.0001,0,-1.5105950419854102,37,True,True,True,False,13.706341181418354,0.004762664140848653,50,2000,43,full
0.0001,1,-1.7024120559911498,300,True,True,True,False,13.773115786344977,0.004715865944576988,50,2000,43,full
0.0001,2,-1.702407992760066,300,True,True,True,False,13.773152477141602,0.00471586277732033,50,2000,43,full
0.0001,3,-1.702632432775941,300,True,True,True,False,13.773110139649702,0.004715878257595819,50,2000,43,full
0.0001,4,-1.7032785337734635,300,True,True,True,False,13.77334951148698,0.004715794608633212,50,2000,43,full
0.0001,5,-1.7026058147058918,300,True,True,True,False,13.773079932353927,0.0047158774728548025,50,2000,43,full
0.0001,6,-1.702474039135098,300,True,True,True,False,13.772969348919991,0.004715877977945462,50,2000,43,full
0.0001,7,-1.7024194969004545,300,True,True,True,False,13.773069934882363,0.004715870121278745,50,2000,43,full
0.0001,8,-1.6648945428268047,298,True,True,True,False,14.730793720117118,0.0034915436079847994,50,2000,43,full
0.0001,9,-1.7024311268076413,300,True,True,True,False,13.773049789353626,0.0047158707458692635,50,2000,43,full
0.01,0,-1.7004058603698764,300,True,True,True,False,13.769023914756513,0.0047298688783345205,50,2000,44,full
0.01,1,-1.7002327256676433,300,True,True,True,False,13.768958562650274,0.00472987070759924,50,2000,44,full
0.01,2,-1.7003254344491097,300,True,True,True,False,13.768894946731473,0.004729867901761838,50,2000,44,full
0.01,3,-1.7010952762108522,300,True,True,True,False,13.769053663175052,0.004729849483170806,50,2000,44,full
0.01,4,-1.7003351129651751,300,True,True,True,False,13.769080793045207,0.004729866507889812,50,2000,44,full
0.01,5,-1.7004111969894686,300,True,True,True,False,13.768922000004736,0.004729871375138375,50,2000,44,full
0.01,6,-1.7002754029788587,300,True,True,True,False,13.768845252732858,0.004729867764692248,50,2000,44,full
0.01,7,-1.5077943790804824,26,True,True,True,False,13.703635178332556,0.004777427384062437,50,2000,44,full
0.01,8,-1.7003895917747338,300,True,True,True,False,13.768912998568782,0.004729869836392504,50,2000,44,full
0.01,9,-1.7003235527711147,300,True,True,True,False,13.768829150336883,0.004729868490030387,50,2000,44,full
0.001,0,-1.7004096356414948,300,True,True,True,False,13.769014334860964,0.004729869225831626,50,2000,44,full
0.001,1,-1.7002330750513717,300,True,True,True,False,13.768957583522472,0.004729870469483895,50,2000,44,full
0.001,2,-1.7003385533634652,300,True,True,True,False,13.768900391808359,0.004729868245384881,50,2000,44,full
0.001,3,-1.7010893716042357,300,True,True,True,False,13.769063816361848,0.004729844709932421,50,2000,44,full
0.001,4,-1.7003440165640253,300,True,True,True,False,13.769045007553235,0.004729862766386175,50,2000,44,full
0.001,5,-1.7003826630449272,300,True,True,True,False,13.768881544610268,0.004729870758849604,50,2000,44,full
0.001,6,-1.7002769073386301,300,True,True,True,False,13.768845477903929,0.004729867592873051,50,2000,44,full
0.001,7,-1.5077943790593735,27,True,True,True,True,13.703635471048608,0.004777427100475139,50,2000,44,full
0.001,8,-1.7003877027389998,300,True,True,True,False,13.76891094212047,0.004729869768514458,50,2000,44,full
0.001,9,-1.7003230452551783,300,True,True,True,False,13.768829348556974,0.004729868455581471,50,2000,44,full
0.0001,0,-1.7004099382017213,300,True,True,True,False,13.76901342498687,0.004729869255244625,50,2000,44,full
0.0001,1,-1.7002331125368346,300,True,True,True,False,13.768957480202657,0.004729870445042824,50,2000,44,full
0.0001,2,-1.7003397524637922,300,True,True,True,False,13.76890087156087,0.004729868279434494,50,2000,44,full
0.0001,3,-1.7010887430913366,300,True,True,True,False,13.769064703179925,0.0047298442769747855,50,2000,44,full
0.0001,4,-1.70034540690435,300,True,True,True,False,13.76903731289939,0.004729862356309198,50,2000,44,full
0.0001,5,-1.7003802565885329,300,True,True,True,False,13.768878912845889,0.004729870673111521,50,2000,44,full
0.0001,6,-1.7002770679491628,300,True,True,True,False,13.768845499918914,0.004729867577069559,50,2000,44,full
0.0001,7,-1.5077943790624921,27,True,True,True,False,13.703635421370201,0.004777427148609944,50,2000,44,full
0.0001,8,-1.7003875104340849,300,True,True,True,False,13.76891073625524,0.004729869761618898,50,2000,44,full
0.0001,9,-1.7003229953432741,300,True,True,True,False,13.768829369774657,0.004729868451902199,50,2000,44,full
0.01,0,-1.6996469113696546,300,True,True,True,False,13.828329162339932,0.00471415539772128,50,2000,45,full
0.01,1,-1.6988726134970369,300,True,True,True,False,13.828521377318417,0.00471411736000389,50,2000,45,full
0.01,2,-1.6996014781418367,300,True,True,True,False,13.828420965023291,0.0047141200600728786,50,2000,45,full
0.01,3,-1.6988656750484614,300,True,True,True,False,13.828498975466198,0.004714114788758183,50,2000,45,full
0.01,4,-1.6987549599771181,300,True,True,True,False,13.828564238083633,0.004714119521415841,50,2000,45,full
0.01,5,-1.6987873731794156,300,True,True,True,False,13.828394294735835,0.004714114161579493,50,2000,45,full
0.01,6,-1.506845136429833,26,True,True,True,True,13.765313859437105,0.004760505688083004,50,2000,45,full
0.01,7,-1.6987403117323128,300,True,True,True,False,13.828493979825618,0.004714101082090133,50,2000,45,full
0.01,8,-1.6988151358036883,300,True,True,True,False,13.828360504337017,0.004714116067687004,50,2000,45,full
0.01,9,-1.5068451364778033,32,True,True,True,False,13.765313337123644,0.004760506215825574,50,2000,45,full
0.001,0,-1.699646732222401,300,True,True,True,False,13.828327314318049,0.004714155864138874,50,2000,45,full
0.001,1,-1.6988726782409536,300,True,True,True,False,13.828518515787042,0.004714117094947478,50,2000,45,full
0.001,2,-1.6995945056287651,300,True,True,True,False,13.82841942543825,0.004714118759932255,50,2000,45,full
0.001,3,-1.6988659909806727,300,True,True,True,False,13.828496380747529,0.004714114709736159,50,2000,45,full
0.001,4,-1.6987759628613786,300,True,True,True,False,13.828566233522823,0.004714115584593025,50,2000,45,full
0.001,5,-1.6987885363986694,300,True,True,True,False,13.828392937328484,0.00471411421749168,50,2000,45,full
0.001,6,-1.506845136481839,26,True,True,True,False,13.765313301931373,0.004760506251330253,50,2000,45,full
0.001,7,-1.698746115311457,300,True,True,True,False,13.828486205585222,0.004714101848933184,50,2000,45,full
0.001,8,-1.698815271794118,300,True,True,True,False,13.828360694624484,0.004714116033108009,50,2000,45,full
0.001,9,-1.5068451364751492,32,True,True,True,False,13.765313360169104,0.004760506192540852,50,2000,45,full
0.0001,0,-1.699646711011156,300,True,True,True,False,13.828327135384157,0.004714155912720616,50,2000,45,full
0.0001,1,-1.69887268047783,300,True,True,True,False,13.82851823278768,0.004714117068598291,50,2000,45,full
0.0001,2,-1.6995938262412025,300,True,True,True,False,13.828419313145593,0.004714118659506801,50,2000,45,full
0.0001,3,-1.6988660197256227,300,True,True,True,False,13.828496123378086,0.004714114702089117,50,2000,45,full
0.0001,4,-1.6987779782774415,300,True,True,True,False,13.828566073674514,0.004714115248763357,50,2000,45,full
0.0001,5,-1.6987886388158886,300,True,True,True,False,13.828392825061927,0.004714114221141056,50,2000,45,full
0.0001,6,-1.5068451364909377,26,True,True,True,False,13.765313227206045,0.004760506326821243,50,2000,45,full
0.0001,7,-1.6987467072625382,300,True,True,True,False,13.828485406408765,0.004714101932082304,50,2000,45,full
0.0001,8,-1.6988152878218292,300,True,True,True,False,13.82836071370857,0.004714116029507588,50,2000,45,full
0.0001,9,-1.5068451364748734,32,True,True,True,False,13.765313362740773,0.0047605061899421725,50,2000,45,full
0.01,0,-1.6994391950858088,300,True,True,True,False,13.783714575809412,0.004710089385631981,50,2000,46,full
0.01,1,-1.5081259765816424,34,True,True,True,False,13.721252602367757,0.004757209925834772,50,2000,46,full
0.01,2,-1.699428731462638,300,True,True,True,False,13.783530582962198,0.004710065878283865,50,2000,46,full
0.01,3,-1.6994444752915219,300,True,True,True,False,13.783509800384016,0.004710069050142287,50,2000,46,full
0.01,4,-1.6994288590329145,300,True,True,True,False,13.78353159760823,0.004710065750902718,50,2000,46,full
0.01,5,-1.5081259765471775,25,True,True,True,False,13.721249707894438,0.004757212855488399,50,2000,46,full
0.01,6,-1.6994653840644192,300,True,True,True,False,13.78346940228027,0.004710075409106638,50,2000,46,full
0.01,7,-1.6994525332131813,300,True,True,True,False,13.783487538013802,0.004710072697548746,50,2000,46,full
0.01,8,-1.5081259766218946,41,True,True,True,False,13.721252883573031,0.004757209641096114,50,2000,46,full
0.01,9,-1.5081259764965531,39,True,True,True,True,13.721250321232421,0.004757212234981731,50,2000,46,full
0.001,0,-1.6994488189895556,300,True,True,True,False,13.78371466601821,0.004710087364324777,50,2000,46,full
0.001,1,-1.5081259765585018,34,True,True,True,False,13.721252415700175,0.004757210114838975,50,2000,46,full
0.001,2,-1.6994286670767473,300,True,True,True,False,13.783530801848936,0.004710065832905458,50,2000,46,full
0.001,3,-1.6994449643837055,300,True,True,True,False,13.783508947306178,0.0047100691866044705,50,2000,46,full
0.001,4,-1.6994296199312393,300,True,True,True,False,13.783530369803538,0.00471006593792738,50,2000,46,full
0.001,5,-1.508125976519537,26,True,True,True,False,13.721249995855539,0.004757212564204634,50,2000,46,full
0.001,6,-1.6994647658640705,300,True,True,True,False,13.78347032817367,0.0047100752885451905,50,2000,46,full
0.001,7,-1.6994522110586074,300,True,True,True,False,13.7834882150355,0.004710072595560003,50,2000,46,full
0.001,8,-1.50812597655355,44,True,True,True,False,13.721252372391085,0.004757210158688167,50,2000,46,full
0.001,9,-1.5081259765144819,38,True,True,True,False,13.721250057991858,0.004757212501378406,50,2000,46,full
0.0001,0,-1.69944961616873,300,True,True,True,False,13.783714548165214,0.004710087163314561,50,2000,46,full
0.0001,1,-1.5081259765565516,34,True,True,True,False,13.721252398917004,0.0047572101318311116,50,2000,46,full
0.0001,2,-1.699428658284405,300,True,True,True,False,13.783530828952493,0.004710065827534788,50,2000,46,full
0.0001,3,-1.6994450111976689,300,True,True,True,False,13.783508865863661,0.004710069199582786,50,2000,46,full
0.0001,4,-1.699429693901451,300,True,True,True,False,13.783530252785493,0.004710065955726973,50,2000,46,full
0.0001,5,-1.5081259765248323,26,True,True,True,False,13.721249934780609,0.004757212626007892,50,2000,46,full
0.0001,6,-1.699464704675708,300,True,True,True,False,13.783470421613645,0.004710075276251897,50,2000,46,full
0.0001,7,-1.6994521791093729,300,True,True,True,False,13.783488283029001,0.00471007258528022,50,2000,46,full
0.0001,8,-1.5081259765701855,44,True,True,True,False,13.721252512938094,0.004757210016384103,50,2000,46,full
0.0001,9,-1.5081259765105768,38,True,True,True,False,13.721250109212917,0.004757212449544382,50,2000,46,full
0.01,0,-1.7057804834748962,300,True,True,True,False,13.768354712432961,0.004702703239409752,50,2000,47,full
0.01,1,-1.7050564177761958,300,True,True,True,False,13.76835814917498,0.004702673250886311,50,2000,47,full
0.01,2,-1.7050728707677347,300,True,True,True,False,13.76854352325728,0.004702681407327384,50,2000,47,full
0.01,3,-1.7050157236913184,300,True,True,True,False,13.768424954136785,0.004702669970294761,50,2000,47,full
0.01,4,-1.7058900268948995,300,True,True,True,False,13.768343237849928,0.004702728618131423,50,2000,47,full
0.01,5,-1.705005914761219,300,True,True,True,False,13.768474149162769,0.0047026622168348945,50,2000,47,full
0.01,6,-1.7050490493098298,300,True,True,True,False,13.768413454054377,0.004702672590369425,50,2000,47,full
0.01,7,-1.7050683544257736,300,True,True,True,False,13.768354906606527,0.004702671576916727,50,2000,47,full
0.01,8,-1.5133487949356907,45,True,True,True,False,13.711439050398084,0.004748817522776776,50,2000,47,full
0.01,9,-1.705823828375996,300,True,True,True,False,13.768395878322403,0.004702731533492311,50,2000,47,full
0.001,0,-1.70585297918763,300,True,True,True,False,13.768515769092385,0.00470265459456503,50,2000,47,full
0.001,1,-1.7050535227528412,300,True,True,True,False,13.768360694462737,0.0047026735993876065,50,2000,47,full
0.001,2,-1.7050779593237952,300,True,True,True,False,13.768535810158626,0.004702680639794383,50,2000,47,full
0.001,3,-1.705015712802174,300,True,True,True,False,13.76842519551062,0.0047026699305129215,50,2000,47,full
0.001,4,-1.705890159071136,300,True,True,True,False,13.768344768946381,0.004702728061876745,50,2000,47,full
0.001,5,-1.7050069407989705,300,True,True,True,False,13.768471816685011,0.004702662544054702,50,2000,47,full
0.001,6,-1.7050647822862655,300,True,True,True,False,13.768400983745403,0.004702675693291302,50,2000,47,full
0.001,7,-1.7050647455468813,300,True,True,True,False,13.768355964193999,0.004702672120442573,50,2000,47,full
0.001,8,-1.5133487949088458,45,True,True,True,False,13.7114389060399,0.0047488176842051515,50,2000,47,full
0.001,9,-1.7058246484934938,300,True,True,True,False,13.76839860952289,0.004702730623780534,50,2000,47,full
0.0001,0,-1.7058834411548738,300,True,True,True,False,13.76865047352081,0.004702623185735914,50,2000,47,full
0.0001,1,-1.705053250827047,300,True,True,True,False,13.768360946024448,0.004702673628733695,50,2000,47,full
0.0001,2,-1.7050784925419797,300,True,True,True,False,13.768534952703572,0.004702680602468144,50,2000,47,full
0.0001,3,-1.7050156927616464,300,True,True,True,False,13.768425271539341,0.004702669920238204,50,2000,47,full
0.0001,4,-1.7058901746994874,300,True,True,True,False,13.76834491219594,0.004702728010410326,50,2000,47,full
0.0001,5,-1.705007045472804,300,True,True,True,False,13.768471580190932,0.004702662577431275,50,2000,47,full
0.0001,6,-1.7050661640737395,300,True,True,True,False,13.768400220753831,0.004702675945447307,50,2000,47,full
0.0001,7,-1.7050643984281602,300,True,True,True,False,13.768356085047586,0.00470267217053552,50,2000,47,full
0.0001,8,-1.5133487949064048,45,True,True,True,True,13.711438892240679,0.0047488176996361,50,2000,47,full
0.0001,9,-1.705824733756633,300,True,True,True,False,13.768398871462088,0.0047027305362656105,50,2000,47,full
0.01,0,-1.7061360771067746,300,True,True,True,False,13.829575352183113,0.0046819802749861715,50,2000,48,full
0.01,1,-1.7061327005972216,300,True,True,True,False,13.829201984182623,0.00468196787122248,50,2000,48,full
0.01,2,-1.7062078696723355,300,True,True,True,False,13.829357333386021,0.004681977633447937,50,2000,48,full
0.01,3,-1.5140304940683484,23,True,True,True,False,13.772746332500699,0.004728362075547802,50,2000,48,full
0.01,4,-1.7061268122743602,300,True,True,True,False,13.829205057090284,0.004681967288432865,50,2000,48,full
0.01,5,-1.7061243296126376,300,True,True,True,False,13.829203157015174,0.004681967470430753,50,2000,48,full
0.01,6,-1.5140304941423817,41,True,True,True,False,13.772746748315717,0.0047283615994322915,50,2000,48,full
0.01,7,-1.7070164566690091,300,True,True,True,False,13.900665734014353,0.004677574088252446,50,2000,48,full
0.01,8,-1.7068946123211919,300,True,True,True,False,13.829402696814656,0.004681994669204306,50,2000,48,full
0.01,9,-1.7067865461896794,300,True,True,True,False,13.829464718358608,0.004681954025899289,50,2000,48,full
0.001,0,-1.7061592023883707,300,True,True,True,False,13.829492413686244,0.004681973116881036,50,2000,48,full
0.001,1,-1.706132258236497,300,True,True,True,False,13.829201834942632,0.004681967926409799,50,2000,48,full
0.001,2,-1.7062076078537491,300,True,True,True,False,13.829350588577237,0.004681977441929042,50,2000,48,full
0.001,3,-1.5140304940029283,25,True,True,True,True,13.77274456155176,0.004728364140458806,50,2000,48,full
0.001,4,-1.7061264343290954,300,True,True,True,False,13.829204684485699,0.004681967374642205,50,2000,48,full
0.001,5,-1.706124237902925,300,True,True,True,False,13.829203201007408,0.004681967426413569,50,2000,48,full
0.001,6,-1.5140304940742007,44,True,True,True,False,13.772746375508845,0.004728362032896443,50,2000,48,full
0.001,7,-1.7070172364016092,300,True,True,True,False,13.900832090309532,0.0046775543169873006,50,2000,48,full
0.001,8,-1.7068949558070532,300,True,True,True,False,13.82940794712565,0.004681991589674234,50,2000,48,full
0.001,9,-1.7067475520832929,300,True,True,True,False,13.829425475575263,0.004681953636946186,50,2000,48,full
0.0001,0,-1.7061631754474613,300,True,True,True,False,13.82946958208942,0.0046819717244560135,50,2000,48,full
0.0001,1,-1.7061322142212838,300,True,True,True,False,13.829201821266995,0.004681967931330216,50,2000,48,full
0.0001,2,-1.7062075758741029,300,True,True,True,False,13.829349900898078,0.004681977422331718,50,2000,48,full
0.0001,3,-1.5140304940186458,25,True,True,True,False,13.77274438937446,0.0047283643404715395,50,2000,48,full
0.0001,4,-1.7061263983407524,300,True,True,True,False,13.829204649708219,0.00468196738218819,50,2000,48,full
0.0001,5,-1.7061242294093895,300,True,True,True,False,13.829203205147149,0.004681967421912212,50,2000,48,full
0.0001,6,-1.5140304941026546,44,True,True,True,False,13.772746543426173,0.004728361837663994,50,2000,48,full
0.0001,7,-1.7070173281959535,300,True,True,True,False,13.900855042226697,0.004677554380395544,50,2000,48,full
0.0001,8,-1.7068949862946163,300,True,True,True,False,13.829408471129222,0.004681991278354212,50,2000,48,full
0.0001,9,-1.7067414031990682,300,True,True,True,False,13.82941999956197,0.004681953663526931,50,2000,48,full
0.01,0,-1.707337172922862,300,True,True,True,False,13.816632423751255,0.004687587566959761,50,2000,49,full
0.01,1,-1.707254886345193,300,True,True,True,False,13.81681113568567,0.004687610125562904,50,2000,49,full
0.01,2,-1.5159255423102609,22,True,True,True,False,13.753656703165765,0.004736443614385624,50,2000,49,full
0.01,3,-1.7073464476074411,300,True,True,True,False,13.81661056350041,0.004687588138973747,50,2000,49,full
0.01,4,-1.7074072114278125,300,True,True,True,False,13.816666209051826,0.0046875961869572965,50,2000,49,full
0.01,5,-1.5159255422370619,37,True,True,True,False,13.753656265965304,0.004736444134008837,50,2000,49,full
0.01,6,-1.708052378219287,300,True,True,True,False,13.81682852155732,0.004687586049904511,50,2000,49,full
0.01,7,-1.707282519645018,300,True,True,True,False,13.816742836804938,0.004687589679068315,50,2000,49,full
0.01,8,-1.5159255421876856,33,True,True,True,False,13.753654328618003,0.004736446293594411,50,2000,49,full
0.01,9,-1.7073477546138596,300,True,True,True,False,13.816623393034345,0.004687584283413838,50,2000,49,full
0.001,0,-1.7073379502599795,300,True,True,True,False,13.816630400092123,0.00468758763725742,50,2000,49,full
0.001,1,-1.7072649184399558,300,True,True,True,False,13.816849965710572,0.00468760955700016,50,2000,49,full
0.001,2,-1.5159255422259315,25,True,True,True,False,13.753653958957349,0.004736446704638205,50,2000,49,full
0.001,3,-1.7073466673426063,300,True,True,True,False,13.816610336744658,0.004687588158972504,50,2000,49,full
0.001,4,-1.7074068856584173,300,True,True,True,False,13.816665591273164,0.0046875961461704104,50,2000,49,full
0.001,5,-1.5159255423127849,36,True,True,True,False,13.75365673844442,0.004736443607192859,50,2000,49,full
0.001,6,-1.7080517006560259,300,True,True,True,False,13.816829150471195,0.004687585959526257,50,2000,49,full
0.001,7,-1.7072828211561366,300,True,True,True,False,13.816742474469896,0.004687589538454462,50,2000,49,full
0.001,8,-1.5159255421942142,33,True,True,True,False,13.75365425343862,0.004736446377379254,50,2000,49,full
0.001,9,-1.7073471760231564,300,True,True,True,False,13.81662283217976,0.004687584470954788,50,2000,49,full
0.0001,0,-1.7073380281976798,300,True,True,True,False,13.81663019829597,0.0046875876440465435,50,2000,49,full
0.0001,1,-1.7072672069500017,300,True,True,True,False,13.81685381819066,0.004687609388681222,50,2000,49,full
0.0001,2,-1.5159255421782476,26,True,True,True,True,13.75365445291037,0.004736446154813431,50,2000,49,full
0.0001,3,-1.7073466900947367,300,True,True,True,False,13.816610313679536,0.004687588161044705,50,2000,49,full
0.0001,4,-1.70740685314459,300,True,True,True,False,13.816665528761046,0.004687596142076028,50,2000,49,full
0.0001,5,-1.5159255423091573,36,True,True,True,False,13.753656718819194,0.004736443629077374,50,2000,49,full
0.0001,6,-1.70805163285363,300,True,True,True,False,13.816829215356158,0.004687585950173257,50,2000,49,full
0.0001,7,-1.7072828531190325,300,True,True,True,False,13.816742435970713,0.00468758952362772,50,2000,49,full
0.0001,8,-1.5159255421950684,33,True,True,True,False,13.75365424458032,0.004736446387252008,50,2000,49,full
0.0001,9,-1.7073471195361618,300,True,True,True,False,13.81662277529644,0.00468758449007611,50,2000,49,full
0.01,0,-1.7033999845177483,300,True,True,True,False,13.769921987751935,0.004721447887372878,50,2000,50,full
0.01,1,-1.5127901421308159,25,True,True,True,False,13.70896469699363,0.004770846470106004,50,2000,50,full
0.01,2,-1.7035137641221894,300,True,True,True,False,13.76970973267876,0.004721430360198307,50,2000,50,full
0.01,3,-1.703529377560332,300,True,True,True,False,13.769701952687416,0.004721430941217778,50,2000,50,full
0.01,4,-1.7035313599153703,300,True,True,True,False,13.769724253015397,0.004721421051865819,50,2000,50,full
0.01,5,-1.7044167525413458,300,True,True,True,False,13.82670758474708,0.0047181890711972645,50,2000,50,full
0.01,6,-1.7042949652782202,300,True,True,True,False,13.769737572013348,0.00472149702096211,50,2000,50,full
0.01,7,-1.7033883770972373,300,True,True,True,False,13.769905765761113,0.004721448894240716,50,2000,50,full
0.01,8,-1.704249443325204,300,True,True,True,False,13.769946666264591,0.004721424310162758,50,2000,50,full
0.01,9,-1.704203492056485,300,True,True,True,False,13.769779701597669,0.00472144889238104,50,2000,50,full
0.001,0,-1.7033991278186746,300,True,True,True,False,13.76993293446289,0.0047214475018554905,50,2000,50,full
0.001,1,-1.5127901421022005,26,True,True,True,True,13.708965017651371,0.004770846160923796,50,2000,50,full
0.001,2,-1.70351397426945,300,True,True,True,False,13.769708652548243,0.004721430361321554,50,2000,50,full
0.001,3,-1.7035296209319617,300,True,True,True,False,13.769701852602456,0.004721430970384893,50,2000,50,full
0.001,4,-1.7035289715440725,300,True,True,True,False,13.769724054179681,0.00472142114878709,50,2000,50,full
0.001,5,-1.704417928835292,300,True,True,True,False,13.828189564588126,0.0047183816899954096,50,2000,50,full
0.001,6,-1.7042941705827113,300,True,True,True,False,13.769750940942304,0.004721492845200661,50,2000,50,full
0.001,7,-1.7033882442129105,300,True,True,True,False,13.769906930495276,0.004721448855919319,50,2000,50,full
0.001,8,-1.704249835755371,300,True,True,True,False,13.769946223032177,0.004721424452455804,50,2000,50,full
0.001,9,-1.7041996784088067,300,True,True,True,False,13.76978905306055,0.004721447404957283,50,2000,50,full
0.0001,0,-1.7033991987919088,300,True,True,True,False,13.769934157864341,0.004721447446539684,50,2000,50,full
0.0001,1,-1.5127901421073333,26,True,True,True,False,13.708964953562573,0.004770846222739838,50,2000,50,full
0.0001,2,-1.7035139931409125,300,True,True,True,False,13.769708549011467,0.004721430360996117,50,2000,50,full
0.0001,3,-1.7035296584274737,300,True,True,True,False,13.769701835252192,0.004721430977694759,50,2000,50,full
0.0001,4,-1.703528651765395,300,True,True,True,False,13.769724039823032,0.004721421155916612,50,2000,50,full
0.0001,5,-1.7044180619891405,300,True,True,True,False,13.828367675043502,0.004718405861698575,50,2000,50,full
0.0001,6,-1.7042940837213516,300,True,True,True,False,13.769752310849432,0.004721492416379301,50,2000,50,full
0.0001,7,-1.7033882320324631,300,True,True,True,False,13.769907054481166,0.004721448851736117,50,2000,50,full
0.0001,8,-1.7035296263651376,300,True,True,True,False,13.769948702633906,0.004721431777037477,50,2000,50,full
0.0001,9,-1.7041992720949557,300,True,True,True,False,13.769790084496472,0.004721447240648575,50,2000,50,full
0.01,0,-1.5170749098760532,25,True,True,True,False,13.726629349803382,0.004754116108755945,50,2000,51,full
0.01,1,-1.707291447290208,300,True,True,True,False,13.790300218908948,0.004704546069818774,50,2000,51,full
0.01,2,-1.707308476155093,300,True,True,True,False,13.790269527817733,0.004704548440362805,50,2000,51,full
0.01,3,-1.5170749099113296,52,True,True,True,False,13.726632940526097,0.004754112969203756,50,2000,51,full
0.01,4,-1.5170749098446397,29,True,True,True,False,13.72662974196085,0.004754115764595868,50,2000,51,full
0.01,5,-1.707996505990584,300,True,True,True,False,13.790326596108027,0.004704590944616173,50,2000,51,full
0.01,6,-1.5170749098289822,33,True,True,True,False,13.726629995120621,0.004754115544755786,50,2000,51,full
0.01,7,-1.7072216730351288,300,True,True,True,False,13.790390832782624,0.004704557201134287,50,2000,51,full
0.01,8,-1.517074909902655,30,True,True,True,False,13.72663286013722,0.00475411303951318,50,2000,51,full
0.01,9,-1.7071700086111923,300,True,True,True,False,13.790411881972764,0.0047045660532601865,50,2000,51,full
0.001,0,-1.5170749098451135,26,True,True,True,False,13.72662973554134,0.004754115771640624,50,2000,51,full
0.001,1,-1.707292588346785,300,True,True,True,False,13.790297455930874,0.004704546267802667,50,2000,51,full
0.001,2,-1.7073089527230494,300,True,True,True,False,13.790268702644559,0.004704548531390154,50,2000,51,full
0.001,3,-1.517074909977936,55,True,True,True,False,13.726633470512445,0.004754112505656388,50,2000,51,full
0.001,4,-1.517074909826208,29,True,True,True,False,13.726630047020556,0.004754115498034981,50,2000,51,full
0.001,5,-1.7079934168459836,300,True,True,True,False,13.790331148681595,0.0047045901225497054,50,2000,51,full
0.001,6,-1.5170749098355396,33,True,True,True,False,13.726629881583282,0.004754115644014161,50,2000,51,full
0.001,7,-1.7072180446362077,300,True,True,True,False,13.790393577412221,0.0047045577258949525,50,2000,51,full
0.001,8,-1.5170749099117156,30,True,True,True,False,13.726632943872803,0.004754112966276667,50,2000,51,full
0.001,9,-1.7071710593030425,300,True,True,True,False,13.79041029474883,0.004704565882574874,50,2000,51,full
0.0001,0,-1.5170749098501437,26,True,True,True,False,13.726629664818052,0.004754115833465579,50,2000,51,full
0.0001,1,-1.7072926970755085,300,True,True,True,False,13.790297187763613,0.0047045462873911564,50,2000,51,full
0.0001,2,-1.7073089966751207,300,True,True,True,False,13.790268624471599,0.004704548539952837,50,2000,51,full
0.0001,3,-1.5170749099043792,56,True,True,True,False,13.72663287634207,0.004754113025339845,50,2000,51,full
0.0001,4,-1.517074909824603,29,True,True,True,True,13.726630078085448,0.004754115470889023,50,2000,51,full
0.0001,5,-1.7079931056496804,300,True,True,True,False,13.790331601130122,0.004704590037193095,50,2000,51,full
0.0001,6,-1.5170749098363763,33,True,True,True,False,13.726629868316703,0.004754115655613011,50,2000,51,full
0.0001,7,-1.7072177275008174,300,True,True,True,False,13.790393796152477,0.004704557770039083,50,2000,51,full
0.0001,8,-1.517074909912878,30,True,True,True,False,13.726632954081929,0.004754112957348302,50,2000,51,full
0.0001,9,-1.7071711584198161,300,True,True,True,False,13.790410153924217,0.004704565866651575,50,2000,51,full
0.01,0,-1.715722305220267,300,True,True,True,False,13.724300275145394,0.004693400163871983,50,5000,42,full
0.01,1,-1.5258597558988851,41,True,True,True,False,13.662712804504416,0.004744254435048134,50,5000,42,full
0.01,2,-1.7157184741422782,300,True,True,True,False,13.7243811060546,0.00469339832837515,50,5000,42,full
0.01,3,-1.7165558465150494,300,True,True,True,False,13.72440168160087,0.004693385452100991,50,5000,42,full
0.01,4,-1.7157394068307408,300,True,True,True,False,13.72438068914048,0.004693392855364187,50,5000,42,full
0.01,5,-1.7165539859902883,300,True,True,True,False,13.72461829410993,0.004693334189781297,50,5000,42,full
0.01,6,-1.7158322886706763,300,True,True,True,False,13.724316903500709,0.004693392292401394,50,5000,42,full
0.01,7,-1.7159054225367,300,True,True,True,False,13.72435179408808,0.0046933882855106175,50,5000,42,full
0.01,8,-1.7158248862601027,300,True,True,True,False,13.724335286212764,0.004693386577820269,50,5000,42,full
0.01,9,-1.5258597558872458,35,True,True,True,False,13.662712633937359,0.0047442545734158945,50,5000,42,full
0.001,0,-1.7157217374961327,300,True,True,True,False,13.724300114593158,0.004693400359420485,50,5000,42,full
0.001,1,-1.5258597558951985,41,True,True,True,False,13.662712751054974,0.004744254478407852,50,5000,42,full
0.001,2,-1.7157369826050504,300,True,True,True,False,13.724373528524145,0.00469340000228072,50,5000,42,full
0.001,3,-1.716555612313255,300,True,True,True,False,13.724402427099031,0.004693385300125847,50,5000,42,full
0.001,4,-1.7157372248332456,300,True,True,True,False,13.724383001941813,0.004693392756461221,50,5000,42,full
0.001,5,-1.7165492889258653,300,True,True,True,False,13.724629857516708,0.00469333015930802,50,5000,42,full
0.001,6,-1.715836501298108,300,True,True,True,False,13.724319819463464,0.004693390462797809,50,5000,42,full
0.001,7,-1.71589480042603,300,True,True,True,False,13.724345139583189,0.004693385239968245,50,5000,42,full
0.001,8,-1.7158252571997816,300,True,True,True,False,13.724335514753108,0.004693386551732123,50,5000,42,full
0.001,9,-1.5258597558969145,36,True,True,True,False,13.66271277536349,0.004744254458688416,50,5000,42,full
0.0001,0,-1.715721675174827,300,True,True,True,False,13.724300099053254,0.004693400381015445,50,5000,42,full
0.0001,1,-1.5258597558950826,41,True,True,True,False,13.662712750344294,0.0047442544789844865,50,5000,42,full
0.0001,2,-1.7157392325630678,300,True,True,True,False,13.724372798776841,0.004693400127041758,50,5000,42,full
0.0001,3,-1.7165555903134158,300,True,True,True,False,13.72440250587135,0.004693385283848556,50,5000,42,full
0.0001,4,-1.7157372183275845,300,True,True,True,False,13.724383254448997,0.00469339274641732,50,5000,42,full
0.0001,5,-1.7165487842873195,300,True,True,True,False,13.724630813767032,0.004693329804176617,50,5000,42,full
0.0001,6,-1.7158368096134722,300,True,True,True,False,13.724320090958985,0.004693390306175042,50,5000,42,full
0.0001,7,-1.7158937887490129,300,True,True,True,False,13.724344857796515,0.00469338513890483,50,5000,42,full
0.0001,8,-1.7158252937503766,300,True,True,True,False,13.724335537650271,0.0046933865492009745,50,5000,42,full
0.0001,9,-1.5258597558602935,37,True,True,True,True,13.662712152123097,0.004744254964257135,50,5000,42,full
0.01,0,-1.6767612048500335,300,True,True,True,False,13.815231583148378,0.0046678671528449,50,5000,43,full
0.01,1,-1.7157234106700672,300,True,True,True,False,13.80823009987906,0.004672138991333639,50,5000,43,full
0.01,2,-1.71642891706089,300,True,True,True,False,13.808265952138752,0.004672134061686424,50,5000,43,full
0.01,3,-1.7157542220950381,300,True,True,True,False,13.808226258745124,0.004672139645553578,50,5000,43,full
0.01,4,-1.5257879766500453,58,True,True,True,False,13.744492168299837,0.00472377667520756,50,5000,43,full
0.01,5,-1.715744909325689,300,True,True,True,False,13.80822156954453,0.004672133135209937,50,5000,43,full
0.01,6,-1.7157383175327214,300,True,True,True,False,13.808219110547098,0.004672133860798487,50,5000,43,full
0.01,7,-1.7156918306777547,300,True,True,True,False,13.808204961283746,0.004672135280787789,50,5000,43,full
0.01,8,-1.5257879766741484,35,True,True,True,False,13.744495295586617,0.004723774100186165,50,5000,43,full
0.01,9,-1.7157105334309921,300,True,True,True,False,13.808285358237766,0.004672135160422147,50,5000,43,full
0.001,0,-1.525787976656553,198,True,True,True,False,13.744495026895756,0.004723774321467377,50,5000,43,full
0.001,1,-1.715740496475422,300,True,True,True,False,13.808248007668503,0.004672138693072266,50,5000,43,full
0.001,2,-1.7164287054827263,300,True,True,True,False,13.808266672961144,0.00467213384965442,50,5000,43,full
0.001,3,-1.7157575607260283,300,True,True,True,False,13.808226720043157,0.004672139375860659,50,5000,43,full
0.001,4,-1.5257879766559,56,True,True,True,False,13.744492066677008,0.004723776758858772,50,5000,43,full
0.001,5,-1.715743495518347,300,True,True,True,False,13.808219934152037,0.004672132868463424,50,5000,43,full
0.001,6,-1.7157380512070575,300,True,True,True,False,13.808218889949897,0.004672133901733555,50,5000,43,full
0.001,7,-1.7156948162705405,300,True,True,True,False,13.808205841577253,0.004672135324115075,50,5000,43,full
0.001,8,-1.5257879766401166,37,True,True,True,True,13.744494721539526,0.004723774572935927,50,5000,43,full
0.001,9,-1.715717216615845,300,True,True,True,False,13.80828149586056,0.0046721353620000515,50,5000,43,full
0.0001,0,-1.5257879766676061,190,True,True,True,False,13.7444952005231,0.004723774178476188,50,5000,43,full
0.0001,1,-1.715738161933373,300,True,True,True,False,13.808232535437389,0.004672137028577828,50,5000,43,full
0.0001,2,-1.7164286855786806,300,True,True,True,False,13.80826674708151,0.004672133827764492,50,5000,43,full
0.0001,3,-1.7157578432926972,300,True,True,True,False,13.808226753718765,0.004672139351029826,50,5000,43,full
0.0001,4,-1.525787976643015,56,True,True,True,False,13.744492299769824,0.00472377656696609,50,5000,43,full
0.0001,5,-1.7157433593147737,300,True,True,True,False,13.808219775060584,0.004672132851328255,50,5000,43,full
0.0001,6,-1.7157380231972033,300,True,True,True,False,13.80821886727209,0.004672133905929964,50,5000,43,full
0.0001,7,-1.7156950986343427,300,True,True,True,False,13.808205922241928,0.004672135328933014,50,5000,43,full
0.0001,8,-1.5257879766444873,37,True,True,True,False,13.744494810857457,0.004723774499381171,50,5000,43,full
0.0001,9,-1.7157178593955225,300,True,True,True,False,13.808281082814165,0.004672135384003302,50,5000,43,full
0.01,0,-1.5256992953826085,29,True,True,True,False,13.710753627916345,0.00472793819329067,50,5000,44,full
0.01,1,-1.7168812026651554,300,True,True,True,False,13.774556152822075,0.004676289730514207,50,5000,44,full
0.01,2,-1.7161685191882114,300,True,True,True,False,13.774572372097355,0.004676272467994181,50,5000,44,full
0.01,3,-1.5256992953709676,59,True,True,True,False,13.71075129116679,0.00472794014923648,50,5000,44,full
0.01,4,-1.716149588168414,300,True,True,True,False,13.774568785611546,0.004676268957836479,50,5000,44,full
0.01,5,-1.716142896715643,300,True,True,True,False,13.774564478846843,0.004676269587370969,50,5000,44,full
0.01,6,-1.7161296121278908,300,True,True,True,False,13.774562996010996,0.004676270469584012,50,5000,44,full
0.01,7,-1.7168642209239497,300,True,True,True,False,13.774523416663238,0.004676282117725626,50,5000,44,full
0.01,8,-1.7161303652662125,300,True,True,True,False,13.774561061506864,0.00467627040744158,50,5000,44,full
0.01,9,-1.7161404993718814,300,True,True,True,False,13.774563201278617,0.004676270158842199,50,5000,44,full
0.001,0,-1.5256992954029618,26,True,True,True,False,13.710754001014026,0.004727937796973542,50,5000,44,full
0.001,1,-1.7168812722989142,300,True,True,True,False,13.774554984777419,0.004676289300483487,50,5000,44,full
0.001,2,-1.716165395362233,300,True,True,True,False,13.774572122499544,0.004676272335160292,50,5000,44,full
0.001,3,-1.5256992953652921,58,True,True,True,False,13.710751427678732,0.004727940035106677,50,5000,44,full
0.001,4,-1.7161485697244774,300,True,True,True,False,13.774567898189195,0.004676268716826506,50,5000,44,full
0.001,5,-1.7161427341581215,300,True,True,True,False,13.774564397429733,0.004676269612756349,50,5000,44,full
0.001,6,-1.716129430737483,300,True,True,True,False,13.774562852713384,0.004676270459773843,50,5000,44,full
0.001,7,-1.7168650939294814,300,True,True,True,False,13.774521794839087,0.004676282340713387,50,5000,44,full
0.001,8,-1.7161303553903917,300,True,True,True,False,13.774561143813475,0.004676270411071505,50,5000,44,full
0.001,9,-1.7161402420411238,300,True,True,True,False,13.77456313428349,0.004676270199510758,50,5000,44,full
0.0001,0,-1.5256992953761934,26,True,True,True,False,13.710753537594485,0.004727938186135019,50,5000,44,full
0.0001,1,-1.7168812790929113,300,True,True,True,False,13.774554860015078,0.004676289255904727,50,5000,44,full
0.0001,2,-1.7161650754484565,300,True,True,True,False,13.774572095958325,0.004676272321931474,50,5000,44,full
0.0001,3,-1.5256992953616924,58,True,True,True,True,13.710751526083678,0.004727939952836049,50,5000,44,full
0.0001,4,-1.7161484976865156,300,True,True,True,False,13.774567818402536,0.004676268700066348,50,5000,44,full
0.0001,5,-1.7161427172060184,300,True,True,True,False,13.7745643891811,0.004676269615367876,50,5000,44,full
0.0001,6,-1.7161294198244323,300,True,True,True,False,13.774562851910208,0.004676270459354854,50,5000,44,full
0.0001,7,-1.7168651862147941,300,True,True,True,False,13.774521628367138,0.00467628236426314,50,5000,44,full
0.0001,8,-1.716130353646497,300,True,True,True,False,13.774561152049227,0.004676270411397194,50,5000,44,full
0.0001,9,-1.7161402157752077,300,True,True,True,False,13.774563128155487,0.004676270203380872,50,5000,44,full
0.01,0,-1.7184584133939638,300,True,True,True,False,13.794220936740972,0.0046662295906244895,50,5000,45,full
0.01,1,-1.7177080121206099,300,True,True,True,False,13.79423503330376,0.004666225730391786,50,5000,45,full
0.01,2,-1.7184695186473944,300,True,True,True,False,13.794254940746582,0.004666239427452152,50,5000,45,full
0.01,3,-1.7176721220765203,300,True,True,True,False,13.794193389893756,0.0046662310693793745,50,5000,45,full
0.01,4,-1.7177684972924527,300,True,True,True,False,13.794193611660042,0.004666230966944598,50,5000,45,full
0.01,5,-1.7177542514098916,300,True,True,True,False,13.79418583788619,0.0046662331933487265,50,5000,45,full
0.01,6,-1.5274482755858272,36,True,True,True,True,13.730202286172895,0.004717812074962158,50,5000,45,full
0.01,7,-1.7177394951657379,300,True,True,True,False,13.794203105578568,0.004666230916847139,50,5000,45,full
0.01,8,-1.7177279737159954,300,True,True,True,False,13.79418953460976,0.004666229458062128,50,5000,45,full
0.01,9,-1.7183895639569926,300,True,True,True,False,13.794257861503329,0.0046661970886455,50,5000,45,full
0.001,0,-1.7184580003860597,300,True,True,True,False,13.794222030877615,0.004666229116245219,50,5000,45,full
0.001,1,-1.7177099360397932,300,True,True,True,False,13.794232626983655,0.004666226080912943,50,5000,45,full
0.001,2,-1.7184671383105845,300,True,True,True,False,13.794263892353873,0.004666235300685748,50,5000,45,full
0.001,3,-1.7176748304378004,300,True,True,True,False,13.794197301995869,0.004666230415931246,50,5000,45,full
0.001,4,-1.717763082973728,300,True,True,True,False,13.794193441655777,0.0046662289615534355,50,5000,45,full
0.001,5,-1.717752050322136,300,True,True,True,False,13.794186621307665,0.004666231533490724,50,5000,45,full
0.001,6,-1.5274482755898113,36,True,True,True,False,13.7302021825834,0.004717812162530403,50,5000,45,full
0.001,7,-1.7177391732495195,300,True,True,True,False,13.794203321623272,0.004666230880410398,50,5000,45,full
0.001,8,-1.7177281126448352,300,True,True,True,False,13.794190005678592,0.0046662294680241915,50,5000,45,full
0.001,9,-1.718383989359585,300,True,True,True,False,13.794257170814712,0.004666197267449132,50,5000,45,full
0.0001,0,-1.718457958809427,300,True,True,True,False,13.794222141540713,0.004666229067551508,50,5000,45,full
0.0001,1,-1.7177101348465142,300,True,True,True,False,13.794232420047383,0.004666226114051926,50,5000,45,full
0.0001,2,-1.7184668846599909,300,True,True,True,False,13.794264709664668,0.004666234899850756,50,5000,45,full
0.0001,3,-1.7176751275432074,300,True,True,True,False,13.794197715869723,0.004666230348845787,50,5000,45,full
0.0001,4,-1.7177626438838327,300,True,True,True,False,13.794193310862012,0.004666228917137464,50,5000,45,full
0.0001,5,-1.7177517738900696,300,True,True,True,False,13.794186666708349,0.004666231404939778,50,5000,45,full
0.0001,6,-1.5274482755903784,36,True,True,True,False,13.730202169417188,0.004717812173659455,50,5000,45,full
0.0001,7,-1.7177391408863556,300,True,True,True,False,13.794203343346744,0.004666230876705242,50,5000,45,full
0.0001,8,-1.717728126168244,300,True,True,True,False,13.794190053403133,0.004666229469011306,50,5000,45,full
0.0001,9,-1.718383309171354,300,True,True,True,False,13.794257079534896,0.004666197294874477,50,5000,45,full
0.01,0,-1.7193734311468272,300,True,True,True,False,13.710100227805741,0.004674791589335421,50,5000,46,full
0.01,1,-1.7201735988307703,300,True,True,True,False,13.710235196508245,0.004674754661883077,50,5000,46,full
0.01,2,-1.7193675822619605,300,True,True,True,False,13.710097305465966,0.004674792283114549,50,5000,46,full
0.01,3,-1.7195059685199554,300,True,True,True,False,13.710085754753818,0.004674793231512286,50,5000,46,full
0.01,4,-1.7194186450111433,300,True,True,True,False,13.710089293320946,0.00467479143712249,50,5000,46,full
0.01,5,-1.529485011613896,28,True,True,True,False,13.6472746150074,0.004726483983946661,50,5000,46,full
0.01,6,-1.7194233258970346,300,True,True,True,False,13.71011146486144,0.004674789120475371,50,5000,46,full
0.01,7,-1.7194426346307803,300,True,True,True,False,13.710090721357636,0.004674791301509492,50,5000,46,full
0.01,8,-1.5294850115949363,34,True,True,True,True,13.647272487857268,0.004726485748938031,50,5000,46,full
0.01,9,-1.529485011632093,36,True,True,True,False,13.647274940480962,0.004726483713794609,50,5000,46,full
0.001,0,-1.7193749889886145,300,True,True,True,False,13.710102098363455,0.004674791314466316,50,5000,46,full
0.001,1,-1.7201697732675199,300,True,True,True,False,13.710266562131286,0.004674745873251175,50,5000,46,full
0.001,2,-1.719369009652605,300,True,True,True,False,13.710100036011541,0.0046747918230295085,50,5000,46,full
0.001,3,-1.7194947300308008,300,True,True,True,False,13.710083987052677,0.004674793308846649,50,5000,46,full
0.001,4,-1.7194196243056346,300,True,True,True,False,13.710091223827742,0.004674791231165174,50,5000,46,full
0.001,5,-1.5294850116334664,27,True,True,True,False,13.64727496262507,0.004726483695438504,50,5000,46,full
0.001,6,-1.7194233393449658,300,True,True,True,False,13.710111488045202,0.004674789127631208,50,5000,46,full
0.001,7,-1.7194423315334424,300,True,True,True,False,13.710091210877849,0.004674791280858232,50,5000,46,full
0.001,8,-1.5294850115953167,34,True,True,True,False,13.647272474986133,0.004726485759616287,50,5000,46,full
0.001,9,-1.5294850116230667,37,True,True,True,False,13.64727478785965,0.004726483840501308,50,5000,46,full
0.0001,0,-1.7193751583976191,300,True,True,True,False,13.710102295163903,0.004674791285930634,50,5000,46,full
0.0001,1,-1.7201693129024582,300,True,True,True,False,13.71026961874761,0.004674745017282712,50,5000,46,full
0.0001,2,-1.7193691635470192,300,True,True,True,False,13.710100320819123,0.004674791775711993,50,5000,46,full
0.0001,3,-1.7194939164604603,300,True,True,True,False,13.710083891077907,0.00467479331952019,50,5000,46,full
0.0001,4,-1.7194197152267363,300,True,True,True,False,13.7100914120491,0.004674791212059946,50,5000,46,full
0.0001,5,-1.5294850116294523,27,True,True,True,False,13.647274897866481,0.004726483749178506,50,5000,46,full
0.0001,6,-1.7194233402660495,300,True,True,True,False,13.710111490842909,0.004674789128307031,50,5000,46,full
0.0001,7,-1.7194423016344786,300,True,True,True,False,13.710091261089218,0.0046747912787251655,50,5000,46,full
0.0001,8,-1.5294850115953302,34,True,True,True,False,13.647272473626765,0.004726485760743938,50,5000,46,full
0.0001,9,-1.5294850116254577,37,True,True,True,False,13.647274831062276,0.004726483804648284,50,5000,46,full
0.01,0,-1.721368583501932,300,True,True,True,False,13.679279735365489,0.004675448499363793,50,5000,47,full
0.01,1,-1.7206132532073795,300,True,True,True,False,13.679224295171624,0.004675448218323902,50,5000,47,full
0.01,2,-1.720649323682695,300,True,True,True,False,13.679258643187378,0.004675445934678488,50,5000,47,full
0.01,3,-1.72068388832165,300,True,True,True,False,13.679194452467671,0.004675454563071787,50,5000,47,full
0.01,4,-1.5305656955822058,27,True,True,True,True,13.62302534017497,0.00472549548598608,50,5000,47,full
0.01,5,-1.7206687729328374,300,True,True,True,False,13.67918595753337,0.004675451103996204,50,5000,47,full
0.01,6,-1.7206401650506238,300,True,True,True,False,13.6792305839387,0.0046754485137695725,50,5000,47,full
0.01,7,-1.5305656956251883,30,True,True,True,False,13.623027907970048,0.004725493308487095,50,5000,47,full
0.01,8,-1.7213416360239944,300,True,True,True,False,13.67926255831785,0.0046754360250467995,50,5000,47,full
0.01,9,-1.7213752096099022,300,True,True,True,False,13.67920490451789,0.004675463094287477,50,5000,47,full
0.001,0,-1.7213672779644456,300,True,True,True,False,13.67928814656446,0.004675444819286979,50,5000,47,full
0.001,1,-1.7206157550832302,300,True,True,True,False,13.679228090347898,0.004675447730924032,50,5000,47,full
0.001,2,-1.7206491935245172,300,True,True,True,False,13.679257073798338,0.004675446154173494,50,5000,47,full
0.001,3,-1.720682237026165,300,True,True,True,False,13.679194840173773,0.004675454438175526,50,5000,47,full
0.001,4,-1.5305656955975693,27,True,True,True,False,13.62302498824932,0.004725495784357309,50,5000,47,full
0.001,5,-1.720668036286382,300,True,True,True,False,13.679186159521425,0.004675451129084584,50,5000,47,full
0.001,6,-1.7206403652651632,300,True,True,True,False,13.67923004951919,0.004675448585383662,50,5000,47,full
0.001,7,-1.5305656955960951,31,True,True,True,False,13.6230274222918,0.004725493720413326,50,5000,47,full
0.001,8,-1.7213413363913432,300,True,True,True,False,13.679263814110268,0.004675435439363044,50,5000,47,full
0.001,9,-1.7213750082323713,300,True,True,True,False,13.679205390489965,0.004675462401754633,50,5000,47,full
0.0001,0,-1.7213671389406522,300,True,True,True,False,13.679288969692099,0.004675444449981865,50,5000,47,full
0.0001,1,-1.720616001409652,300,True,True,True,False,13.679228462100564,0.004675447684003655,50,5000,47,full
0.0001,2,-1.7206491811717906,300,True,True,True,False,13.679256918730866,0.004675446175695479,50,5000,47,full
0.0001,3,-1.7206820762131059,300,True,True,True,False,13.67919487626966,0.004675454425461395,50,5000,47,full
0.0001,4,-1.5305656955999833,27,True,True,True,False,13.623024943726014,0.00472549582210445,50,5000,47,full
0.0001,5,-1.7206679612276463,300,True,True,True,False,13.67918618108933,0.004675451131486035,50,5000,47,full
0.0001,6,-1.7206403845574176,300,True,True,True,False,13.67922999652923,0.004675448592383073,50,5000,47,full
0.0001,7,-1.5305656955971347,31,True,True,True,False,13.62302744304079,0.004725493702816604,50,5000,47,full
0.0001,8,-1.7213413049981083,300,True,True,True,False,13.679263946012771,0.004675435378262509,50,5000,47,full
0.0001,9,-1.7213749835821286,300,True,True,True,False,13.67920544289896,0.004675462328103622,50,5000,47,full
0.01,0,-1.7218244058952474,300,True,True,True,False,13.72039239353341,0.004666942014805008,50,5000,48,full
0.01,1,-1.7218088213748317,300,True,True,True,False,13.720336232360808,0.004666957003248923,50,5000,48,full
0.01,2,-1.5313722987207001,126,True,True,True,False,13.661724590014137,0.004717519309423181,50,5000,48,full
0.01,3,-1.5313722987047291,28,True,True,True,False,13.661724326493117,0.004717519525910152,50,5000,48,full
0.01,4,-1.7218583126984226,300,True,True,True,False,13.720384587807372,0.004666946808522795,50,5000,48,full
0.01,5,-1.7218136995212903,300,True,True,True,False,13.720386102637214,0.00466694212212948,50,5000,48,full
0.01,6,-1.7225224120744171,300,True,True,True,False,13.720592193956497,0.004666884807699708,50,5000,48,full
0.01,7,-1.5313722987229477,36,True,True,True,False,13.661724622986073,0.004717519282279314,50,5000,48,full
0.01,8,-1.5313722987231444,32,True,True,True,False,13.66172462672854,0.004717519279250357,50,5000,48,full
0.01,9,-1.531372298683718,33,True,True,True,True,13.66172195343515,0.004717521475128814,50,5000,48,full
0.001,0,-1.7218244574311747,300,True,True,True,False,13.72039268570224,0.004666942011407142,50,5000,48,full
0.001,1,-1.7218291154464307,300,True,True,True,False,13.720346642054443,0.004666954732106949,50,5000,48,full
0.001,2,-1.531372298724827,152,True,True,True,False,13.661724651626812,0.004717519258800785,50,5000,48,full
0.001,3,-1.5313722986915694,28,True,True,True,False,13.661724062998852,0.0047175197423719,50,5000,48,full
0.001,4,-1.7218576721708407,300,True,True,True,False,13.72038508768767,0.004666946692924264,50,5000,48,full
0.001,5,-1.7218142900433364,300,True,True,True,False,13.720386762284132,0.004666942087157702,50,5000,48,full
0.001,6,-1.7225223027122607,300,True,True,True,False,13.720591978105444,0.004666884385678068,50,5000,48,full
0.001,7,-1.5313722987079057,37,True,True,True,False,13.661724381576958,0.004717519480655182,50,5000,48,full
0.001,8,-1.5313722987213587,31,True,True,True,False,13.66172459907602,0.0047175193019674535,50,5000,48,full
0.001,9,-1.5313722986852611,33,True,True,True,False,13.661721912745033,0.004717521508546478,50,5000,48,full
0.0001,0,-1.7218244615131875,300,True,True,True,False,13.720392714951348,0.004666942010998409,50,5000,48,full
0.0001,1,-1.7218301556480125,300,True,True,True,False,13.720347439593741,0.004666954568239509,50,5000,48,full
0.0001,2,-1.5313722987159661,156,True,True,True,False,13.661724516700952,0.004717519369651446,50,5000,48,full
0.0001,3,-1.5313722987321219,27,True,True,True,False,13.661724755356097,0.004717519173544099,50,5000,48,full
0.0001,4,-1.7218576058564623,300,True,True,True,False,13.720385138085442,0.004666946681173071,50,5000,48,full
0.0001,5,-1.7218143465018243,300,True,True,True,False,13.720386829635268,0.004666942083612725,50,5000,48,full
0.0001,6,-1.7225222879980964,300,True,True,True,False,13.720591954685984,0.0046668843412871995,50,5000,48,full
0.0001,7,-1.5313722987101612,37,True,True,True,False,13.661724420643688,0.004717519448561492,50,5000,48,full
0.0001,8,-1.5313722987162282,31,True,True,True,False,13.661724520258021,0.004717519366721348,50,5000,48,full
0.0001,9,-1.5313722986854623,33,True,True,True,False,13.66172190776607,0.004717521512634953,50,5000,48,full
0.01,0,-1.72137016666235,300,True,True,True,False,13.721316199163725,0.004662287353981726,50,5000,49,full
0.01,1,-1.721361045588229,300,True,True,True,False,13.721447020687537,0.004662270325148893,50,5000,49,full
0.01,2,-1.7213870758396013,300,True,True,True,False,13.72129741850792,0.004662291079025719,50,5000,49,full
0.01,3,-1.7213755985162436,300,True,True,True,False,13.721297243024646,0.004662291275400174,50,5000,49,full
0.01,4,-1.7213364349130202,300,True,True,True,False,13.72131693142314,0.004662283686197687,50,5000,49,full
0.01,5,-1.5310792747362005,58,True,True,True,False,13.662395294871523,0.004713444178433196,50,5000,49,full
0.01,6,-1.722055215136379,300,True,True,True,False,13.762374516313237,0.004644062260308996,50,5000,49,full
0.01,7,-1.7220369366035317,300,True,True,True,False,13.721339589200586,0.004662289595422911,50,5000,49,full
0.01,8,-1.5310792747267927,32,True,True,True,False,13.662392152662385,0.004713446770191926,50,5000,49,full
0.01,9,-1.7214689727362773,300,True,True,True,False,13.721325655198713,0.0046622845455520255,50,5000,49,full
0.001,0,-1.7213701291228647,300,True,True,True,False,13.72131608407907,0.004662287355078485,50,5000,49,full
0.001,1,-1.7213636259806022,300,True,True,True,False,13.721448653459783,0.004662269652868014,50,5000,49,full
0.001,2,-1.7213882384311048,300,True,True,True,False,13.721298044183332,0.004662290915391893,50,5000,49,full
0.001,3,-1.7213771182627406,300,True,True,True,False,13.721298021416878,0.004662291121064882,50,5000,49,full
0.001,4,-1.7213370388844735,300,True,True,True,False,13.721317180378628,0.004662283701193035,50,5000,49,full
0.001,5,-1.531079274737357,73,True,True,True,False,13.662395311685351,0.004713444164562059,50,5000,49,full
0.001,6,-1.7220553223807977,300,True,True,True,False,13.762365320608984,0.004644076077814334,50,5000,49,full
0.001,7,-1.7220361698479787,300,True,True,True,False,13.72133933492065,0.0046622890016201,50,5000,49,full
0.001,8,-1.5310792747306377,32,True,True,True,False,13.662392088064447,0.0047134468234633345,50,5000,49,full
0.001,9,-1.7214559049123108,300,True,True,True,False,13.72132072285246,0.004662285612970126,50,5000,49,full
0.0001,0,-1.721370122940831,300,True,True,True,False,13.721316074251883,0.004662287354757539,50,5000,49,full
0.0001,1,-1.7213638618623508,300,True,True,True,False,13.721448748316575,0.004662269590850354,50,5000,49,full
0.0001,2,-1.7213883537047352,300,True,True,True,False,13.721298107016985,0.004662290898746743,50,5000,49,full
0.0001,3,-1.7213772763342816,300,True,True,True,False,13.72129810556621,0.004662291102457777,50,5000,49,full
0.0001,4,-1.721337093791817,300,True,True,True,False,13.721317205145796,0.004662283702597052,50,5000,49,full
0.0001,5,-1.5310792747235968,76,True,True,True,True,13.662395089237515,0.004713444348078131,50,5000,49,full
0.0001,6,-1.7220553339783549,300,True,True,True,False,13.76236501792966,0.004644077353307616,50,5000,49,full
0.0001,7,-1.7220360919670323,300,True,True,True,False,13.721339293742215,0.0046622889410120865,50,5000,49,full
0.0001,8,-1.5310792747311561,32,True,True,True,False,13.662392080271884,0.004713446829888823,50,5000,49,full
0.0001,9,-1.7214547525419772,300,True,True,True,False,13.72132024229964,0.004662285714754275,50,5000,49,full
0.01,0,-1.7204609460706979,300,True,True,True,False,13.706607872246595,0.0046843525975712634,50,5000,50,full
0.01,1,-1.7212067351555234,300,True,True,True,False,13.750930268996077,0.004672115674342043,50,5000,50,full
0.01,2,-1.7205315849482483,300,True,True,True,False,13.706585354437596,0.004684358938883464,50,5000,50,full
0.01,3,-1.7204394192099457,300,True,True,True,False,13.706601905239616,0.004684353136269772,50,5000,50,full
0.01,4,-1.5302676617147577,90,True,True,True,False,13.652770206102401,0.004733803597814284,50,5000,50,full
0.01,5,-1.530267661704003,31,True,True,True,False,13.652767746546445,0.004733805614923092,50,5000,50,full
0.01,6,-1.720372973344489,300,True,True,True,False,13.706624224763528,0.004684362596168143,50,5000,50,full
0.01,7,-1.7204393551073058,300,True,True,True,False,13.706608565218886,0.0046843602564453106,50,5000,50,full
0.01,8,-1.7205438424258004,300,True,True,True,False,13.70658234304259,0.0046843594428155905,50,5000,50,full
0.01,9,-1.7203750320635474,300,True,True,True,False,13.70661386915935,0.004684364592878135,50,5000,50,full
0.001,0,-1.720460904108978,300,True,True,True,False,13.70660782372614,0.0046843526090946325,50,5000,50,full
0.001,1,-1.7212069205867626,300,True,True,True,False,13.753036575277234,0.00467171192115131,50,5000,50,full
0.001,2,-1.7205285257704024,300,True,True,True,False,13.70658627789107,0.004684358664763402,50,5000,50,full
0.001,3,-1.7204404172908934,300,True,True,True,False,13.706602123919156,0.004684353093422909,50,5000,50,full
0.001,4,-1.5302676617273943,111,True,True,True,False,13.652770434416976,0.004733803410527438,50,5000,50,full
0.001,5,-1.530267661697395,31,True,True,True,False,13.65276791958404,0.004733805473034562,50,5000,50,full
0.001,6,-1.7203729866650461,300,True,True,True,False,13.706624389272925,0.004684362563903589,50,5000,50,full
0.001,7,-1.7204390318660052,300,True,True,True,False,13.70660817177401,0.004684360306215268,50,5000,50,full
0.001,8,-1.7205433524304665,300,True,True,True,False,13.706581910224502,0.004684359591036531,50,5000,50,full
0.001,9,-1.720376544497022,300,True,True,True,False,13.706612913020274,0.0046843648294465755,50,5000,50,full
0.0001,0,-1.7204609046749448,300,True,True,True,False,13.706607827007169,0.004684352609507705,50,5000,50,full
0.0001,1,-1.7212069363408993,300,True,True,True,False,13.753274867457971,0.004671666177989327,50,5000,50,full
0.0001,2,-1.7205282074684043,300,True,True,True,False,13.706586370481855,0.004684358637288433,50,5000,50,full
0.0001,3,-1.7204405170024635,300,True,True,True,False,13.70660214662452,0.0046843530892493,50,5000,50,full
0.0001,4,-1.5302676617275328,114,True,True,True,False,13.652770436605785,0.004733803408731957,50,5000,50,full
0.0001,5,-1.5302676616967972,31,True,True,True,True,13.652767937228326,0.004733805458566754,50,5000,50,full
0.0001,6,-1.720372990800737,300,True,True,True,False,13.706624402373645,0.00468436256148583,50,5000,50,full
0.0001,7,-1.7204389966800606,300,True,True,True,False,13.70660811473217,0.004684360313509613,50,5000,50,full
0.0001,8,-1.7205433014454654,300,True,True,True,False,13.706581869679548,0.004684359605126712,50,5000,50,full
0.0001,9,-1.7203767527207343,300,True,True,True,False,13.706612833125048,0.004684364851668007,50,5000,50,full
0.01,0,-1.5334089088846328,28,True,True,True,False,13.66420525476417,0.004725539382953502,50,5000,51,full
0.01,1,-1.7233043191127095,300,True,True,True,False,13.717583666730317,0.004677295008376135,50,5000,51,full
0.01,2,-1.7232730833678327,300,True,True,True,False,13.717591055519941,0.0046772930910307445,50,5000,51,full
0.01,3,-1.5334089088932967,38,True,True,True,False,13.664205418942428,0.0047255392545453604,50,5000,51,full
0.01,4,-1.7239907525851579,300,True,True,True,False,13.754792627575625,0.0046584974963394836,50,5000,51,full
0.01,5,-1.7239581420767578,300,True,True,True,False,13.717650987847838,0.00467729019907662,50,5000,51,full
0.01,6,-1.7239616664210353,300,True,True,True,False,13.717715056757674,0.004677269698786289,50,5000,51,full
0.01,7,-1.7236067050205648,300,True,True,True,False,13.717645533338723,0.004677272399187068,50,5000,51,full
0.01,8,-1.723149027739035,300,True,True,True,False,13.71761967485516,0.004677294400522692,50,5000,51,full
0.01,9,-1.5334089088757767,27,True,True,True,True,13.664205066885328,0.00472553952989845,50,5000,51,full
0.001,0,-1.533408908913149,27,True,True,True,False,13.664205740386112,0.004725539003077413,50,5000,51,full
0.001,1,-1.7233030993316791,300,True,True,True,False,13.717584045680725,0.004677294929880547,50,5000,51,full
0.001,2,-1.7232721167325247,300,True,True,True,False,13.717591279414382,0.00467729304887122,50,5000,51,full
0.001,3,-1.5334089088800593,38,True,True,True,False,13.664205160869626,0.0047255394564023456,50,5000,51,full
0.001,4,-1.7239909106777698,300,True,True,True,False,13.754960303161107,0.004658439438707941,50,5000,51,full
0.001,5,-1.7239549495851216,300,True,True,True,False,13.717643964514126,0.004677290383271255,50,5000,51,full
0.001,6,-1.7239613784385395,300,True,True,True,False,13.717717416586481,0.004677269486830529,50,5000,51,full
0.001,7,-1.7233048088497298,300,True,True,True,False,13.717620103443863,0.004677289251282833,50,5000,51,full
0.001,8,-1.7231504657787886,300,True,True,True,False,13.717619187823308,0.004677294571949179,50,5000,51,full
0.001,9,-1.53340890888602,27,True,True,True,False,13.6642052824873,0.0047255393612634575,50,5000,51,full
0.0001,0,-1.5334089089090706,27,True,True,True,False,13.664205679410218,0.004725539050772304,50,5000,51,full
0.0001,1,-1.7233029608414707,300,True,True,True,False,13.717584083497403,0.0046772949219510175,50,5000,51,full
0.0001,2,-1.7232720232056205,300,True,True,True,False,13.717591301520956,0.004677293044774167,50,5000,51,full
0.0001,3,-1.533408908878968,38,True,True,True,False,13.664205138288704,0.004725539474064466,50,5000,51,full
0.0001,4,-1.7239909268675233,300,True,True,True,False,13.754978164075927,0.0046584332738588054,50,5000,51,full
0.0001,5,-1.7239546729068413,300,True,True,True,False,13.717643215102779,0.004677290416639031,50,5000,51,full
0.0001,6,-1.7239613277900758,300,True,True,True,False,13.717717671915777,0.00467726946579116,50,5000,51,full
0.0001,7,-1.7233001248496123,300,True,True,True,False,13.717620848026453,0.004677289405623547,50,5000,51,full
0.0001,8,-1.7231506415801152,300,True,True,True,False,13.717619142196817,0.004677294589286857,50,5000,51,full
0.0001,9,-1.5334089088871719,27,True,True,True,False,13.664205305347556,0.0047255393433826174,50,5000,51,full
0.01,0,-1.7048794433208754,300,True,True,True,False,13.563990134249336,0.004776757356761186,50,500,42,full
0.01,1,-1.6682671515908887,215,True,True,True,False,14.595876183723831,0.0035287778669939596,50,500,42,full
0.01,2,-1.704972037307093,300,True,True,True,False,13.564607649900807,0.004776458164430168,50,500,42,full
0.01,3,-1.7058915195455409,300,True,True,True,False,13.56476270435825,0.004776449818386925,50,500,42,full
0.01,4,-1.7049660708662158,300,True,True,True,False,13.564592004602385,0.004776464899680723,50,500,42,full
0.01,5,-1.7049543966089644,300,True,True,True,False,13.564488333011498,0.00477649120704574,50,500,42,full
0.01,6,-1.7049612973416637,300,True,True,True,False,13.56457246142214,0.004776476069143672,50,500,42,full
0.01,7,-1.7049489156300837,300,True,True,True,False,13.564429750755695,0.004776503039601859,50,500,42,full
0.01,8,-1.7049534796676875,300,True,True,True,False,13.564433219607011,0.004776503050245463,50,500,42,full
0.01,9,-1.511348528879374,27,True,True,True,False,13.522946141942898,0.00482277742393579,50,500,42,full
0.001,0,-1.704874921359552,300,True,True,True,False,13.563998724687325,0.00477675560481364,50,500,42,full
0.001,1,-1.6682671524981632,214,True,True,True,False,14.595890999892754,0.0035287869950436637,50,500,42,full
0.001,2,-1.7049708497400298,300,True,True,True,False,13.564604310810306,0.004776459369427924,50,500,42,full
0.001,3,-1.7059000098862214,300,True,True,True,False,13.564738862304063,0.004776449506928701,50,500,42,full
0.001,4,-1.7049655735131013,300,True,True,True,False,13.564591796383679,0.004776465158649335,50,500,42,full
0.001,5,-1.7049464715469491,300,True,True,True,False,13.564445101936544,0.0047764981802641306,50,500,42,full
0.001,6,-1.704961784439772,300,True,True,True,False,13.564575095521153,0.004776475987173892,50,500,42,full
0.001,7,-1.7049495314591763,300,True,True,True,False,13.564432806172734,0.0047765026538272165,50,500,42,full
0.001,8,-1.7049540348019483,300,True,True,True,False,13.564436998387016,0.004776502600488316,50,500,42,full
0.001,9,-1.5113485288550685,28,True,True,True,True,13.522946299514158,0.004822777211167546,50,500,42,full
0.0001,0,-1.7048745795497362,300,True,True,True,False,13.563999348732864,0.004776755464821295,50,500,42,full
0.0001,1,-1.6682671522597945,214,True,True,True,False,14.595887135836021,0.0035287846050428445,50,500,42,full
0.0001,2,-1.70497073500407,300,True,True,True,False,13.564603999237672,0.004776459485313643,50,500,42,full
0.0001,3,-1.7059009501707116,300,True,True,True,False,13.564736459154936,0.004776449528215609,50,500,42,full
0.0001,4,-1.7049655264097738,300,True,True,True,False,13.564591787090539,0.0047764651819815086,50,500,42,full
0.0001,5,-1.7049458400617303,300,True,True,True,False,13.564441821344671,0.004776498764596519,50,500,42,full
0.0001,6,-1.7049618309837737,300,True,True,True,False,13.564575338337974,0.004776475984246881,50,500,42,full
0.0001,7,-1.7049495940797237,300,True,True,True,False,13.56443311908401,0.0047765026145560425,50,500,42,full
0.0001,8,-1.7049540982017508,300,True,True,True,False,13.564437436931216,0.004776502547337812,50,500,42,full
0.0001,9,-1.511348528866276,28,True,True,True,False,13.522946222458662,0.0048227773152369315,50,500,42,full
0.01,0,-1.518853685327894,41,True,True,True,False,13.76473398118716,0.00478019597302995,50,500,43,full
0.01,1,-1.7140690070923195,300,True,True,True,False,13.812348106733747,0.0047343604718358585,50,500,43,full
0.01,2,-1.5188536853370833,26,True,True,True,False,13.764733996861064,0.004780195951567289,50,500,43,full
0.01,3,-1.7141093854539124,300,True,True,True,False,13.811845245540365,0.004734438489382369,50,500,43,full
0.01,4,-1.5188536853272596,44,True,True,True,False,13.764733980097349,0.004780195974519872,50,500,43,full
0.01,5,-1.7138973607063317,300,True,True,True,False,13.813248934948906,0.0047342678092229225,50,500,43,full
0.01,6,-1.7139592840058153,300,True,True,True,False,13.812318405028968,0.0047341539587305555,50,500,43,full
0.01,7,-1.713952390293171,300,True,True,True,False,13.812465665478008,0.004734224583844707,50,500,43,full
0.01,8,-1.5188536846745673,27,True,True,True,False,13.764730222471119,0.004780201084840656,50,500,43,full
0.01,9,-1.7139647373002016,300,True,True,True,False,13.812301493582975,0.004734185534663345,50,500,43,full
0.001,0,-1.5188536855099146,41,True,True,True,False,13.764734277891005,0.004780195568928462,50,500,43,full
0.001,1,-1.714081326126581,300,True,True,True,False,13.812385725123475,0.004734348323962786,50,500,43,full
0.001,2,-1.5188536854006647,26,True,True,True,False,13.764734103482555,0.004780195806366223,50,500,43,full
0.001,3,-1.7141213862913143,300,True,True,True,False,13.811759881392417,0.004734448719769253,50,500,43,full
0.001,4,-1.5188536854456047,43,True,True,True,False,13.764734176559708,0.004780195706954887,50,500,43,full
0.001,5,-1.7138973833733988,300,True,True,True,False,13.813248083722595,0.004734267841464679,50,500,43,full
0.001,6,-1.713959259948669,300,True,True,True,False,13.812320641539271,0.004734152508141004,50,500,43,full
0.001,7,-1.7139517810184302,300,True,True,True,False,13.8124679087541,0.004734222666022368,50,500,43,full
0.001,8,-1.5188536846413867,28,True,True,True,True,13.76473037499173,0.004780200877719438,50,500,43,full
0.001,9,-1.7139643274543825,300,True,True,True,False,13.81230061000735,0.004734185290217622,50,500,43,full
0.0001,0,-1.5188536850062424,42,True,True,True,False,13.764733354790108,0.00478019682588128,50,500,43,full
0.0001,1,-1.714083128730508,300,True,True,True,False,13.812390402613413,0.004734346808671402,50,500,43,full
0.0001,2,-1.5188536854091272,26,True,True,True,False,13.76473411737459,0.004780195787446813,50,500,43,full
0.0001,3,-1.714122673904835,300,True,True,True,False,13.811750266970263,0.004734449953969816,50,500,43,full
0.0001,4,-1.5188536853855281,43,True,True,True,False,13.76473407857133,0.004780195840409182,50,500,43,full
0.0001,5,-1.7138973908345698,300,True,True,True,False,13.813247804709388,0.004734267852626511,50,500,43,full
0.0001,6,-1.713959261268821,300,True,True,True,False,13.812320826125806,0.0047341523892847764,50,500,43,full
0.0001,7,-1.7139517337149295,300,True,True,True,False,13.812468081776558,0.004734222477151344,50,500,43,full
0.0001,8,-1.5188536847165404,28,True,True,True,False,13.76473005609378,0.00478020131086225,50,500,43,full
0.0001,9,-1.7139642865855385,300,True,True,True,False,13.812300524448354,0.004734185264846771,50,500,43,full
0.01,0,-1.7069478602156283,300,True,True,True,False,13.702772797183743,0.004735159442849078,50,500,44,full
0.01,1,-1.7080429277247209,300,True,True,True,False,13.702825709106937,0.004735294153906127,50,500,44,full
0.01,2,-1.7072524002604472,300,True,True,True,False,13.701934839074633,0.004735374143388977,50,500,44,full
0.01,3,-1.5119848531382039,38,True,True,True,False,13.653378297664949,0.004785694800686531,50,500,44,full
0.01,4,-1.707013371111223,300,True,True,True,False,13.702986382528238,0.0047350577494885875,50,500,44,full
0.01,5,-1.511984853521881,44,True,True,True,False,13.65337995656205,0.004785690148325943,50,500,44,full
0.01,6,-1.7069479739278486,300,True,True,True,False,13.702803727839024,0.004735144438927412,50,500,44,full
0.01,7,-1.511984853220241,29,True,True,True,False,13.653378171034614,0.004785695154486338,50,500,44,full
0.01,8,-1.706949151356728,300,True,True,True,False,13.7027838700941,0.004735156013231597,50,500,44,full
0.01,9,-1.7069493753520661,300,True,True,True,False,13.702816375887458,0.00473513766611544,50,500,44,full
0.001,0,-1.7069478186331264,300,True,True,True,False,13.702773881424257,0.004735158921154131,50,500,44,full
0.001,1,-1.7080443833294654,300,True,True,True,False,13.70282215692936,0.004735297481167851,50,500,44,full
0.001,2,-1.707216634275319,300,True,True,True,False,13.702009209797854,0.004735426427271131,50,500,44,full
0.001,3,-1.5119848531377345,38,True,True,True,False,13.653378298469741,0.004785694798436259,50,500,44,full
0.001,4,-1.7070080882848548,300,True,True,True,False,13.702977911520343,0.004735060313322604,50,500,44,full
0.001,5,-1.5119848534672373,58,True,True,True,False,13.653379903180017,0.0047856902984079585,50,500,44,full
0.001,6,-1.706947900338008,300,True,True,True,False,13.702802546480626,0.004735145042562531,50,500,44,full
0.001,7,-1.5119848531191011,32,True,True,True,False,13.653378331195436,0.004785694706823417,50,500,44,full
0.001,8,-1.7069489973537466,300,True,True,True,False,13.702783570331656,0.00473515599856734,50,500,44,full
0.001,9,-1.70694913436495,300,True,True,True,False,13.70281441726715,0.004735138652068098,50,500,44,full
0.0001,0,-1.7069478145255952,300,True,True,True,False,13.702773988493426,0.004735158869455932,50,500,44,full
0.0001,1,-1.7080444959208958,300,True,True,True,False,13.702822089202957,0.004735297482218196,50,500,44,full
0.0001,2,-1.707213304286365,300,True,True,True,False,13.702042798897429,0.004735425268624295,50,500,44,full
0.0001,3,-1.511984853137725,38,True,True,True,False,13.653378298493337,0.004785694798369638,50,500,44,full
0.0001,4,-1.7070075576399797,300,True,True,True,False,13.702977018286498,0.004735060592059776,50,500,44,full
0.0001,5,-1.511984853471873,72,True,True,True,False,13.653379907793862,0.004785690285380115,50,500,44,full
0.0001,6,-1.7069478929205895,300,True,True,True,False,13.702802419457681,0.0047351451074165544,50,500,44,full
0.0001,7,-1.5119848530014472,33,True,True,True,True,13.653378616172928,0.004785693909389445,50,500,44,full
0.0001,8,-1.706948983169501,300,True,True,True,False,13.702783545780619,0.004735155995764758,50,500,44,full
0.0001,9,-1.7069491113569868,300,True,True,True,False,13.70281422510938,0.004735138748840084,50,500,44,full
0.01,0,-1.520881328495259,26,True,True,True,False,13.726926589148164,0.004770739203631153,50,500,45,full
0.01,1,-1.7152202779403394,300,True,True,True,False,13.781797834944083,0.004719316789530226,50,500,45,full
0.01,2,-1.7151899004906062,300,True,True,True,False,13.7825949957272,0.004718976007499154,50,500,45,full
0.01,3,-1.7152162740343777,300,True,True,True,False,13.782714964956295,0.004718906549481183,50,500,45,full
0.01,4,-1.71519668144839,300,True,True,True,False,13.782579484639118,0.004718989333906435,50,500,45,full
0.01,5,-1.7151901668609146,300,True,True,True,False,13.782613824583649,0.004718966761325077,50,500,45,full
0.01,6,-1.7163069193269749,300,True,True,True,False,13.782557035230056,0.004719045686381473,50,500,45,full
0.01,7,-1.7151905380796277,300,True,True,True,False,13.78260995772787,0.004718973409512873,50,500,45,full
0.01,8,-1.7150991494257533,300,True,True,True,False,13.78265246862315,0.0047192256327235884,50,500,45,full
0.01,9,-1.5208813277821676,31,True,True,True,False,13.72692456412829,0.00477074453263497,50,500,45,full
0.001,0,-1.520881328038344,27,True,True,True,False,13.726926176465604,0.004770740293189494,50,500,45,full
0.001,1,-1.7152139158392692,300,True,True,True,False,13.781814590768278,0.004719315954916946,50,500,45,full
0.001,2,-1.7151900572385546,300,True,True,True,False,13.782594346732076,0.00471897668923059,50,500,45,full
0.001,3,-1.7152128624159675,300,True,True,True,False,13.78270170972791,0.0047189120189697715,50,500,45,full
0.001,4,-1.7152039735798694,300,True,True,True,False,13.782599657036386,0.004718988255055462,50,500,45,full
0.001,5,-1.7151900897280996,300,True,True,True,False,13.78261210137192,0.004718967587854852,50,500,45,full
0.001,6,-1.7163049718909353,300,True,True,True,False,13.78255515788431,0.00471904797046,50,500,45,full
0.001,7,-1.7151905750264265,300,True,True,True,False,13.782610016375697,0.0047189735063717046,50,500,45,full
0.001,8,-1.7151017798254078,300,True,True,True,False,13.78267952353869,0.004719220163420488,50,500,45,full
0.001,9,-1.5208813277755069,31,True,True,True,False,13.726924575451749,0.004770744502885357,50,500,45,full
0.0001,0,-1.5208813280419522,27,True,True,True,False,13.726926180403606,0.004770740282802331,50,500,45,full
0.0001,1,-1.7152132512669236,300,True,True,True,False,13.781816397067573,0.004719315857576208,50,500,45,full
0.0001,2,-1.7151900740868335,300,True,True,True,False,13.782594279244162,0.0047189767563526,50,500,45,full
0.0001,3,-1.7152125921386638,300,True,True,True,False,13.782700714559112,0.00471891248928426,50,500,45,full
0.0001,4,-1.715204826026289,300,True,True,True,False,13.782602168197654,0.00471898810745641,50,500,45,full
0.0001,5,-1.7151900829444144,300,True,True,True,False,13.782611944627721,0.004718967665503531,50,500,45,full
0.0001,6,-1.7163047789363737,300,True,True,True,False,13.782554964474038,0.00471904825817526,50,500,45,full
0.0001,7,-1.7151976134102236,300,True,True,True,False,13.782592294793687,0.004718985723716121,50,500,45,full
0.0001,8,-1.7151020381843523,300,True,True,True,False,13.78268219324017,0.004719219618191092,50,500,45,full
0.0001,9,-1.5208813277747224,31,True,True,True,True,13.726924576782906,0.0047707444993849565,50,500,45,full
0.01,0,-1.70675879821559,300,True,True,True,False,13.71409018313112,0.004688919618194635,50,500,46,full
0.01,1,-1.707387030119517,300,True,True,True,False,13.715324151788826,0.004688488316717157,50,500,46,full
0.01,2,-1.706730091153339,300,True,True,True,False,13.714747785699567,0.0046887907417487214,50,500,46,full
0.01,3,-1.7067234100830244,300,True,True,True,False,13.71460962020542,0.004688606753280465,50,500,46,full
0.01,4,-1.7067093062556407,300,True,True,True,False,13.714608694826556,0.004688583980290015,50,500,46,full
0.01,5,-1.5141692040447194,25,True,True,True,False,13.661409509827791,0.004739036953129892,50,500,46,full
0.01,6,-1.7067081929019376,300,True,True,True,False,13.714588970128489,0.004688590334981004,50,500,46,full
0.01,7,-1.706711025188736,300,True,True,True,False,13.714932853431813,0.004688713244360384,50,500,46,full
0.01,8,-1.5141692044485464,39,True,True,True,False,13.661411160810895,0.004739032376505869,50,500,46,full
0.01,9,-1.514169203908433,39,True,True,True,True,13.661409775640362,0.004739036220741991,50,500,46,full
0.001,0,-1.7067612934057996,300,True,True,True,False,13.714123303951444,0.004688916001331688,50,500,46,full
0.001,1,-1.7073751460171407,300,True,True,True,False,13.715303434580308,0.004688491341840329,50,500,46,full
0.001,2,-1.7067415050757286,300,True,True,True,False,13.71475839711737,0.004688798160419054,50,500,46,full
0.001,3,-1.7067202015764762,300,True,True,True,False,13.714596257357712,0.004688607575064389,50,500,46,full
0.001,4,-1.706709156450158,300,True,True,True,False,13.714606680134416,0.004688584697654609,50,500,46,full
0.001,5,-1.5141692039586883,26,True,True,True,False,13.661409659212008,0.004739036541709813,50,500,46,full
0.001,6,-1.7067081604943817,300,True,True,True,False,13.714588354595225,0.0046885905591079885,50,500,46,full
0.001,7,-1.7067207481228959,300,True,True,True,False,13.715018195476024,0.004688681846769652,50,500,46,full
0.001,8,-1.5141692043058819,42,True,True,True,False,13.661411028740766,0.004739032744681391,50,500,46,full
0.001,9,-1.51416920394479,38,True,True,True,False,13.661409688342687,0.004739036461818554,50,500,46,full
0.0001,0,-1.706761472988895,300,True,True,True,False,13.714125668250812,0.004688915731664795,50,500,46,full
0.0001,1,-1.707373888934686,300,True,True,True,False,13.715301189101732,0.004688491777569726,50,500,46,full
0.0001,2,-1.7067425336508408,300,True,True,True,False,13.714760637502549,0.004688798801626281,50,500,46,full
0.0001,3,-1.7067199165044733,300,True,True,True,False,13.714595067381447,0.004688607642031247,50,500,46,full
0.0001,4,-1.7067091424778287,300,True,True,True,False,13.714606491854795,0.004688584765776029,50,500,46,full
0.0001,5,-1.51416920397874,26,True,True,True,False,13.661409620405871,0.004739036648798671,50,500,46,full
0.0001,6,-1.706708157317166,300,True,True,True,False,13.71458829417573,0.0046885905813217246,50,500,46,full
0.0001,7,-1.7067221806834918,300,True,True,True,False,13.71502830797279,0.004688677795207495,50,500,46,full
0.0001,8,-1.514169204453511,42,True,True,True,False,13.661411165111257,0.004739032364516052,50,500,46,full
0.0001,9,-1.5141692039281878,38,True,True,True,False,13.661409725753845,0.004739036358508896,50,500,46,full
0.01,0,-1.72848640169361,300,True,True,True,False,13.75331837871147,0.004697238078201508,50,500,47,full
0.01,1,-1.7278968985418315,300,True,True,True,False,13.753134254561722,0.004697150115885698,50,500,47,full
0.01,2,-1.72784375353842,300,True,True,True,False,13.75261609387624,0.004697145411002269,50,500,47,full
0.01,3,-1.7278962612389646,300,True,True,True,False,13.753064210586832,0.004697109098750095,50,500,47,full
0.01,4,-1.7278634657509444,300,True,True,True,False,13.75249621209374,0.004697094957861721,50,500,47,full
0.01,5,-1.7278365170977632,300,True,True,True,False,13.752525535811158,0.004697143110746351,50,500,47,full
0.01,6,-1.727850507628051,300,True,True,True,False,13.752456956204279,0.004697183487965041,50,500,47,full
0.01,7,-1.5330650158533345,36,True,True,True,False,13.705915881345003,0.004746270777518991,50,500,47,full
0.01,8,-1.5330650158037873,37,True,True,True,False,13.705915846425777,0.004746270901057553,50,500,47,full
0.01,9,-1.728581975744761,300,True,True,True,False,13.75181166468319,0.004697519114857674,50,500,47,full
0.001,0,-1.7284863162369313,300,True,True,True,False,13.753317936029418,0.004697238208919802,50,500,47,full
0.001,1,-1.7278971550693683,300,True,True,True,False,13.753136915569446,0.004697148423590062,50,500,47,full
0.001,2,-1.7278434761307606,300,True,True,True,False,13.7526125630334,0.004697145816060415,50,500,47,full
0.001,3,-1.7278946992603748,300,True,True,True,False,13.753050197657203,0.0046971090302097744,50,500,47,full
0.001,4,-1.7278620335146564,300,True,True,True,False,13.752497544739937,0.00469709652438619,50,500,47,full
0.001,5,-1.7278365309187842,300,True,True,True,False,13.752525899986436,0.004697143083390483,50,500,47,full
0.001,6,-1.7278482263393982,300,True,True,True,False,13.752448458004483,0.004697183392530708,50,500,47,full
0.001,7,-1.5330650157100667,36,True,True,True,False,13.705915775894264,0.004746271150768921,50,500,47,full
0.001,8,-1.5330650159422465,37,True,True,True,False,13.70591594050969,0.004746270567859278,50,500,47,full
0.001,9,-1.7285857763364516,300,True,True,True,False,13.75181801139453,0.004697518043838936,50,500,47,full
0.0001,0,-1.728486309089278,300,True,True,True,False,13.753317879046875,0.004697238226654119,50,500,47,full
0.0001,1,-1.7278971804382552,300,True,True,True,False,13.753137169641832,0.004697148258062323,50,500,47,full
0.0001,2,-1.7278434457757132,300,True,True,True,False,13.7526121803889,0.004697145858682379,50,500,47,full
0.0001,3,-1.7278945357113247,300,True,True,True,False,13.753048770537447,0.004697109033613675,50,500,47,full
0.0001,4,-1.7278618929733474,300,True,True,True,False,13.752497674162493,0.004697096681684652,50,500,47,full
0.0001,5,-1.727836532410061,300,True,True,True,False,13.752525938785627,0.004697143080374012,50,500,47,full
0.0001,6,-1.7278480234661129,300,True,True,True,False,13.752447734446442,0.004697183374151473,50,500,47,full
0.0001,7,-1.5330650156989531,36,True,True,True,True,13.70591576707643,0.004746271181968452,50,500,47,full
0.0001,8,-1.5330650159579682,37,True,True,True,False,13.7059159505717,0.004746270532208899,50,500,47,full
0.0001,9,-1.7285862340922564,300,True,True,True,False,13.751818771265645,0.004697517915367051,50,500,47,full
0.01,0,-1.7244685037358214,300,True,True,True,False,13.758896820707777,0.004697567985884548,50,500,48,full
0.01,1,-1.7244737884536177,300,True,True,True,False,13.758886908496272,0.004697568396543085,50,500,48,full
0.01,2,-1.7244688528301326,300,True,True,True,False,13.758943130134927,0.004697546258282909,50,500,48,full
0.01,3,-1.7244732245552679,300,True,True,True,False,13.75887335621466,0.00469760857461172,50,500,48,full
0.01,4,-1.7244668589280996,300,True,True,True,False,13.758906400890266,0.00469756521325383,50,500,48,full
0.01,5,-1.7244814130776462,300,True,True,True,False,13.758871626149386,0.004697573253941273,50,500,48,full
0.01,6,-1.5304796682848962,40,True,True,True,True,13.707261083246156,0.0047486000422823655,50,500,48,full
0.01,7,-1.5304796683548108,37,True,True,True,False,13.70726115954441,0.004748599860779581,50,500,48,full
0.01,8,-1.7253637644199753,300,True,True,True,False,13.758455428142078,0.0046979057411209914,50,500,48,full
0.01,9,-1.7244694857460654,300,True,True,True,False,13.75887950002149,0.004697578575953726,50,500,48,full
0.001,0,-1.7244683672820957,300,True,True,True,False,13.758897468883514,0.0046975677864679165,50,500,48,full
0.001,1,-1.7244724959889646,300,True,True,True,False,13.758889447423437,0.0046975679181056,50,500,48,full
0.001,2,-1.7244687578950844,300,True,True,True,False,13.758942406216832,0.004697546630277826,50,500,48,full
0.001,3,-1.7244756219289126,300,True,True,True,False,13.758874485183513,0.004697607639936653,50,500,48,full
0.001,4,-1.7244668246945623,300,True,True,True,False,13.758906818804233,0.004697565056093994,50,500,48,full
0.001,5,-1.724480011328042,300,True,True,True,False,13.758873057991297,0.004697573127099312,50,500,48,full
0.001,6,-1.5304796685689614,41,True,True,True,False,13.707261366352375,0.004748599368693416,50,500,48,full
0.001,7,-1.530479668488655,37,True,True,True,False,13.707261292789346,0.004748599543764112,50,500,48,full
0.001,8,-1.725403631418785,300,True,True,True,False,13.758532233056442,0.004697878107742664,50,500,48,full
0.001,9,-1.7244685506199315,300,True,True,True,False,13.758885180097776,0.004697575919525588,50,500,48,full
0.0001,0,-1.7244683540921129,300,True,True,True,False,13.758897533379251,0.004697567766393211,50,500,48,full
0.0001,1,-1.7244723789235543,300,True,True,True,False,13.758889697015947,0.004697567868660021,50,500,48,full
0.0001,2,-1.7244687482510817,300,True,True,True,False,13.758942331472026,0.004697546668524672,50,500,48,full
0.0001,3,-1.7244758654855843,300,True,True,True,False,13.758874609548299,0.004697607536205755,50,500,48,full
0.0001,4,-1.724466821304367,300,True,True,True,False,13.758906861490644,0.004697565039957804,50,500,48,full
0.0001,5,-1.724479877117167,300,True,True,True,False,13.75887320297794,0.004697573112720415,50,500,48,full
0.0001,6,-1.5304796687025681,41,True,True,True,False,13.707261480454745,0.0047485990970173335,50,500,48,full
0.0001,7,-1.5304796685038433,37,True,True,True,False,13.707261307029707,0.0047485995098727335,50,500,48,full
0.0001,8,-1.7254145830401988,300,True,True,True,False,13.758553707968268,0.004697869004527241,50,500,48,full
0.0001,9,-1.7244684665160097,300,True,True,True,False,13.758885739748372,0.0046975756599458894,50,500,48,full
0.01,0,-1.729519844852439,300,True,True,True,False,13.708074725066382,0.004696990735795723,50,500,49,full
0.01,1,-1.7295402240000837,300,True,True,True,False,13.70806436071505,0.004697005292896311,50,500,49,full
0.01,2,-1.72926789324012,157,True,True,True,False,179.8398555771361,0.0046970096750727185,50,500,49,full
0.01,3,-1.7295099309257782,300,True,True,True,False,13.708169322206915,0.0046969416851650875,50,500,49,full
0.01,4,-1.729528823997553,300,True,True,True,False,13.708060131223283,0.004697004330581274,50,500,49,full
0.01,5,-1.7298213217961793,300,True,True,True,False,13.70790506889108,0.004697307771961672,50,500,49,full
0.01,6,-1.7304264830760407,300,True,True,True,False,13.707922404753727,0.004697129494538392,50,500,49,full
0.01,7,-1.6940620196160103,205,True,True,True,False,14.598989136014868,0.0034170300831273194,50,500,49,full
0.01,8,-1.7295450720017542,300,True,True,True,False,13.708292194335034,0.004696883522534963,50,500,49,full
0.01,9,-1.7296377431492742,300,True,True,True,False,13.707757401852588,0.004697240082272724,50,500,49,full
0.001,0,-1.7295184953323661,300,True,True,True,False,13.708076076402463,0.0046969897434378655,50,500,49,full
0.001,1,-1.7295344083678494,300,True,True,True,False,13.708063955429383,0.004697003213201481,50,500,49,full
0.001,2,-1.7292678949748088,161,True,True,True,False,179.82157403579453,0.004697009526917942,50,500,49,full
0.001,3,-1.7295095826951266,300,True,True,True,False,13.7081671567035,0.004696942894250312,50,500,49,full
0.001,4,-1.7295273546667769,300,True,True,True,False,13.708060728134726,0.004697003551770082,50,500,49,full
0.001,5,-1.7297878368626873,300,True,True,True,False,13.707839753249992,0.0046973377304710675,50,500,49,full
0.001,6,-1.7304225943203526,300,True,True,True,False,13.707912651569774,0.00469713296356164,50,500,49,full
0.001,7,-1.6940620188184645,203,True,True,True,False,14.598978104614766,0.0034170218277948363,50,500,49,full
0.001,8,-1.7295447616927697,300,True,True,True,False,13.708288753628725,0.004696885298742427,50,500,49,full
0.001,9,-1.7296361651971002,300,True,True,True,False,13.707777576051523,0.004697218061706687,50,500,49,full
0.0001,0,-1.7295183682443656,300,True,True,True,False,13.708076210573894,0.004696989646200621,50,500,49,full
0.0001,1,-1.7295339399477159,300,True,True,True,False,13.708063998866699,0.004697003011964701,50,500,49,full
0.0001,2,-1.729267895479129,162,True,True,True,False,179.8179380079825,0.004697009511312644,50,500,49,full
0.0001,3,-1.729509548964882,300,True,True,True,False,13.708166942746558,0.0046969430137269634,50,500,49,full
0.0001,4,-1.7295272137603386,300,True,True,True,False,13.708060791942858,0.0046970034735800865,50,500,49,full
0.0001,5,-1.7297843263257477,300,True,True,True,False,13.707833556225966,0.004697340445250433,50,500,49,full
0.0001,6,-1.7304221705387823,300,True,True,True,False,13.707911601859186,0.004697133358395736,50,500,49,full
0.0001,7,-1.6940620180152308,203,True,True,True,True,14.598966876286621,0.0034170134557095885,50,500,49,full
0.0001,8,-1.7295447324514721,300,True,True,True,False,13.708288436322801,0.004696885460869449,50,500,49,full
0.0001,9,-1.7296360742593204,300,True,True,True,False,13.707781530865274,0.004697214012659142,50,500,49,full
0.01,0,-1.7123797247799366,300,True,True,True,False,13.535889523642558,0.004734599403493766,50,500,50,full
0.01,1,-1.5222992300470684,28,True,True,True,True,13.486079931722607,0.004785206137491984,50,500,50,full
0.01,2,-1.7123850310772766,300,True,True,True,False,13.535938822747857,0.0047346481404712485,50,500,50,full
0.01,3,-1.7123837103501385,300,True,True,True,False,13.53590918670452,0.004734588204932482,50,500,50,full
0.01,4,-1.5222992305084997,31,True,True,True,False,13.4860823921954,0.0047852020394774,50,500,50,full
0.01,5,-1.7137671735637359,300,True,True,True,False,13.560241189947515,0.004715457619784637,50,500,50,full
0.01,6,-1.7132923074006787,300,True,True,True,False,13.535500119667175,0.0047348593633996456,50,500,50,full
0.01,7,-1.5222992301633778,28,True,True,True,False,13.486079504486202,0.004785206847588478,50,500,50,full
0.01,8,-1.712529293532588,300,True,True,True,False,13.535775993065705,0.004734662689482305,50,500,50,full
0.01,9,-1.713249978303436,300,True,True,True,False,13.535899435803518,0.004734595616707369,50,500,50,full
0.001,0,-1.7123795941954418,300,True,True,True,False,13.535888395100569,0.0047346000728313185,50,500,50,full
0.001,1,-1.5222992300614446,30,True,True,True,False,13.486079864850986,0.004785206248786958,50,500,50,full
0.001,2,-1.7124336086783536,300,True,True,True,False,13.53589982732052,0.0047346445238022755,50,500,50,full
0.001,3,-1.7123834837824892,300,True,True,True,False,13.535908324994482,0.00473458870356119,50,500,50,full
0.001,4,-1.5222992308441672,31,True,True,True,False,13.486082900305993,0.0047852011914850355,50,500,50,full
0.001,5,-1.7137674607179445,300,True,True,True,False,13.560530970095224,0.004715371959402102,50,500,50,full
0.001,6,-1.7132907059974365,300,True,True,True,False,13.535492841776984,0.004734859263130166,50,500,50,full
0.001,7,-1.5222992301764764,28,True,True,True,False,13.486079466688961,0.004785206910415599,50,500,50,full
0.001,8,-1.7125284748335057,300,True,True,True,False,13.535772239117087,0.004734663400141188,50,500,50,full
0.001,9,-1.7132425102119229,300,True,True,True,False,13.53585614460754,0.004734583551991036,50,500,50,full
0.0001,0,-1.7123795811400022,300,True,True,True,False,13.535888276620451,0.0047346001430283,50,500,50,full
0.0001,1,-1.522299230122561,30,True,True,True,False,13.486079632176864,0.00478520663565585,50,500,50,full
0.0001,2,-1.7124352856103136,300,True,True,True,False,13.535895592487172,0.0047346444320091295,50,500,50,full
0.0001,3,-1.7123834614617344,300,True,True,True,False,13.535908239330452,0.004734588753176389,50,500,50,full
0.0001,4,-1.522299230895158,31,True,True,True,False,13.486082968072175,0.004785201078344161,50,500,50,full
0.0001,5,-1.7137674940701313,300,True,True,True,False,13.560557968050377,0.00471536279131632,50,500,50,full
0.0001,6,-1.7132905561494522,300,True,True,True,False,13.535492160023113,0.004734859242331295,50,500,50,full
0.0001,7,-1.5222992301782177,28,True,True,True,False,13.486079461753704,0.0047852069186200405,50,500,50,full
0.0001,8,-1.7125283920347016,300,True,True,True,False,13.535771862104092,0.004734663474728375,50,500,50,full
0.0001,9,-1.713240339632489,300,True,True,True,False,13.53585922686534,0.004734578527253246,50,500,50,full
0.01,0,-1.7182197793730585,300,True,True,True,False,13.456845765303086,0.0047109564578159515,50,500,51,full
0.01,1,-1.718097994751925,300,True,True,True,False,13.456926752809778,0.004711097463642372,50,500,51,full
0.01,2,-1.7180893760930285,300,True,True,True,False,13.456832413415489,0.004711021926569837,50,500,51,full
0.01,3,-1.5283317239972174,31,True,True,True,False,13.41335403339255,0.004760541888538661,50,500,51,full
0.01,4,-1.5283317235130045,38,True,True,True,True,13.413351845109664,0.004760546446052773,50,500,51,full
0.01,5,-1.7195280872063938,300,True,True,True,False,13.522930500611725,0.004686746104872192,50,500,51,full
0.01,6,-1.7187491980197451,300,True,True,True,False,13.456971948516502,0.004711173626838568,50,500,51,full
0.01,7,-1.7181982166216583,300,True,True,True,False,13.456842990328457,0.0047109419526900715,50,500,51,full
0.01,8,-1.7182098604921074,300,True,True,True,False,13.45684981746385,0.004710937964119183,50,500,51,full
0.01,9,-1.718775178172468,300,True,True,True,False,13.456823533741927,0.004711252159723903,50,500,51,full
0.001,0,-1.7182188421319324,300,True,True,True,False,13.456847312294942,0.004710952935383699,50,500,51,full
0.001,1,-1.7180878532869888,300,True,True,True,False,13.456954772879103,0.004711091186906719,50,500,51,full
0.001,2,-1.7180883210554445,300,True,True,True,False,13.456832816632716,0.004711020582299596,50,500,51,full
0.001,3,-1.5283317243530845,31,True,True,True,False,13.413354437325555,0.004760541045303286,50,500,51,full
0.001,4,-1.5283317235848548,37,True,True,True,False,13.413351657369022,0.004760546836274623,50,500,51,full
0.001,5,-1.7195395847534976,300,True,True,True,False,13.519027861577083,0.004687296201697,50,500,51,full
0.001,6,-1.718745759128404,300,True,True,True,False,13.456972122165844,0.0047111746518777,50,500,51,full
0.001,7,-1.7181970828938804,300,True,True,True,False,13.456842685589237,0.004710942187181301,50,500,51,full
0.001,8,-1.7182085262469855,300,True,True,True,False,13.456848716027134,0.004710938605138253,50,500,51,full
0.001,9,-1.7187735475991104,300,True,True,True,False,13.456827417032432,0.004711250609841207,50,500,51,full
0.0001,0,-1.7182188457911078,300,True,True,True,False,13.456847611435988,0.004710952451246857,50,500,51,full
0.0001,1,-1.71808544349404,300,True,True,True,False,13.456960990972812,0.004711088226403134,50,500,51,full
0.0001,2,-1.7180882280838488,300,True,True,True,False,13.456832862948342,0.004711020456741719,50,500,51,full
0.0001,3,-1.528331723879657,32,True,True,True,False,13.413353873996916,0.00476054222112099,50,500,51,full
0.0001,4,-1.5283317235575857,37,True,True,True,False,13.41335172328992,0.0047605466992535666,50,500,51,full
0.0001,5,-1.7195411817645652,300,True,True,True,False,13.518239591586225,0.00468738344835417,50,500,51,full
0.0001,6,-1.7187454164619334,300,True,True,True,False,13.456972139595898,0.0047111747529170345,50,500,51,full
0.0001,7,-1.718196965176824,300,True,True,True,False,13.456842659462438,0.004710942208994815,50,500,51,full
0.0001,8,-1.718208387771341,300,True,True,True,False,13.456848604557443,0.004710938669934478,50,500,51,full
0.0001,9,-1.7187733889901897,300,True,True,True,False,13.456827825050159,0.004711250458975637,50,500,51,full
0.01,0,-1.7209199125845829,300,True,True,True,False,13.699051727391677,0.004775710075135113,5,1000,42,full
0.01,1,-1.7188534530429882,205,True,True,True,True,65.32012698373751,0.004776122587565013,5,1000,42,full
0.01,2,-1.7196396848689248,249,True,True,True,False,33.270490941478755,0.004775669624734578,5,1000,42,full
0.01,3,-1.7240033891178435,300,True,True,True,False,13.69830543785234,0.004775747344914196,5,1000,42,full
0.01,4,-1.7208079466678958,136,True,True,True,False,13.696193518320698,0.004775363213715603,5,1000,42,full
0.01,5,-1.7221705001497958,300,True,True,True,False,13.699640706209259,0.004775556478667764,5,1000,42,full
0.01,6,-1.7196396881382643,185,True,True,True,False,33.2701980550512,0.0047756696230433285,5,1000,42,full
0.01,7,-1.7225351686389418,300,True,True,True,False,13.707447696003218,0.004776378074978459,5,1000,42,full
0.01,8,-1.7215315382363092,300,True,True,True,False,13.699499530840452,0.004775543746714326,5,1000,42,full
0.01,9,-1.7214075522693777,211,True,True,True,False,13.69734290565342,0.004775682474426375,5,1000,42,full
0.001,0,-1.7209170952244015,300,True,True,True,False,13.699150638331663,0.004775711138869708,5,1000,42,full
0.001,1,-1.7188534577278438,202,True,True,True,False,65.31751547655928,0.004776122567453732,5,1000,42,full
0.001,2,-1.7196396823835864,256,True,True,True,False,33.27071200289052,0.004775669626031707,5,1000,42,full
0.001,3,-1.724085433920573,300,True,True,True,False,13.698372597665651,0.00477581277009156,5,1000,42,full
0.001,4,-1.7208079460364074,139,True,True,True,False,13.696193508787493,0.004775363214387137,5,1000,42,full
0.001,5,-1.7222804563051624,300,True,True,True,False,13.70050750010909,0.004775545309426522,5,1000,42,full
0.001,6,-1.7196396820390314,189,True,True,True,False,33.270742537471314,0.0047756696262127645,5,1000,42,full
0.001,7,-1.7225360243882784,300,True,True,True,False,13.707503925906034,0.004776370029691196,5,1000,42,full
0.001,8,-1.721473296290386,300,True,True,True,False,13.699359975909012,0.004775563076072143,5,1000,42,full
0.001,9,-1.7214075414503127,241,True,True,True,False,13.697340088501244,0.004775682584667068,5,1000,42,full
0.0001,0,-1.7209170757518382,300,True,True,True,False,13.69915163819667,0.004775711147374817,5,1000,42,full
0.0001,1,-1.718853453847819,202,True,True,True,False,65.31960591178772,0.004776122582466521,5,1000,42,full
0.0001,2,-1.7196396902238702,256,True,True,True,False,33.27000997210575,0.004775669621969053,5,1000,42,full
0.0001,3,-1.7240839161312178,300,True,True,True,False,13.698362408041294,0.004775812880232363,5,1000,42,full
0.0001,4,-1.720807952013535,139,True,True,True,False,13.696193501918238,0.0047753632104683705,5,1000,42,full
0.0001,5,-1.7222889343975625,300,True,True,True,False,13.70053027583747,0.00477554537001478,5,1000,42,full
0.0001,6,-1.7196396848767768,189,True,True,True,False,33.27049024164687,0.004775669624730573,5,1000,42,full
0.0001,7,-1.7225360990876128,300,True,True,True,False,13.707507998799292,0.00477636937013116,5,1000,42,full
0.0001,8,-1.7214641270834186,300,True,True,True,False,13.699326474811734,0.004775566477328723,5,1000,42,full
0.0001,9,-1.7214075480678774,256,True,True,True,False,13.697341877458664,0.004775682513092451,5,1000,42,full
0.01,0,-1.676546455767822,300,True,True,True,False,13.879494219907201,0.003329919308605442,5,1000,43,full
0.01,1,-1.7131748872930634,300,True,True,True,False,13.559512117348572,0.0047971384333372145,5,1000,43,full
0.01,2,-1.524793078393298,23,True,True,True,False,13.509340512048764,0.004822772295947676,5,1000,43,full
0.01,3,-1.7131731964233514,137,True,True,True,False,13.559522091406048,0.004797138337848681,5,1000,43,full
0.01,4,-1.7163519384108625,157,True,True,True,False,13.55839695925607,0.004797725353690379,5,1000,43,full
0.01,5,-1.713140463687636,80,True,True,True,False,13.560875176352457,0.004796690157037283,5,1000,43,full
0.01,6,-1.7144930151754707,284,True,True,True,False,13.55990459697026,0.00479689191495984,5,1000,43,full
0.01,7,-1.7131731984989347,133,True,True,True,False,13.559521640829566,0.00479713831889009,5,1000,43,full
0.01,8,-1.6765470728845706,300,True,True,True,False,13.881097077786023,0.0033304427858863446,5,1000,43,full
0.01,9,-1.7131732071807153,274,True,True,True,False,13.559521944478321,0.004797138321532478,5,1000,43,full
0.001,0,-1.676546446609131,300,True,True,True,False,13.87946945842261,0.0033299109436815424,5,1000,43,full
0.001,1,-1.714491100229472,300,True,True,True,False,13.559755383892977,0.004796978480409531,5,1000,43,full
0.001,2,-1.524793075980037,24,True,True,True,True,13.509341119194534,0.004822774812449538,5,1000,43,full
0.001,3,-1.7131732043694297,136,True,True,True,False,13.559521984879837,0.004797138334916412,5,1000,43,full
0.001,4,-1.7163519855990974,158,True,True,True,False,13.558430418868934,0.004797721674572742,5,1000,43,full
0.001,5,-1.7131404494038103,86,True,True,True,False,13.560875755925098,0.004796689914837819,5,1000,43,full
0.001,6,-1.7144934304919828,300,True,True,True,False,13.559899983104449,0.004796894399317075,5,1000,43,full
0.001,7,-1.713173195964107,135,True,True,True,False,13.559521674662351,0.004797138320032459,5,1000,43,full
0.001,8,-1.6765473294201954,300,True,True,True,False,13.88178583349912,0.003330676699680932,5,1000,43,full
0.001,9,-1.7131732061498874,272,True,True,True,False,13.559521954552329,0.004797138321896884,5,1000,43,full
0.0001,0,-1.6765464456370414,300,True,True,True,False,13.879466830125972,0.0033299100557826317,5,1000,43,full
0.0001,1,-1.7145064059291053,160,True,True,True,False,13.55979312457651,0.004796959344010968,5,1000,43,full
0.0001,2,-1.5247930760158583,24,True,True,True,False,13.50934110918485,0.004822774770621473,5,1000,43,full
0.0001,3,-1.7131732037352907,136,True,True,True,False,13.559521990315575,0.004797138335132142,5,1000,43,full
0.0001,4,-1.7163519966725187,158,True,True,True,False,13.558434394936144,0.0047977212076358786,5,1000,43,full
0.0001,5,-1.713140457393722,86,True,True,True,False,13.560875490960518,0.004796690022100696,5,1000,43,full
0.0001,6,-1.714493540737615,300,True,True,True,False,13.559898891294973,0.004796894993369932,5,1000,43,full
0.0001,7,-1.7131731986904193,135,True,True,True,False,13.559521637257891,0.004797138318317079,5,1000,43,full
0.0001,8,-1.6765473508633553,300,True,True,True,False,13.88184346000863,0.003330696327871107,5,1000,43,full
0.0001,9,-1.7131732028907107,272,True,True,True,False,13.559521990826509,0.004797138323289614,5,1000,43,full
0.01,0,-1.758268545184928,300,True,True,True,False,13.601993342269303,0.00476381184323778,5,1000,44,full
0.01,1,-1.7565270801121085,300,True,True,True,False,13.599453744946683,0.0047642559959705085,5,1000,44,full
0.01,2,-1.7563385943870577,300,True,True,True,False,13.602674511747836,0.004764296514680602,5,1000,44,full
0.01,3,-1.5526604901607182,31,True,True,True,False,13.550397819903571,0.004786063136167288,5,1000,44,full
0.01,4,-1.7561186042149148,283,True,True,True,False,13.602972248474266,0.004764073090870764,5,1000,44,full
0.01,5,-1.7582140679275413,300,True,True,True,False,13.602081950976059,0.004763834177498725,5,1000,44,full
0.01,6,-1.7558351694035923,300,True,True,True,False,13.605510309133908,0.004764347081704542,5,1000,44,full
0.01,7,-1.7557622982952172,97,True,True,True,False,15.982742213732216,0.004763987743853754,5,1000,44,full
0.01,8,-1.7558300820130688,300,True,True,True,False,13.605541804041623,0.004764346274011632,5,1000,44,full
0.01,9,-1.7582047091329098,222,True,True,True,False,13.602083922803446,0.004763849189303535,5,1000,44,full
0.001,0,-1.7585272697469427,128,True,True,True,False,13.602161525610637,0.004763847318009328,5,1000,44,full
0.001,1,-1.756118609808043,190,True,True,True,False,13.602972402146172,0.004764073057432613,5,1000,44,full
0.001,2,-1.7564590466751597,300,True,True,True,False,13.602121206080207,0.004764234405424647,5,1000,44,full
0.001,3,-1.5526604889109359,31,True,True,True,False,13.550397668870213,0.0047860643015366815,5,1000,44,full
0.001,4,-1.7562309851948121,300,True,True,True,False,13.603014615434487,0.004764056238515938,5,1000,44,full
0.001,5,-1.7582129659597039,300,True,True,True,False,13.602084195264815,0.004763835062657035,5,1000,44,full
0.001,6,-1.7558389290773597,300,True,True,True,False,13.605485673183043,0.0047643476564072675,5,1000,44,full
0.001,7,-1.7557622916884945,99,True,True,True,False,15.990494490704883,0.004763987759910135,5,1000,44,full
0.001,8,-1.7558683213961126,300,True,True,True,False,13.605266708147575,0.0047643520867756885,5,1000,44,full
0.001,9,-1.7582047372132503,226,True,True,True,False,13.602084747533072,0.004763849072538214,5,1000,44,full
0.0001,0,-1.7569066360982069,300,True,True,True,False,13.602555933379227,0.004764013696697547,5,1000,44,full
0.0001,1,-1.7561186026595446,180,True,True,True,False,13.602972203782363,0.004764073100592498,5,1000,44,full
0.0001,2,-1.7564735912408989,300,True,True,True,False,13.602058706127545,0.004764225295943595,5,1000,44,full
0.0001,3,-1.552660488807356,31,True,True,True,True,13.550397655603984,0.00478606440388689,5,1000,44,full
0.0001,4,-1.7564864009246275,300,True,True,True,False,13.602893142134382,0.004764043341535143,5,1000,44,full
0.0001,5,-1.7582128650723026,300,True,True,True,False,13.602084407476452,0.004763835148349847,5,1000,44,full
0.0001,6,-1.7558395997440035,300,True,True,True,False,13.605481183158554,0.004764347757806644,5,1000,44,full
0.0001,7,-1.75576229406427,99,True,True,True,False,15.988228485396416,0.0047639877551259565,5,1000,44,full
0.0001,8,-1.755875699102031,300,True,True,True,False,13.605204230224011,0.004764353246599431,5,1000,44,full
0.0001,9,-1.758204728287708,227,True,True,True,False,13.602084861133804,0.004763849107821363,5,1000,44,full
0.01,0,-1.729219713934263,240,True,True,True,False,14.109973186783085,0.004368842580156155,5,1000,45,full
0.01,1,-1.7325365997566302,208,True,True,True,False,14.110014382572727,0.004368797464433195,5,1000,45,full
0.01,2,-1.7341017199756974,155,True,True,True,False,14.106419380505884,0.004369320171517536,5,1000,45,full
0.01,3,-1.7325365974460831,200,True,True,True,False,14.110035361307279,0.004368792668488275,5,1000,45,full
0.01,4,-1.7272556099923535,261,True,True,True,False,103.26131041685557,0.0043686803062248265,5,1000,45,full
0.01,5,-1.7325365019214027,125,True,True,True,False,14.110037449602308,0.0043687930523291525,5,1000,45,full
0.01,6,-1.7319102220599627,131,True,True,True,False,14.109875204570512,0.004369397448365989,5,1000,45,full
0.01,7,-1.7314950256820099,300,True,True,True,False,14.107544621704402,0.0043694517148211405,5,1000,45,full
0.01,8,-1.732536575049375,168,True,True,True,False,14.110025353629533,0.0043687953323414104,5,1000,45,full
0.01,9,-1.7272462841366665,192,True,True,True,False,159.04275151302195,0.004368696881822817,5,1000,45,full
0.001,0,-1.7272012009576865,260,True,True,True,True,109.53857428268171,0.004368647648027093,5,1000,45,full
0.001,1,-1.7325365955474237,203,True,True,True,False,14.110014651456192,0.004368797409632967,5,1000,45,full
0.001,2,-1.7341017706319501,161,True,True,True,False,14.106432685409086,0.004369318155988728,5,1000,45,full
0.001,3,-1.7325366093962227,197,True,True,True,False,14.110035517622197,0.004368792636261234,5,1000,45,full
0.001,4,-1.7272556104920629,277,True,True,True,False,103.26523155442926,0.0043686803247450275,5,1000,45,full
0.001,5,-1.7325364955390448,123,True,True,True,False,14.110039411089392,0.0043687926756994615,5,1000,45,full
0.001,6,-1.731910220614872,129,True,True,True,False,14.109874786086388,0.004369397577426781,5,1000,45,full
0.001,7,-1.7314950394573088,300,True,True,True,False,14.10754450392018,0.004369451711516422,5,1000,45,full
0.001,8,-1.732536577522238,166,True,True,True,False,14.11002638993143,0.004368795131384733,5,1000,45,full
0.001,9,-1.728530525364061,135,True,True,True,False,283.11843471167515,0.004368755768247127,5,1000,45,full
0.0001,0,-1.7272012035958855,257,True,True,True,False,109.55344832762643,0.004368647691484707,5,1000,45,full
0.0001,1,-1.7325366041607768,202,True,True,True,False,14.110014622414413,0.004368797420458185,5,1000,45,full
0.0001,2,-1.7341017704924757,162,True,True,True,False,14.10643439829798,0.004369317870046192,5,1000,45,full
0.0001,3,-1.7325366052550846,197,True,True,True,False,14.110035467424563,0.004368792646432416,5,1000,45,full
0.0001,4,-1.7272556106580683,280,True,True,True,False,103.2663732503159,0.004368680330199211,5,1000,45,full
0.0001,5,-1.7325364910796013,123,True,True,True,False,14.110039439902016,0.004368792667696544,5,1000,45,full
0.0001,6,-1.7319102176962498,129,True,True,True,False,14.109874736195028,0.004369397561383453,5,1000,45,full
0.0001,7,-1.7314950408228251,300,True,True,True,False,14.10754449018314,0.004369451711638413,5,1000,45,full
0.0001,8,-1.7325365740916647,166,True,True,True,False,14.110026415656506,0.004368795124526017,5,1000,45,full
0.0001,9,-1.728530528827042,135,True,True,True,False,283.0708398163814,0.00436875564882391,5,1000,45,full
0.01,0,-1.6778588878865652,287,True,True,True,False,14.124006229728355,0.004582081602633123,5,1000,46,full
0.01,1,-1.6800933962557147,300,True,True,True,False,14.14854963066605,0.004574034497423561,5,1000,46,full
0.01,2,-1.6761691922208524,157,True,True,True,False,14.127675131415328,0.0045818631672654596,5,1000,46,full
0.01,3,-1.6776358389632697,300,True,True,True,False,14.121212696766008,0.004583011186014631,5,1000,46,full
0.01,4,-1.6776347569959527,142,True,True,True,False,14.12119071040698,0.0045830324737726694,5,1000,46,full
0.01,5,-1.6794065331950854,248,True,True,True,False,14.126936844502264,0.004581387769548237,5,1000,46,full
0.01,6,-1.677634959937002,184,True,True,True,False,14.12118758527651,0.004583025483794188,5,1000,46,full
0.01,7,-1.677634954764387,149,True,True,True,False,14.121191526723617,0.004583025374690402,5,1000,46,full
0.01,8,-1.6761685618821143,104,True,True,True,True,14.127508545127391,0.004581841815325045,5,1000,46,full
0.01,9,-1.6831314517620557,202,True,True,True,False,14.257642141907732,0.004541117039349148,5,1000,46,full
0.001,0,-1.677858896294233,278,True,True,True,False,14.124006627452653,0.004582081431096712,5,1000,46,full
0.001,1,-1.6800934818369788,300,True,True,True,False,14.148548556161336,0.004574035107579827,5,1000,46,full
0.001,2,-1.6761692000656796,161,True,True,True,False,14.127676193317274,0.004581863304024898,5,1000,46,full
0.001,3,-1.6776350734837078,300,True,True,True,False,14.121191780441869,0.004583023104575393,5,1000,46,full
0.001,4,-1.677634790825296,143,True,True,True,False,14.12119202664095,0.004583030623997728,5,1000,46,full
0.001,5,-1.6794067145707194,240,True,True,True,False,14.126921878051993,0.004581392362688505,5,1000,46,full
0.001,6,-1.6776349658905811,184,True,True,True,False,14.121187830043754,0.004583025350940082,5,1000,46,full
0.001,7,-1.67763495297123,151,True,True,True,False,14.121190863379706,0.004583025432412619,5,1000,46,full
0.001,8,-1.6761691876215918,177,True,True,True,False,14.127674506370461,0.004581863087327972,5,1000,46,full
0.001,9,-1.683131451071838,202,True,True,True,False,14.25764199975971,0.004541117228543386,5,1000,46,full
0.0001,0,-1.6778588868814186,278,True,True,True,False,14.124006188861228,0.004582081599447514,5,1000,46,full
0.0001,1,-1.6800934958469562,300,True,True,True,False,14.148548385528104,0.004574035203887456,5,1000,46,full
0.0001,2,-1.6761691899793696,162,True,True,True,False,14.12767482662486,0.004581863127963004,5,1000,46,full
0.0001,3,-1.677635044528177,300,True,True,True,False,14.121190741922257,0.004583023686970503,5,1000,46,full
0.0001,4,-1.6776347977740098,143,True,True,True,False,14.121192346220122,0.0045830303599202725,5,1000,46,full
0.0001,5,-1.679406737315743,239,True,True,True,False,14.126920717740367,0.004581392680539381,5,1000,46,full
0.0001,6,-1.6776349666146602,184,True,True,True,False,14.121187859609948,0.004583025334849837,5,1000,46,full
0.0001,7,-1.6776349564048534,151,True,True,True,False,14.121190988358048,0.004583025356014771,5,1000,46,full
0.0001,8,-1.6761691943289334,184,True,True,True,False,14.127675417922175,0.0045818632044766485,5,1000,46,full
0.0001,9,-1.6831314508044484,202,True,True,True,False,14.257642021161523,0.00454111724665739,5,1000,46,full
0.01,0,-1.4474818973492216,37,True,True,True,False,14.849392615579031,0.004529903187286339,5,1000,47,full
0.01,1,-1.641809519480203,300,True,True,True,False,15.070466822321224,0.004445929756069565,5,1000,47,full
0.01,2,-1.6420548413448657,148,True,True,True,False,15.0710943374031,0.004445901280484902,5,1000,47,full
0.01,3,-1.640596853302856,94,True,True,True,False,15.075174104209477,0.004444753072459085,5,1000,47,full
0.01,4,-1.5894960859284128,163,True,True,True,False,16.10854249590233,0.003969325702644558,5,1000,47,full
0.01,5,-1.6446611293310955,300,True,True,True,False,15.077133784748556,0.004444602135397052,5,1000,47,full
0.01,6,-1.6446508505001893,300,True,True,True,False,15.077004725305382,0.004444630435228214,5,1000,47,full
0.01,7,-1.4474818972642844,29,True,True,True,False,14.849392917378504,0.00452990270386487,5,1000,47,full
0.01,8,-1.4474818985993272,33,True,True,True,False,14.849399502533261,0.004529892066110869,5,1000,47,full
0.01,9,-1.4474819003755075,35,True,True,True,False,14.849401655257426,0.004529888552110985,5,1000,47,full
0.001,0,-1.447481897350252,37,True,True,True,False,14.84939261218876,0.004529903192676113,5,1000,47,full
0.001,1,-1.6418092412155472,300,True,True,True,False,15.070466075748085,0.004445929885082567,5,1000,47,full
0.001,2,-1.6420548520173162,147,True,True,True,False,15.071092777401036,0.004445901646346874,5,1000,47,full
0.001,3,-1.640596848429038,95,True,True,True,False,15.075174636036612,0.004444753059597125,5,1000,47,full
0.001,4,-1.5894960814789507,168,True,True,True,False,16.108618499716385,0.003969323826989355,5,1000,47,full
0.001,5,-1.644661496660102,300,True,True,True,False,15.077136750479879,0.0044446014242256315,5,1000,47,full
0.001,6,-1.6446509232592106,300,True,True,True,False,15.077006060448873,0.004444630119919443,5,1000,47,full
0.001,7,-1.447481897259658,29,True,True,True,False,14.849392935168236,0.0045299026751393495,5,1000,47,full
0.001,8,-1.44748189943715,33,True,True,True,False,14.84940061786986,0.004529890245583484,5,1000,47,full
0.001,9,-1.4474819002367605,35,True,True,True,False,14.849401513129749,0.004529888786354147,5,1000,47,full
0.0001,0,-1.4474818973504118,37,True,True,True,False,14.849392611622815,0.004529903193575506,5,1000,47,full
0.0001,1,-1.6418128553332196,300,True,True,True,False,15.070476010598874,0.004445929300772227,5,1000,47,full
0.0001,2,-1.6420548513260353,147,True,True,True,False,15.071092885097926,0.004445901621106599,5,1000,47,full
0.0001,3,-1.6405968493729408,95,True,True,True,False,15.075174531861355,0.004444753061965308,5,1000,47,full
0.0001,4,-1.589496075927089,169,True,True,True,False,16.10877427540712,0.003969315258886392,5,1000,47,full
0.0001,5,-1.6446615382589986,300,True,True,True,False,15.077137080341025,0.0044446013445540635,5,1000,47,full
0.0001,6,-1.644650932030843,300,True,True,True,False,15.077006220835814,0.0044446300821984405,5,1000,47,full
0.0001,7,-1.4474818972591574,29,True,True,True,True,14.849392937108398,0.004529902672004763,5,1000,47,full
0.0001,8,-1.447481899522413,33,True,True,True,False,14.849400719414819,0.0045298900794104625,5,1000,47,full
0.0001,9,-1.4474819002424248,35,True,True,True,False,14.849401519017352,0.00452988877669714,5,1000,47,full
0.01,0,-1.657072168167594,270,True,True,True,False,16.21687760746729,0.004270001035380125,5,1000,48,full
0.01,1,-1.6570749097345645,300,True,True,True,False,16.21689369050933,0.004269995650461492,5,1000,48,full
0.01,2,-1.6570752141878506,300,True,True,True,False,16.216897250166276,0.0042699947541086575,5,1000,48,full
0.01,3,-1.4681179763802983,26,True,True,True,False,16.01731213381936,0.004345899604001727,5,1000,48,full
0.01,4,-1.657265181380905,300,True,True,True,False,16.21645648034481,0.004270082092242526,5,1000,48,full
0.01,5,-1.6584840807885386,290,True,True,True,False,16.221268725479316,0.004268531395753078,5,1000,48,full
0.01,6,-1.468117976690024,34,True,True,True,False,16.017312089679383,0.004345899509421399,5,1000,48,full
0.01,7,-1.468117977015176,51,True,True,True,False,16.01731204381914,0.0043458994114384634,5,1000,48,full
0.01,8,-1.6594638294681856,300,True,True,True,False,16.226178955967985,0.0042673563436877475,5,1000,48,full
0.01,9,-1.6570753178789328,300,True,True,True,False,16.21689908076988,0.00426999416187247,5,1000,48,full
0.001,0,-1.6570722366154358,272,True,True,True,False,16.216877214801116,0.004270001078772937,5,1000,48,full
0.001,1,-1.6570749123282553,300,True,True,True,False,16.216893594897787,0.00426999567705573,5,1000,48,full
0.001,2,-1.6570751210215844,300,True,True,True,False,16.216896591881415,0.004269994944750491,5,1000,48,full
0.001,3,-1.4681179760149519,26,True,True,True,False,16.01731218664809,0.004345899717041065,5,1000,48,full
0.001,4,-1.657264188397702,300,True,True,True,False,16.21644868486,0.004270084098844129,5,1000,48,full
0.001,5,-1.6584841986988823,300,True,True,True,False,16.22127501259911,0.004268529708210962,5,1000,48,full
0.001,6,-1.4681179770482906,34,True,True,True,False,16.017312039210896,0.0043458994015168236,5,1000,48,full
0.001,7,-1.4681179762840844,51,True,True,True,False,16.017312147695844,0.0043458996335651486,5,1000,48,full
0.001,8,-1.6594326288364534,300,True,True,True,False,16.226294425202497,0.00426734026174451,5,1000,48,full
0.001,9,-1.657075147592553,300,True,True,True,False,16.216897467424722,0.004269994627795061,5,1000,48,full
0.0001,0,-1.6570722281992916,273,True,True,True,False,16.216877076571084,0.004270001115848613,5,1000,48,full
0.0001,1,-1.6570749126017268,300,True,True,True,False,16.216893584510995,0.004269995679955576,5,1000,48,full
0.0001,2,-1.6570751121914473,300,True,True,True,False,16.21689652791455,0.00426999496323277,5,1000,48,full
0.0001,3,-1.4681179759719614,26,True,True,True,True,16.01731219291567,0.004345899730454344,5,1000,48,full
0.0001,4,-1.6572640888695764,300,True,True,True,False,16.216447908881598,0.004270084298600233,5,1000,48,full
0.0001,5,-1.6584842761310516,300,True,True,True,False,16.22127871939437,0.004268528713182256,5,1000,48,full
0.0001,6,-1.4681179770935204,34,True,True,True,False,16.017312032890768,0.004345899388006249,5,1000,48,full
0.0001,7,-1.4681179762151797,51,True,True,True,False,16.017312157640912,0.004345899654837807,5,1000,48,full
0.0001,8,-1.6594301542302292,300,True,True,True,False,16.22630020579255,0.004267340078086951,5,1000,48,full
0.0001,9,-1.657075130670438,300,True,True,True,False,16.216897307155687,0.004269994674128234,5,1000,48,full
0.01,0,-1.6316378355166512,300,True,True,True,False,16.191830536157443,0.004348484179757054,5,1000,49,full
0.01,1,-1.6316382967164857,300,True,True,True,False,16.191824088079073,0.00434848624333566,5,1000,49,full
0.01,2,-1.440581808700037,23,True,True,True,True,16.003408687976993,0.004431913114478307,5,1000,49,full
0.01,3,-1.6336030282697849,200,True,True,True,False,16.19583518464162,0.004347367345149374,5,1000,49,full
0.01,4,-1.6336048440719122,300,True,True,True,False,16.195779205374752,0.004347382228514109,5,1000,49,full
0.01,5,-1.4405818152969705,33,True,True,True,False,16.00340203138546,0.004431906968023683,5,1000,49,full
0.01,6,-1.6341580937054456,300,True,True,True,False,16.20347319016449,0.004345533635823499,5,1000,49,full
0.01,7,-1.633040445067128,179,True,True,True,False,16.20142634681191,0.004345830733136976,5,1000,49,full
0.01,8,-1.6333439071271108,300,True,True,True,False,16.193037211982695,0.004348046585436779,5,1000,49,full
0.01,9,-1.6316419586969173,300,True,True,True,False,16.191793376818726,0.004348496720981368,5,1000,49,full
0.001,0,-1.6316376878661514,298,True,True,True,False,16.19183280870268,0.004348483459539409,5,1000,49,full
0.001,1,-1.6316380864152995,300,True,True,True,False,16.191826913896364,0.004348485335151477,5,1000,49,full
0.001,2,-1.4405818087700362,24,True,True,True,False,16.00340898135371,0.004431913358031586,5,1000,49,full
0.001,3,-1.6336032364742747,207,True,True,True,False,16.195827270000912,0.004347369448030604,5,1000,49,full
0.001,4,-1.6336048685971218,300,True,True,True,False,16.195778541796752,0.004347382404878326,5,1000,49,full
0.001,5,-1.4405818164923805,33,True,True,True,False,16.003401514711175,0.004431906495572201,5,1000,49,full
0.001,6,-1.6341579369271555,300,True,True,True,False,16.203471846647755,0.004345533974124721,5,1000,49,full
0.001,7,-1.6330404446332585,183,True,True,True,False,16.20142634833576,0.004345830731040656,5,1000,49,full
0.001,8,-1.6328871167068706,300,True,True,True,False,16.192293168209947,0.0043481426590442525,5,1000,49,full
0.001,9,-1.6316394964797238,300,True,True,True,False,16.191810843123243,0.004348490597012686,5,1000,49,full
0.0001,0,-1.6316376746074177,298,True,True,True,False,16.191833018233222,0.004348483393305681,5,1000,49,full
0.0001,1,-1.6316380783098527,300,True,True,True,False,16.191827026501144,0.004348485299089896,5,1000,49,full
0.0001,2,-1.4405818087413427,25,True,True,True,False,16.003407145783285,0.004431911659322584,5,1000,49,full
0.0001,3,-1.6336032668642118,207,True,True,True,False,16.195826448892973,0.0043473696655535205,5,1000,49,full
0.0001,4,-1.6336048692610932,300,True,True,True,False,16.19577851832531,0.004347382411105092,5,1000,49,full
0.0001,5,-1.4405818166403261,33,True,True,True,False,16.003401453539457,0.00443190643964627,5,1000,49,full
0.0001,6,-1.6341579213317543,300,True,True,True,False,16.203471694490062,0.004345534013008206,5,1000,49,full
0.0001,7,-1.633040452541662,183,True,True,True,False,16.20142631668799,0.004345830724118745,5,1000,49,full
0.0001,8,-1.6328710657992305,300,True,True,True,False,16.192323500740187,0.004348132364117455,5,1000,49,full
0.0001,9,-1.6316394341462908,300,True,True,True,False,16.191811431290926,0.004348490399636343,5,1000,49,full
0.01,0,-1.6850482463101275,300,True,True,True,False,15.29357529751932,0.004618222914593391,5,1000,50,full
0.01,1,-1.6868229647668875,300,True,True,True,False,15.290137225080239,0.004618689721983462,5,1000,50,full
0.01,2,-1.6853687162139035,151,True,True,True,False,15.292163591968592,0.004618306740650219,5,1000,50,full
0.01,3,-1.6853687796935766,140,True,True,True,False,15.29217343766452,0.004618306308112619,5,1000,50,full
0.01,4,-1.4968623401278824,35,True,True,True,True,15.145501489126858,0.004708915297333197,5,1000,50,full
0.01,5,-1.6892731728569539,300,True,True,True,False,16.295257385689524,0.004610815834638316,5,1000,50,full
0.01,6,-1.6858499541089227,114,True,True,True,False,15.297832876990958,0.00461826918497122,5,1000,50,full
0.01,7,-1.6867671736509955,150,True,True,True,False,15.297624560541848,0.004618030937848135,5,1000,50,full
0.01,8,-1.6851876343186145,300,True,True,True,False,15.293580644491778,0.004618220181191724,5,1000,50,full
0.01,9,-1.6853688777158469,209,True,True,True,False,15.292177624087472,0.0046183061906989575,5,1000,50,full
0.001,0,-1.6850141646348085,300,True,True,True,False,15.293579245152333,0.004618223103251778,5,1000,50,full
0.001,1,-1.6867233133554445,300,True,True,True,False,15.291001191304845,0.004618650346964588,5,1000,50,full
0.001,2,-1.6853687289969383,150,True,True,True,False,15.292165382589408,0.004618306656794923,5,1000,50,full
0.001,3,-1.6853687815631357,140,True,True,True,False,15.292173661675076,0.004618306297652865,5,1000,50,full
0.001,4,-1.4968623433721342,34,True,True,True,False,15.145493363728432,0.004708913129384107,5,1000,50,full
0.001,5,-1.6891930925488428,300,True,True,True,False,16.423593154752243,0.004597414626826976,5,1000,50,full
0.001,6,-1.6858499645278628,116,True,True,True,False,15.297832717947566,0.004618269184420292,5,1000,50,full
0.001,7,-1.6867670157360106,154,True,True,True,False,15.297617196969865,0.004618033565221315,5,1000,50,full
0.001,8,-1.685196537816547,300,True,True,True,False,15.29358348227621,0.004618219860486932,5,1000,50,full
0.001,9,-1.68536887437446,205,True,True,True,False,15.292177397618596,0.004618306200450347,5,1000,50,full
0.0001,0,-1.685009605495758,300,True,True,True,False,15.293579816424268,0.004618223117933288,5,1000,50,full
0.0001,1,-1.6867123930184162,300,True,True,True,False,15.291102647351735,0.004618645612814821,5,1000,50,full
0.0001,2,-1.6853687285222743,150,True,True,True,False,15.292165356391108,0.004618306658348159,5,1000,50,full
0.0001,3,-1.6853687817411134,140,True,True,True,False,15.292173682993102,0.004618306296662534,5,1000,50,full
0.0001,4,-1.4968623433218422,34,True,True,True,False,15.145493478819795,0.004708913160081762,5,1000,50,full
0.0001,5,-1.689179525353032,300,True,True,True,False,16.43914643096023,0.004594636368078397,5,1000,50,full
0.0001,6,-1.685849969568565,116,True,True,True,False,15.297832648985127,0.004618269184479335,5,1000,50,full
0.0001,7,-1.6867670498590004,156,True,True,True,False,15.297616412922716,0.004618033980928433,5,1000,50,full
0.0001,8,-1.6851974697936751,300,True,True,True,False,15.29358380797664,0.004618219825499747,5,1000,50,full
0.0001,9,-1.6853688854537547,204,True,True,True,False,15.292178452548063,0.004618306152723279,5,1000,50,full
0.01,0,-1.6394587855769842,152,True,True,True,False,24.495540600698174,0.0035837515986061556,5,1000,51,full
0.01,1,-1.6936637587350354,300,True,True,True,False,15.565963190312846,0.00443729497524083,5,1000,51,full
0.01,2,-1.6940312479020483,300,True,True,True,False,15.566242730693459,0.004437262020886371,5,1000,51,full
0.01,3,-1.6954713918671303,189,True,True,True,False,15.559489675094946,0.004437375517636509,5,1000,51,full
0.01,4,-1.511694752956714,32,True,True,True,False,15.391165870099687,0.004516731013375553,5,1000,51,full
0.01,5,-1.5116947633840614,27,True,True,True,False,15.391185233547018,0.004516715534033235,5,1000,51,full
0.01,6,-1.6942922523400903,206,True,True,True,False,15.56035697795067,0.004437544117969086,5,1000,51,full
0.01,7,-1.6934623643449722,155,True,True,True,False,15.565784271755144,0.004437273366847701,5,1000,51,full
0.01,8,-1.511694764516403,46,True,True,True,False,15.391186397917245,0.0045167146025318445,5,1000,51,full
0.01,9,-1.6947903532153084,300,True,True,True,False,15.563830116062668,0.004437347967024702,5,1000,51,full
0.001,0,-1.6394587929381597,115,True,True,True,False,24.495491230884255,0.00358374128465379,5,1000,51,full
0.001,1,-1.6934729262861759,300,True,True,True,False,15.565778509293905,0.004437292165012693,5,1000,51,full
0.001,2,-1.6940230525857194,300,True,True,True,False,15.566236311647222,0.0044372628869723575,5,1000,51,full
0.001,3,-1.6954714089119118,191,True,True,True,False,15.559482556701218,0.004437375859590523,5,1000,51,full
0.001,4,-1.5116947530500187,32,True,True,True,False,15.391166528207165,0.004516730487810723,5,1000,51,full
0.001,5,-1.511694762923196,40,True,True,True,False,15.391184742269097,0.004516715927351008,5,1000,51,full
0.001,6,-1.693632206625013,161,True,True,True,False,28.035110409533683,0.004437429532674538,5,1000,51,full
0.001,7,-1.6934718887451632,300,True,True,True,False,15.565777272406342,0.00443729161133815,5,1000,51,full
0.001,8,-1.5116947631811495,48,True,True,True,False,15.391185018655039,0.0045167157061466,5,1000,51,full
0.001,9,-1.6947810909483767,300,True,True,True,False,15.56368764624067,0.004437355475917055,5,1000,51,full
0.0001,0,-1.6394587962899623,113,True,True,True,False,24.49555142840656,0.0035837445395173607,5,1000,51,full
0.0001,1,-1.6939423462033438,300,True,True,True,False,15.566177190714482,0.004437270766159211,5,1000,51,full
0.0001,2,-1.6940221873228976,300,True,True,True,False,15.566235640516545,0.0044372629774490704,5,1000,51,full
0.0001,3,-1.695471395686303,192,True,True,True,False,15.55948308115924,0.004437375834284367,5,1000,51,full
0.0001,4,-1.5116947528873381,40,True,True,True,True,15.391165285449295,0.00451673148195415,5,1000,51,full
0.0001,5,-1.5116947634631699,27,True,True,True,False,15.391185316858571,0.004516715467397029,5,1000,51,full
0.0001,6,-1.6936321925299533,159,True,True,True,False,28.04014094956391,0.0044374294272719285,5,1000,51,full
0.0001,7,-1.6934720717556708,300,True,True,True,False,15.565777490211653,0.00443729171235658,5,1000,51,full
0.0001,8,-1.5116947639158165,48,True,True,True,False,15.391185787736156,0.0045167150907694294,5,1000,51,full
0.0001,9,-1.6947801328426084,300,True,True,True,False,15.563674187817963,0.004437356178433528,5,1000,51,full
0.01,0,-1.7181811288764697,217,True,True,True,False,13.167176359539463,0.0050154280387210955,5,2000,42,full
0.01,1,-1.6797243321543123,258,True,True,True,False,13.72862537935189,0.003446099424151305,5,2000,42,full
0.01,2,-1.7174307944039828,300,True,True,True,False,13.164081822042611,0.005016616526754603,5,2000,42,full
0.01,3,-1.7175981947308216,300,True,True,True,False,13.163984616475156,0.005016534668303081,5,2000,42,full
0.01,4,-1.7174016491616748,206,True,True,True,False,13.164235130632605,0.0050166008200384395,5,2000,42,full
0.01,5,-1.5268399289562737,28,True,True,True,False,13.103192766367782,0.005060285631338367,5,2000,42,full
0.01,6,-1.7181811272279564,195,True,True,True,False,13.167176519770138,0.005015427999457325,5,2000,42,full
0.01,7,-1.7174290820615747,300,True,True,True,False,13.164090188413685,0.005016615730837187,5,2000,42,full
0.01,8,-1.717435328871815,300,True,True,True,False,13.164062476528105,0.005016618217013344,5,2000,42,full
0.01,9,-1.5268399257720078,29,True,True,True,True,13.103187267410728,0.005060296164220532,5,2000,42,full
0.001,0,-1.7181811337683353,204,True,True,True,False,13.167175803562234,0.005015428250650823,5,2000,42,full
0.001,1,-1.6797243328048033,258,True,True,True,False,13.728532728162262,0.0034460677653388254,5,2000,42,full
0.001,2,-1.7174314252907719,300,True,True,True,False,13.164078140401369,0.005016616846472019,5,2000,42,full
0.001,3,-1.717570778269056,300,True,True,True,False,13.164042883920938,0.005016532527446793,5,2000,42,full
0.001,4,-1.7174016545880404,271,True,True,True,False,13.164234960380638,0.0050166008295752925,5,2000,42,full
0.001,5,-1.5268399290653825,28,True,True,True,False,13.103192867491751,0.005060285437690449,5,2000,42,full
0.001,6,-1.7181811277372605,200,True,True,True,False,13.1671764619241,0.005015428021274716,5,2000,42,full
0.001,7,-1.717429475958971,300,True,True,True,False,13.164088134198483,0.0050166159256365825,5,2000,42,full
0.001,8,-1.7174354201218611,300,True,True,True,False,13.16406189093541,0.005016618259129608,5,2000,42,full
0.001,9,-1.5268399258613425,29,True,True,True,False,13.103185707503457,0.005060299152911775,5,2000,42,full
0.0001,0,-1.7181811315234812,204,True,True,True,False,13.167176052703434,0.00501542815725753,5,2000,42,full
0.0001,1,-1.6797243327402451,258,True,True,True,False,13.72853031096867,0.0034460666722257276,5,2000,42,full
0.0001,2,-1.7174314939205535,300,True,True,True,False,13.164077735394603,0.00501661688114277,5,2000,42,full
0.0001,3,-1.7175686532629901,300,True,True,True,False,13.164048231013782,0.005016532360309021,5,2000,42,full
0.0001,4,-1.7174016550839155,278,True,True,True,False,13.164234962075568,0.005016600829526306,5,2000,42,full
0.0001,5,-1.5268399290765824,28,True,True,True,False,13.103192877817527,0.005060285417916461,5,2000,42,full
0.0001,6,-1.718181132454007,200,True,True,True,False,13.167175932439102,0.005015428222011929,5,2000,42,full
0.0001,7,-1.7174295151436054,300,True,True,True,False,13.16408792953188,0.0050166159449231045,5,2000,42,full
0.0001,8,-1.7174354286715152,300,True,True,True,False,13.164061835269882,0.005016618263116956,5,2000,42,full
0.0001,9,-1.5268399259107757,29,True,True,True,False,13.103185482612094,0.005060299583825691,5,2000,42,full
0.01,0,-1.5309131673597647,37,True,True,True,True,13.037562907273054,0.005068493915141279,5,2000,43,full
0.01,1,-1.7162222541983239,300,True,True,True,False,13.11329687729109,0.005025600881593697,5,2000,43,full
0.01,2,-1.7159543730867153,300,True,True,True,False,13.111223270854255,0.005026041920030222,5,2000,43,full
0.01,3,-1.7167381758886238,300,True,True,True,False,13.113501439579679,0.005025153983887883,5,2000,43,full
0.01,4,-1.7170839439905736,300,True,True,True,False,13.116863796078908,0.0050242113285094495,5,2000,43,full
0.01,5,-1.7148860465395745,223,True,True,True,False,20.497690283542422,0.005026230279613379,5,2000,43,full
0.01,6,-1.7161003153202112,300,True,True,True,False,13.114091678966384,0.005025334392103703,5,2000,43,full
0.01,7,-1.7167322362609052,300,True,True,True,False,13.113380786091598,0.005025182117593691,5,2000,43,full
0.01,8,-1.7177023786198526,300,True,True,True,False,13.111875493301492,0.005026492007534857,5,2000,43,full
0.01,9,-1.7165485960979328,300,True,True,True,False,13.112141122494634,0.0050258789993381115,5,2000,43,full
0.001,0,-1.5309131673919238,37,True,True,True,False,13.037562863250203,0.005068494224707525,5,2000,43,full
0.001,1,-1.7162165699543672,300,True,True,True,False,13.113324647315293,0.005025593263129149,5,2000,43,full
0.001,2,-1.716101551157474,300,True,True,True,False,13.111364151196245,0.005026074145983655,5,2000,43,full
0.001,3,-1.7167368570873558,300,True,True,True,False,13.1134747695027,0.005025159994629035,5,2000,43,full
0.001,4,-1.7163928286162522,300,True,True,True,False,13.113114121954705,0.0050253484803275805,5,2000,43,full
0.001,5,-1.7160993299900507,138,True,True,True,False,13.114028501189274,0.005025359729293231,5,2000,43,full
0.001,6,-1.7161004804739584,300,True,True,True,False,13.114094940490617,0.005025333227931144,5,2000,43,full
0.001,7,-1.7167306434860108,300,True,True,True,False,13.113348204917877,0.0050251897517308115,5,2000,43,full
0.001,8,-1.7172491635804588,300,True,True,True,False,13.111593874102239,0.005025814979912429,5,2000,43,full
0.001,9,-1.7165398086872403,300,True,True,True,False,13.112171212841037,0.005025875622037828,5,2000,43,full
0.0001,0,-1.5309131673954852,37,True,True,True,False,13.037562858692775,0.005068494256758963,5,2000,43,full
0.0001,1,-1.7162160119291594,300,True,True,True,False,13.11332738113126,0.005025592513995744,5,2000,43,full
0.0001,2,-1.7161554783984374,300,True,True,True,False,13.111378000034993,0.005026079989243583,5,2000,43,full
0.0001,3,-1.7167367253509689,300,True,True,True,False,13.113472089653696,0.005025160602068922,5,2000,43,full
0.0001,4,-1.7163491682284413,300,True,True,True,False,13.113082086512058,0.005025372845011524,5,2000,43,full
0.0001,5,-1.7160993151215167,134,True,True,True,False,13.11402787460992,0.00502536029383193,5,2000,43,full
0.0001,6,-1.7161004986034036,300,True,True,True,False,13.114095267893651,0.005025333114747209,5,2000,43,full
0.0001,7,-1.7167304655410747,300,True,True,True,False,13.11334458411709,0.005025190604714778,5,2000,43,full
0.0001,8,-1.7171800772448944,300,True,True,True,False,13.11154576098431,0.005025821479755697,5,2000,43,full
0.0001,9,-1.7165392610730006,300,True,True,True,False,13.112173206085764,0.005025875428145566,5,2000,43,full
0.01,0,-1.7248700829059966,300,True,True,True,False,13.367941280114392,0.004955924276236873,5,2000,44,full
0.01,1,-1.5295322510031892,24,True,True,True,False,13.306887064824405,0.004992801324197747,5,2000,44,full
0.01,2,-1.7246212430896737,300,True,True,True,False,13.366287352508973,0.0049560264735371996,5,2000,44,full
0.01,3,-1.7257922559038372,282,True,True,True,False,13.367230642403465,0.0049560339848473195,5,2000,44,full
0.01,4,-1.7248703683799795,300,True,True,True,False,13.36794167018053,0.00495592384425474,5,2000,44,full
0.01,5,-1.7249341393281106,300,True,True,True,False,13.367880619974423,0.004955870288892495,5,2000,44,full
0.01,6,-1.7249678105590767,144,True,True,True,False,13.367390534312113,0.004955775467150415,5,2000,44,full
0.01,7,-1.5295322521694856,31,True,True,True,False,13.306889093153528,0.004992799288348274,5,2000,44,full
0.01,8,-1.724967777852694,231,True,True,True,False,13.367389344160635,0.0049557752305703345,5,2000,44,full
0.01,9,-1.7249671095414334,86,True,True,True,False,13.367334785320597,0.004955760207720879,5,2000,44,full
0.001,0,-1.724870149187021,300,True,True,True,False,13.367941071790943,0.0049559242397044945,5,2000,44,full
0.001,1,-1.5295322512851102,24,True,True,True,False,13.306887590530927,0.004992800796250812,5,2000,44,full
0.001,2,-1.724626293963204,300,True,True,True,False,13.366298886587524,0.0049560215789880456,5,2000,44,full
0.001,3,-1.7257922225945432,252,True,True,True,False,13.367229704696195,0.0049560340342497,5,2000,44,full
0.001,4,-1.7248705294545006,300,True,True,True,False,13.367941364132415,0.004955923717230606,5,2000,44,full
0.001,5,-1.7249389217552231,300,True,True,True,False,13.367865625178341,0.004955866595876796,5,2000,44,full
0.001,6,-1.7249680047101466,169,True,True,True,False,13.367400095027612,0.004955777536940718,5,2000,44,full
0.001,7,-1.5295322508839573,32,True,True,True,True,13.306886833638591,0.0049928015575848505,5,2000,44,full
0.001,8,-1.7249678947629814,237,True,True,True,False,13.367395000585223,0.004955776465120802,5,2000,44,full
0.001,9,-1.724967097258006,80,True,True,True,False,13.367336260103857,0.0049557604863181,5,2000,44,full
0.0001,0,-1.724870154575748,300,True,True,True,False,13.367941053319425,0.004955924237088195,5,2000,44,full
0.0001,1,-1.5295322513187763,24,True,True,True,False,13.306887651610127,0.0049928007349106735,5,2000,44,full
0.0001,2,-1.7246267198600358,300,True,True,True,False,13.366300081538395,0.004956021117834892,5,2000,44,full
0.0001,3,-1.7257922226837468,248,True,True,True,False,13.367229584006456,0.004956034037864749,5,2000,44,full
0.0001,4,-1.7248705463986787,300,True,True,True,False,13.367941332852668,0.00495592370381408,5,2000,44,full
0.0001,5,-1.7249394156420832,300,True,True,True,False,13.367863954456132,0.004955866204927464,5,2000,44,full
0.0001,6,-1.7249680300758503,171,True,True,True,False,13.367401254043989,0.004955777804065676,5,2000,44,full
0.0001,7,-1.5295322509232538,32,True,True,True,False,13.306886910243716,0.00499280148065463,5,2000,44,full
0.0001,8,-1.7249679022348836,238,True,True,True,False,13.367395400258197,0.00495577653835685,5,2000,44,full
0.0001,9,-1.7249670915294548,80,True,True,True,False,13.367336545186431,0.004955760572713908,5,2000,44,full
0.01,0,-1.4940115531611629,27,True,True,True,False,14.116242103820547,0.004586798473350064,5,2000,45,full
0.01,1,-1.6850456519120927,300,True,True,True,False,14.14643642922761,0.004564700270421751,5,2000,45,full
0.01,2,-1.494011547390973,39,True,True,True,True,14.116237458870014,0.004586807295119856,5,2000,45,full
0.01,3,-1.6850204407999405,300,True,True,True,False,14.146964165439407,0.004564713619757392,5,2000,45,full
0.01,4,-1.6499383685347007,148,True,True,True,False,14.585970691134342,0.0031153843458848283,5,2000,45,full
0.01,5,-1.68497373040494,300,True,True,True,False,14.1459722736207,0.004564687086525716,5,2000,45,full
0.01,6,-1.6862903864513383,300,True,True,True,False,14.148720859789243,0.004564237058200593,5,2000,45,full
0.01,7,-1.6849295239481512,300,True,True,True,False,14.145940246380018,0.004564689868653647,5,2000,45,full
0.01,8,-1.6849021491884713,300,True,True,True,False,14.145862839985393,0.0045646968412816165,5,2000,45,full
0.01,9,-1.494011552612366,30,True,True,True,False,14.116241878136934,0.0045867989027424125,5,2000,45,full
0.001,0,-1.4940115532928333,26,True,True,True,False,14.11624215631934,0.004586798373031166,5,2000,45,full
0.001,1,-1.6850461942622497,300,True,True,True,False,14.146414296630095,0.004564700738946494,5,2000,45,full
0.001,2,-1.494011547391127,39,True,True,True,False,14.116237449324537,0.0045868073132243215,5,2000,45,full
0.001,3,-1.685026127631907,300,True,True,True,False,14.14691069182018,0.004564713733175409,5,2000,45,full
0.001,4,-1.4940115474166962,33,True,True,True,False,14.11623717519561,0.004586807832811453,5,2000,45,full
0.001,5,-1.684979323678367,300,True,True,True,False,14.145980407733534,0.004564686663417095,5,2000,45,full
0.001,6,-1.6862913160715471,300,True,True,True,False,14.148716434883063,0.004564238059103342,5,2000,45,full
0.001,7,-1.6849328272162916,300,True,True,True,False,14.14594119251639,0.0045646896285918065,5,2000,45,full
0.001,8,-1.6849052340772233,300,True,True,True,False,14.145867542838406,0.004564696364522617,5,2000,45,full
0.001,9,-1.4940115515878296,31,True,True,True,False,14.116241422551106,0.0045867997687844015,5,2000,45,full
0.0001,0,-1.494011553107908,26,True,True,True,False,14.116242082345494,0.004586798513676758,5,2000,45,full
0.0001,1,-1.6850462485430093,300,True,True,True,False,14.146412262764159,0.004564700770104181,5,2000,45,full
0.0001,2,-1.4940115473911575,39,True,True,True,False,14.116237448177413,0.004586807315397355,5,2000,45,full
0.0001,3,-1.685026724774563,300,True,True,True,False,14.146904017990572,0.004564713786922424,5,2000,45,full
0.0001,4,-1.4940115475021776,32,True,True,True,False,14.11623684373397,0.004586808461038672,5,2000,45,full
0.0001,5,-1.6849799069087203,300,True,True,True,False,14.145981267836179,0.0045646866208826735,5,2000,45,full
0.0001,6,-1.6862914182516855,300,True,True,True,False,14.148715944761506,0.004564238169612136,5,2000,45,full
0.0001,7,-1.6849331600080673,300,True,True,True,False,14.14594133329802,0.004564689602013097,5,2000,45,full
0.0001,8,-1.6849055422251638,300,True,True,True,False,14.14586802296072,0.004564696315660088,5,2000,45,full
0.0001,9,-1.4940115516710826,31,True,True,True,False,14.116241461506894,0.004586799694740688,5,2000,45,full
0.01,0,-1.6913207397216978,300,True,True,True,False,14.086797887026254,0.0047145474425133544,5,2000,46,full
0.01,1,-1.6929341423432167,300,True,True,True,False,22.27236683601098,0.004714115132585107,5,2000,46,full
0.01,2,-1.6902721894260682,300,True,True,True,False,14.09025075050658,0.004713904080927245,5,2000,46,full
0.01,3,-1.6914533319368241,300,True,True,True,False,14.08868360900136,0.004714220846266618,5,2000,46,full
0.01,4,-1.6913913917058017,300,True,True,True,False,14.089119495820292,0.004714143789625631,5,2000,46,full
0.01,5,-1.691611431568945,300,True,True,True,False,14.088178921261141,0.004714285983562295,5,2000,46,full
0.01,6,-1.6912885950930039,300,True,True,True,False,14.090756378517586,0.004713392626925485,5,2000,46,full
0.01,7,-1.6914667529380727,300,True,True,True,False,14.08861167690608,0.004714231400147837,5,2000,46,full
0.01,8,-1.5006493136790522,60,True,True,True,True,14.082680259964237,0.004735397909229103,5,2000,46,full
0.01,9,-1.6939395749797914,300,True,True,True,False,14.314091438097913,0.004683924657379966,5,2000,46,full
0.001,0,-1.6913208013237753,300,True,True,True,False,14.08679637941782,0.004714547538054548,5,2000,46,full
0.001,1,-1.6915195344112013,201,True,True,True,False,120.86088869132183,0.004714003450211561,5,2000,46,full
0.001,2,-1.690272639939468,300,True,True,True,False,14.090252287759581,0.004713903645930575,5,2000,46,full
0.001,3,-1.6914463878948762,300,True,True,True,False,14.088721877958463,0.004714214966470062,5,2000,46,full
0.001,4,-1.6913912708117382,300,True,True,True,False,14.089122737311856,0.004714143156124906,5,2000,46,full
0.001,5,-1.6916057816126493,300,True,True,True,False,14.088183010423165,0.004714285226119112,5,2000,46,full
0.001,6,-1.691288573054054,300,True,True,True,False,14.090757333343177,0.00471339316767167,5,2000,46,full
0.001,7,-1.6914657877434383,300,True,True,True,False,14.088617252314302,0.004714230606235693,5,2000,46,full
0.001,8,-1.6902168196243628,300,True,True,True,False,14.090318346781403,0.0047138706693617355,5,2000,46,full
0.001,9,-1.6939395094025405,300,True,True,True,False,14.314026244805577,0.004683916649920075,5,2000,46,full
0.0001,0,-1.6913208077897772,300,True,True,True,False,14.086796221401231,0.004714547548037264,5,2000,46,full
0.0001,1,-1.691519531157679,216,True,True,True,False,120.89075499656325,0.004714003437909063,5,2000,46,full
0.0001,2,-1.6902726983402168,300,True,True,True,False,14.090252501458082,0.004713903587585259,5,2000,46,full
0.0001,3,-1.6914457229518485,300,True,True,True,False,14.088725648640674,0.0047142143773578485,5,2000,46,full
0.0001,4,-1.6913912932838153,300,True,True,True,False,14.08912267086353,0.004714143170127973,5,2000,46,full
0.0001,5,-1.6916052481691335,300,True,True,True,False,14.088183495810748,0.004714285145398812,5,2000,46,full
0.0001,6,-1.69128856967378,300,True,True,True,False,14.090757450485711,0.004713393225158967,5,2000,46,full
0.0001,7,-1.6914656982307525,300,True,True,True,False,14.088617777956223,0.0047142305312231495,5,2000,46,full
0.0001,8,-1.6902145459450462,276,True,True,True,False,14.090291948478674,0.004713877694861498,5,2000,46,full
0.0001,9,-1.693939501651323,300,True,True,True,False,14.314018459369068,0.004683915720132737,5,2000,46,full
0.01,0,-1.677655911878152,300,True,True,True,False,14.926819477491032,0.0044482295902492155,5,2000,47,full
0.01,1,-1.676392250901497,299,True,True,True,False,14.928087898654896,0.004447246466101595,5,2000,47,full
0.01,2,-1.6767608140659864,300,True,True,True,False,14.927892841787823,0.004447170202182668,5,2000,47,full
0.01,3,-1.6764831274988627,300,True,True,True,False,14.927852891891476,0.004447203799294233,5,2000,47,full
0.01,4,-1.676675164168288,300,True,True,True,False,14.92623128640139,0.004448690797682108,5,2000,47,full
0.01,5,-1.6767894061350257,300,True,True,True,False,14.92795168577379,0.004447666658501305,5,2000,47,full
0.01,6,-1.6767932657196594,300,True,True,True,False,14.927894217394847,0.004447660814148031,5,2000,47,full
0.01,7,-1.4844627927690914,34,True,True,True,False,14.84536874377452,0.004495852136367651,5,2000,47,full
0.01,8,-1.4844627899428116,28,True,True,True,True,14.845373461437637,0.004495856703996567,5,2000,47,full
0.01,9,-1.4844627900234915,48,True,True,True,False,14.8453743047028,0.004495857165655566,5,2000,47,full
0.001,0,-1.6776539921338234,300,True,True,True,False,14.926927091943853,0.004448187514366527,5,2000,47,full
0.001,1,-1.6763921362046899,300,True,True,True,False,14.92808030860345,0.00444724959757155,5,2000,47,full
0.001,2,-1.6767622865943212,300,True,True,True,False,14.927886713629372,0.004447175997225145,5,2000,47,full
0.001,3,-1.676479957286361,300,True,True,True,False,14.927867627595965,0.004447199168306963,5,2000,47,full
0.001,4,-1.6766748387740844,300,True,True,True,False,14.926240066656565,0.00444869573398941,5,2000,47,full
0.001,5,-1.6767900408237153,300,True,True,True,False,14.92794354203105,0.004447665730189897,5,2000,47,full
0.001,6,-1.6767930241458373,300,True,True,True,False,14.92790109090081,0.004447661773794608,5,2000,47,full
0.001,7,-1.4844627941026713,34,True,True,True,False,14.845367779074655,0.004495851270947358,5,2000,47,full
0.001,8,-1.4844627906269663,25,True,True,True,False,14.845361306542761,0.0044958536716018455,5,2000,47,full
0.001,9,-1.677568621993281,300,True,True,True,False,14.92977386069613,0.004447853561929823,5,2000,47,full
0.0001,0,-1.6776538094165396,300,True,True,True,False,14.926937326277573,0.004448183658401786,5,2000,47,full
0.0001,1,-1.6763921263963064,300,True,True,True,False,14.928079480761214,0.004447249899983954,5,2000,47,full
0.0001,2,-1.6767624359064814,300,True,True,True,False,14.927886087966082,0.004447176594923885,5,2000,47,full
0.0001,3,-1.6764798589417453,300,True,True,True,False,14.927867910472237,0.004447199115091556,5,2000,47,full
0.0001,4,-1.6766748113960614,300,True,True,True,False,14.926240829877115,0.004448696178687713,5,2000,47,full
0.0001,5,-1.6767901046329157,300,True,True,True,False,14.927942705537232,0.004447665636111604,5,2000,47,full
0.0001,6,-1.676793001751706,300,True,True,True,False,14.927901757591227,0.004447661862752864,5,2000,47,full
0.0001,7,-1.4844627942925035,34,True,True,True,False,14.845367654767813,0.004495851159586275,5,2000,47,full
0.0001,8,-1.4844627911643418,25,True,True,True,False,14.845360120571748,0.004495852632834327,5,2000,47,full
0.0001,9,-1.677568631023834,300,True,True,True,False,14.929773681124075,0.0044478536344852975,5,2000,47,full
0.01,0,-1.6630923192776015,300,True,True,True,False,15.526526350895443,0.004351095301083917,5,2000,48,full
0.01,1,-1.6637352919152102,300,True,True,True,False,15.526485502618659,0.004351126913000619,5,2000,48,full
0.01,2,-1.6636867659668402,300,True,True,True,False,15.526968812178916,0.0043509922692325795,5,2000,48,full
0.01,3,-1.4702064550401888,38,True,True,True,False,15.481800482856858,0.004396004874077709,5,2000,48,full
0.01,4,-1.6632566391937493,227,True,True,True,False,54.795252249128524,0.0043510577180965295,5,2000,48,full
0.01,5,-1.663691465082617,300,True,True,True,False,15.526976360301697,0.004350987633709235,5,2000,48,full
0.01,6,-1.4702064554019907,60,True,True,True,False,15.481800217742977,0.0043960047391425165,5,2000,48,full
0.01,7,-1.4702064554458258,48,True,True,True,False,15.481800186239258,0.004396004723080075,5,2000,48,full
0.01,8,-1.4702064556388705,47,True,True,True,False,15.481800048590934,0.004396004653042268,5,2000,48,full
0.01,9,-1.6635852950886372,169,True,True,True,False,15.525778056125544,0.004351265975586237,5,2000,48,full
0.001,0,-1.6630975806662354,300,True,True,True,False,15.526510371406472,0.004351099332464877,5,2000,48,full
0.001,1,-1.6637142980941382,300,True,True,True,False,15.526542559819777,0.004351122769244686,5,2000,48,full
0.001,2,-1.6636868039152002,300,True,True,True,False,15.526968753322643,0.004350992271879924,5,2000,48,full
0.001,3,-1.4702064540641016,39,True,True,True,False,15.481801244886979,0.004396005262230153,5,2000,48,full
0.001,4,-1.6635478775878965,202,True,True,True,False,15.525788900433794,0.004351254315761935,5,2000,48,full
0.001,5,-1.6636905134976525,300,True,True,True,False,15.526973927540816,0.004350988857695964,5,2000,48,full
0.001,6,-1.4702064545000944,68,True,True,True,False,15.481800895173091,0.004396005084104273,5,2000,48,full
0.001,7,-1.4702064550623437,48,True,True,True,False,15.481800466340701,0.004396004865689079,5,2000,48,full
0.001,8,-1.470206453941128,46,True,True,True,True,15.481801346504747,0.0043960053140248735,5,2000,48,full
0.001,9,-1.6635852355951894,197,True,True,True,False,15.525787398087076,0.004351261851999602,5,2000,48,full
0.0001,0,-1.6630984057473306,300,True,True,True,False,15.526507893590377,0.004351099958262021,5,2000,48,full
0.0001,1,-1.6637123126706495,300,True,True,True,False,15.526548473655154,0.004351122018459889,5,2000,48,full
0.0001,2,-1.6636867603279695,300,True,True,True,False,15.526968618297168,0.004350992335947779,5,2000,48,full
0.0001,3,-1.4702064541439477,39,True,True,True,False,15.48180117964256,0.004396005228987284,5,2000,48,full
0.0001,4,-1.6636907534876577,300,True,True,True,False,15.526978696448982,0.004350987242779917,5,2000,48,full
0.0001,5,-1.6636904188615558,300,True,True,True,False,15.526973681730784,0.004350988980797508,5,2000,48,full
0.0001,6,-1.470206454319134,69,True,True,True,False,15.481801038368346,0.0043960051570436,5,2000,48,full
0.0001,7,-1.4702064550249758,48,True,True,True,False,15.481800494129983,0.004396004879838986,5,2000,48,full
0.0001,8,-1.4702064556994907,45,True,True,True,False,15.481800005879856,0.004396004631297136,5,2000,48,full
0.0001,9,-1.663585243510254,199,True,True,True,False,15.525787618957265,0.004351261799285807,5,2000,48,full
0.01,0,-1.6325878280192203,300,True,True,True,False,15.1884975079135,0.004480847391119043,5,2000,49,full
0.01,1,-1.6325862410462644,275,True,True,True,False,15.188524070867729,0.00448083746139455,5,2000,49,full
0.01,2,-1.632549596411033,239,True,True,True,False,15.187040798945423,0.004481418241878107,5,2000,49,full
0.01,3,-1.6325976466652403,300,True,True,True,False,15.188443086344215,0.004480867622318072,5,2000,49,full
0.01,4,-1.632586406456537,300,True,True,True,False,15.188521648559114,0.004480838397790349,5,2000,49,full
0.01,5,-1.4407880959586956,39,True,True,True,False,15.133749908548788,0.004537335742466882,5,2000,49,full
0.01,6,-1.634072980414439,300,True,True,True,False,15.191387063517203,0.004479695347927316,5,2000,49,full
0.01,7,-1.6337528961819558,300,True,True,True,False,15.191813027759032,0.0044797170818101,5,2000,49,full
0.01,8,-1.6323531431769542,268,True,True,True,False,15.189836574927506,0.004480458072022196,5,2000,49,full
0.01,9,-1.6325861082979587,187,True,True,True,False,15.188512723331723,0.004480841286620631,5,2000,49,full
0.001,0,-1.632587820522365,300,True,True,True,False,15.188497581095962,0.00448084736365329,5,2000,49,full
0.001,1,-1.6325862409923888,271,True,True,True,False,15.188524690179884,0.004480837239461594,5,2000,49,full
0.001,2,-1.6323533976157276,177,True,True,True,False,15.187844858392069,0.004481029282826655,5,2000,49,full
0.001,3,-1.6325957864676703,300,True,True,True,False,15.18844959955937,0.004480865214581483,5,2000,49,full
0.001,4,-1.632586433435887,300,True,True,True,False,15.188520904586662,0.004480838674358586,5,2000,49,full
0.001,5,-1.4407880958366504,41,True,True,True,True,15.133750008660703,0.004537335832960263,5,2000,49,full
0.001,6,-1.6340616641920507,300,True,True,True,False,15.1912746172343,0.00447974270131114,5,2000,49,full
0.001,7,-1.6337537151417725,300,True,True,True,False,15.191808311485355,0.004479719740942175,5,2000,49,full
0.001,8,-1.6323532877496707,300,True,True,True,False,15.189845106428402,0.004480456252354585,5,2000,49,full
0.001,9,-1.6325861224707816,185,True,True,True,False,15.188510310709585,0.004480842190998175,5,2000,49,full
0.0001,0,-1.6325878199132677,300,True,True,True,False,15.188497586743248,0.0044808473615293495,5,2000,49,full
0.0001,1,-1.6325862412279366,271,True,True,True,False,15.188524738485107,0.004480837222263349,5,2000,49,full
0.0001,2,-1.6323534028055915,173,True,True,True,False,15.187845356371328,0.004481029110511315,5,2000,49,full
0.0001,3,-1.6325956304040414,300,True,True,True,False,15.188450184854545,0.004480864997948713,5,2000,49,full
0.0001,4,-1.632586436218199,300,True,True,True,False,15.188520829231006,0.004480838702374575,5,2000,49,full
0.0001,5,-1.4407880961293351,41,True,True,True,False,15.133749772859638,0.004537335619834629,5,2000,49,full
0.0001,6,-1.634060706003914,300,True,True,True,False,15.191264892335743,0.004479746809491381,5,2000,49,full
0.0001,7,-1.6337538111067236,300,True,True,True,False,15.191807752906316,0.0044797200544652895,5,2000,49,full
0.0001,8,-1.6323535554640205,300,True,True,True,False,15.18985397749732,0.004480454383743722,5,2000,49,full
0.0001,9,-1.6325861224301395,185,True,True,True,False,15.188510231636753,0.004480842222652915,5,2000,49,full
0.01,0,-1.6677163786879632,255,True,True,True,False,13.964977242577303,0.00485014237951682,5,2000,50,full
0.01,1,-1.4755090392263748,39,True,True,True,True,13.964048531182497,0.004904227904772079,5,2000,50,full
0.01,2,-1.6677508373421008,300,True,True,True,False,13.965011673684698,0.004850130375187139,5,2000,50,full
0.01,3,-1.6677192922947874,300,True,True,True,False,13.964980934774541,0.004850139880203016,5,2000,50,full
0.01,4,-1.475509042235725,35,True,True,True,False,13.964031406855986,0.004904223095037148,5,2000,50,full
0.01,5,-1.6679101178917426,300,True,True,True,False,13.967787550049337,0.004849651679413856,5,2000,50,full
0.01,6,-1.6687121219998295,300,True,True,True,False,13.971048878052923,0.0048490114632915,5,2000,50,full
0.01,7,-1.667729169512684,300,True,True,True,False,13.964991940834418,0.004850135596652501,5,2000,50,full
0.01,8,-1.667716788622253,300,True,True,True,False,13.964977818324677,0.004850141811864573,5,2000,50,full
0.01,9,-1.475509041761439,29,True,True,True,False,13.964032520071983,0.004904223407537996,5,2000,50,full
0.001,0,-1.667716382319101,252,True,True,True,False,13.964977248033424,0.00485014237305596,5,2000,50,full
0.001,1,-1.6177010736972803,300,True,True,True,False,26.5895074172071,0.0029550061250590157,5,2000,50,full
0.001,2,-1.66774814947667,300,True,True,True,False,13.965009582435691,0.0048501308270081185,5,2000,50,full
0.001,3,-1.6677191217873288,300,True,True,True,False,13.964980730830678,0.004850139983824413,5,2000,50,full
0.001,4,-1.4755090417667662,35,True,True,True,False,13.964032507418448,0.004904223403935672,5,2000,50,full
0.001,5,-1.6679063015082425,300,True,True,True,False,13.967719366881767,0.004849657884320485,5,2000,50,full
0.001,6,-1.66861841493685,300,True,True,True,False,13.970719042220322,0.004849063975932218,5,2000,50,full
0.001,7,-1.6677296882856874,300,True,True,True,False,13.964992484391635,0.004850135421401013,5,2000,50,full
0.001,8,-1.6677167300881648,300,True,True,True,False,13.964977739293289,0.004850141880121996,5,2000,50,full
0.001,9,-1.4755090420928059,29,True,True,True,False,13.964031732389845,0.004904223186500311,5,2000,50,full
0.0001,0,-1.6677163821339003,252,True,True,True,False,13.964977247755485,0.004850142373384318,5,2000,50,full
0.0001,1,-1.6177010595488852,300,True,True,True,False,26.589386211375196,0.002954961636930687,5,2000,50,full
0.0001,2,-1.66774787780644,300,True,True,True,False,13.965009365042038,0.004850130875368685,5,2000,50,full
0.0001,3,-1.6677191047861382,300,True,True,True,False,13.964980710454258,0.004850139994279713,5,2000,50,full
0.0001,4,-1.4755090413758916,35,True,True,True,False,13.964033500674958,0.0049042236827405794,5,2000,50,full
0.0001,5,-1.6679061440060114,300,True,True,True,False,13.967715617808597,0.004849658177612619,5,2000,50,full
0.0001,6,-1.6686091981751738,300,True,True,True,False,13.970684235889504,0.004849069191293285,5,2000,50,full
0.0001,7,-1.667729749093985,300,True,True,True,False,13.964992547890413,0.004850135401071076,5,2000,50,full
0.0001,8,-1.6677167250727434,300,True,True,True,False,13.964977732488366,0.004850141886103976,5,2000,50,full
0.0001,9,-1.4755090421355552,29,True,True,True,False,13.96403163392784,0.004904223158874507,5,2000,50,full
0.01,0,-1.68464543710003,300,True,True,True,False,14.352131717040484,0.004679939899974643,5,2000,51,full
0.01,1,-1.6846261544038608,218,True,True,True,False,14.352035994705314,0.004679964556701437,5,2000,51,full
0.01,2,-1.6846260535674396,169,True,True,True,False,14.351988105184562,0.0046799801971390415,5,2000,51,full
0.01,3,-1.4996070579900427,35,True,True,True,False,14.292187060725116,0.004741276023107382,5,2000,51,full
0.01,4,-1.4996070545702271,38,True,True,True,False,14.292172134176354,0.004741288350519346,5,2000,51,full
0.01,5,-1.6867206665632843,300,True,True,True,False,14.353031271595349,0.004679287727647593,5,2000,51,full
0.01,6,-1.685100834011962,300,True,True,True,False,14.351534768630394,0.004680129052674714,5,2000,51,full
0.01,7,-1.6846784746131176,270,True,True,True,False,14.352188334505433,0.004679871666091145,5,2000,51,full
0.01,8,-1.499607058512942,49,True,True,True,False,14.292187990993897,0.004741275254756317,5,2000,51,full
0.01,9,-1.4996070578918859,38,True,True,True,False,14.292186878594425,0.004741276173524541,5,2000,51,full
0.001,0,-1.6846413699835838,300,True,True,True,False,14.352129889557176,0.004679939928596405,5,2000,51,full
0.001,1,-1.6846261513182814,221,True,True,True,False,14.352036000325164,0.004679964566174972,5,2000,51,full
0.001,2,-1.6846260490890455,166,True,True,True,False,14.351988149646418,0.004679980167894439,5,2000,51,full
0.001,3,-1.4996070582593708,35,True,True,True,False,14.292187547794052,0.004741275620831705,5,2000,51,full
0.001,4,-1.4996070544860263,38,True,True,True,True,14.292174541599023,0.004741286362403536,5,2000,51,full
0.001,5,-1.6867213894353013,300,True,True,True,False,14.353014494636144,0.00467928557728028,5,2000,51,full
0.001,6,-1.6851007535235583,300,True,True,True,False,14.351534514256223,0.004680128661770318,5,2000,51,full
0.001,7,-1.684678471467307,273,True,True,True,False,14.352188334580884,0.0046798716434334284,5,2000,51,full
0.001,8,-1.4996070570913405,57,True,True,True,False,14.292185283915506,0.004741277490558781,5,2000,51,full
0.001,9,-1.499607057905307,38,True,True,True,False,14.292186903651926,0.004741276152828702,5,2000,51,full
0.0001,0,-1.6846409928641595,300,True,True,True,False,14.352129485582774,0.004679939988301242,5,2000,51,full
0.0001,1,-1.6846261538249323,221,True,True,True,False,14.35203606061834,0.004679964547691347,5,2000,51,full
0.0001,2,-1.684626045692398,166,True,True,True,False,14.351988225787407,0.004679980141523832,5,2000,51,full
0.0001,3,-1.4996070582946168,35,True,True,True,False,14.292187610284605,0.004741275569219848,5,2000,51,full
0.0001,4,-1.499607054490444,38,True,True,True,False,14.292174756781806,0.004741286184696176,5,2000,51,full
0.0001,5,-1.6867214722224213,300,True,True,True,False,14.353012496834912,0.004679285327908237,5,2000,51,full
0.0001,6,-1.6851007444573392,300,True,True,True,False,14.351534486878935,0.004680128619209235,5,2000,51,full
0.0001,7,-1.6846784703541329,274,True,True,True,False,14.352188334034444,0.004679871635787648,5,2000,51,full
0.0001,8,-1.4996070571938325,58,True,True,True,False,14.292185501002713,0.004741277311273852,5,2000,51,full
0.0001,9,-1.4996070579060725,38,True,True,True,False,14.292186905055136,0.004741276151670155,5,2000,51,full
0.01,0,-1.7236518733246091,300,True,True,True,False,14.130439640386033,0.004788086228267265,5,5000,42,full
0.01,1,-1.7242608932381334,300,True,True,True,False,14.130606167421133,0.0047880041046573065,5,5000,42,full
0.01,2,-1.7235001382372523,300,True,True,True,False,14.130506885749002,0.004788066209144514,5,5000,42,full
0.01,3,-1.723501852356979,300,True,True,True,False,14.130505178404531,0.0047880663211697,5,5000,42,full
0.01,4,-1.7235559040851518,300,True,True,True,False,14.130499712632094,0.004788083615331992,5,5000,42,full
0.01,5,-1.5328594685621157,52,True,True,True,True,14.050210650366132,0.004841167447097032,5,5000,42,full
0.01,6,-1.7236039360514266,197,True,True,True,False,14.130381435868571,0.004788105162778624,5,5000,42,full
0.01,7,-1.7236874871149717,300,True,True,True,False,14.13037575722913,0.004788072718126515,5,5000,42,full
0.01,8,-1.7237796389334905,300,True,True,True,False,14.130243616236427,0.004788033804873639,5,5000,42,full
0.01,9,-1.5328594686764256,27,True,True,True,False,14.050210141097898,0.004841168122118859,5,5000,42,full
0.001,0,-1.7236378296722612,300,True,True,True,False,14.13045411388284,0.004788086861778043,5,5000,42,full
0.001,1,-1.72418751422795,300,True,True,True,False,14.130658719023605,0.004787999563988213,5,5000,42,full
0.001,2,-1.7235044553536745,300,True,True,True,False,14.130503655854687,0.004788066390816749,5,5000,42,full
0.001,3,-1.7235011540984204,300,True,True,True,False,14.13050566065258,0.00478806627529789,5,5000,42,full
0.001,4,-1.7235504481686215,300,True,True,True,False,14.130503417854621,0.004788081399831832,5,5000,42,full
0.001,5,-1.5328594695111328,48,True,True,True,False,14.050215474145814,0.004841161048910063,5,5000,42,full
0.001,6,-1.7236040350523296,242,True,True,True,False,14.130379648821103,0.004788105483342543,5,5000,42,full
0.001,7,-1.7236865514638433,300,True,True,True,False,14.130377229524345,0.004788073115710721,5,5000,42,full
0.001,8,-1.723770931105757,300,True,True,True,False,14.130272077207856,0.004788039248497879,5,5000,42,full
0.001,9,-1.5328594685843546,28,True,True,True,False,14.050210534286922,0.004841167601734828,5,5000,42,full
0.0001,0,-1.7236368348572173,300,True,True,True,False,14.13045529438211,0.004788086877789856,5,5000,42,full
0.0001,1,-1.7241805880992394,300,True,True,True,False,14.130662867298115,0.004787999217022794,5,5000,42,full
0.0001,2,-1.7235083562494293,300,True,True,True,False,14.130503096975003,0.004788066582525105,5,5000,42,full
0.0001,3,-1.723501094335782,300,True,True,True,False,14.130505712211827,0.0047880662711958805,5,5000,42,full
0.0001,4,-1.7235498153374251,300,True,True,True,False,14.130503798053754,0.004788081150407692,5,5000,42,full
0.0001,5,-1.532859469159679,49,True,True,True,False,14.05021480330505,0.004841161949306371,5,5000,42,full
0.0001,6,-1.7236040392292131,249,True,True,True,False,14.130379509786009,0.004788105502503694,5,5000,42,full
0.0001,7,-1.7236864564470156,300,True,True,True,False,14.130377378366354,0.004788073155889027,5,5000,42,full
0.0001,8,-1.723760376946106,300,True,True,True,False,14.130273802786284,0.004788039643618409,5,5000,42,full
0.0001,9,-1.532859468608196,28,True,True,True,False,14.050210421833457,0.004841167750572318,5,5000,42,full
0.01,0,-1.6983228421524192,300,True,True,True,False,27.76699758422513,0.004670699097548269,5,5000,43,full
0.01,1,-1.5153905578915292,44,True,True,True,False,14.266385026784047,0.004729395903995177,5,5000,43,full
0.01,2,-1.5153905569630401,37,True,True,True,False,14.266382882143262,0.004729404624314602,5,5000,43,full
0.01,3,-1.6981900059958477,300,True,True,True,False,14.345910455857268,0.004670997488589694,5,5000,43,full
0.01,4,-1.699014408656259,300,True,True,True,False,14.34549059140965,0.004671100930283317,5,5000,43,full
0.01,5,-1.6982054376563496,300,True,True,True,False,14.346014688501155,0.004671028276279778,5,5000,43,full
0.01,6,-1.698199560466931,300,True,True,True,False,14.34578020127246,0.004670991174845101,5,5000,43,full
0.01,7,-1.698183171549702,300,True,True,True,False,14.345972538037266,0.004671002436022148,5,5000,43,full
0.01,8,-1.5153905568745651,28,True,True,True,False,14.26638301305002,0.004729404091852585,5,5000,43,full
0.01,9,-1.6982022211247187,300,True,True,True,False,14.34574021670023,0.004670990753287496,5,5000,43,full
0.001,0,-1.5153905574694413,103,True,True,True,False,14.266384735928865,0.0047293970879010525,5,5000,43,full
0.001,1,-1.515390557752816,47,True,True,True,False,14.266384937867462,0.004729396265522729,5,5000,43,full
0.001,2,-1.5153905568695645,37,True,True,True,False,14.266383021536525,0.004729404057405911,5,5000,43,full
0.001,3,-1.6981906568015699,300,True,True,True,False,14.345903365880602,0.004670996825394381,5,5000,43,full
0.001,4,-1.6990131631852867,300,True,True,True,False,14.345499616738914,0.0046710989487254075,5,5000,43,full
0.001,5,-1.6982041096781575,300,True,True,True,False,14.346015823165846,0.0046710275378064915,5,5000,43,full
0.001,6,-1.6981996769693106,300,True,True,True,False,14.345778496303613,0.004670991153538114,5,5000,43,full
0.001,7,-1.6981837036098013,300,True,True,True,False,14.345968584769805,0.004671001772825221,5,5000,43,full
0.001,8,-1.515390556797848,29,True,True,True,True,14.266383160065244,0.004729403494027899,5,5000,43,full
0.001,9,-1.6982021572349237,300,True,True,True,False,14.345741168078101,0.004670990758254821,5,5000,43,full
0.0001,0,-1.5153905575307252,97,True,True,True,False,14.266384782274375,0.004729396898928763,5,5000,43,full
0.0001,1,-1.5153905573671134,48,True,True,True,False,14.266384653418665,0.00472939742192042,5,5000,43,full
0.0001,2,-1.5153905568614578,37,True,True,True,False,14.266383035286154,0.004729404001489294,5,5000,43,full
0.0001,3,-1.698190724119615,300,True,True,True,False,14.345902616399345,0.004670996759152787,5,5000,43,full
0.0001,4,-1.699013044195626,300,True,True,True,False,14.345500481961274,0.004671098763441486,5,5000,43,full
0.0001,5,-1.6982039832143523,300,True,True,True,False,14.34601594299186,0.004671027464386231,5,5000,43,full
0.0001,6,-1.6981996881311354,300,True,True,True,False,14.345778332802613,0.004670991151519993,5,5000,43,full
0.0001,7,-1.698183756477768,300,True,True,True,False,14.345968181555158,0.0046710017081808145,5,5000,43,full
0.0001,8,-1.5153905568148434,29,True,True,True,False,14.266383123155267,0.004729403644129256,5,5000,43,full
0.0001,9,-1.6982021504478753,300,True,True,True,False,14.345741269092297,0.0046709907587856375,5,5000,43,full
0.01,0,-1.7639633024432242,300,True,True,True,True,14.134771261883719,0.004672282889414404,5,5000,44,full
0.01,1,-1.7654301560058032,300,True,True,True,False,14.135697850383568,0.004672071765832284,5,5000,44,full
0.01,2,-1.7639748334830747,300,True,True,True,False,14.134861168304184,0.004672256910050899,5,5000,44,full
0.01,3,-1.765219269627538,300,True,True,True,False,14.135022904941023,0.004672221859404106,5,5000,44,full
0.01,4,-1.7640351852049572,300,True,True,True,False,14.13431796832211,0.004672370250509074,5,5000,44,full
0.01,5,-1.7640004957022826,300,True,True,True,False,14.134473074185046,0.00467235628327967,5,5000,44,full
0.01,6,-1.7642650176955716,300,True,True,True,False,14.134961327612848,0.004672300765188153,5,5000,44,full
0.01,7,-1.7643906017496183,300,True,True,True,False,14.135367961937396,0.004672042051228084,5,5000,44,full
0.01,8,-1.7639713496319092,300,True,True,True,False,14.134651440285854,0.004672318177815799,5,5000,44,full
0.01,9,-1.7640362380708932,300,True,True,True,False,14.134297200925857,0.004672370180346516,5,5000,44,full
0.001,0,-1.7639633469131055,300,True,True,True,False,14.13476829525923,0.004672284060837651,5,5000,44,full
0.001,1,-1.7654252979064988,300,True,True,True,False,14.135707571594084,0.004672068261766036,5,5000,44,full
0.001,2,-1.7639732438738918,300,True,True,True,False,14.134858950357982,0.004672258475108806,5,5000,44,full
0.001,3,-1.7652137971731343,300,True,True,True,False,14.134992639803066,0.004672243059066594,5,5000,44,full
0.001,4,-1.7644080267557198,300,True,True,True,False,14.13534498875157,0.004672047035270119,5,5000,44,full
0.001,5,-1.764000089759659,300,True,True,True,False,14.134474490916865,0.004672355982657925,5,5000,44,full
0.001,6,-1.7644538135480459,300,True,True,True,False,14.13535831660158,0.004672144397866255,5,5000,44,full
0.001,7,-1.7643910500951834,300,True,True,True,False,14.135368525575199,0.004672039483380612,5,5000,44,full
0.001,8,-1.763971673414595,300,True,True,True,False,14.13464847782642,0.0046723189209298506,5,5000,44,full
0.001,9,-1.7640355249283701,300,True,True,True,False,14.134300007341466,0.004672370014908501,5,5000,44,full
0.0001,0,-1.763963353117072,300,True,True,True,False,14.134767957841504,0.004672284186370885,5,5000,44,full
0.0001,1,-1.7654248780029522,300,True,True,True,False,14.135708302945982,0.004672067995151601,5,5000,44,full
0.0001,2,-1.7639722117918555,300,True,True,True,False,14.134860120358084,0.0046722584764081415,5,5000,44,full
0.0001,3,-1.7652133736055413,300,True,True,True,False,14.134990454261857,0.004672244535029669,5,5000,44,full
0.0001,4,-1.7640352079364838,300,True,True,True,False,14.134316429681872,0.004672370344204493,5,5000,44,full
0.0001,5,-1.7640000457799898,300,True,True,True,False,14.134474650815992,0.0046723559492691325,5,5000,44,full
0.0001,6,-1.7644596553394352,300,True,True,True,False,14.135376822810114,0.00467213255926574,5,5000,44,full
0.0001,7,-1.7643911078506844,300,True,True,True,False,14.135368574467616,0.004672039190880765,5,5000,44,full
0.0001,8,-1.7639717063106994,300,True,True,True,False,14.13464817955537,0.00467231899552333,5,5000,44,full
0.0001,9,-1.763987096927666,300,True,True,True,False,14.13454360796899,0.00467234387436768,5,5000,44,full
0.01,0,-1.5507210595757728,28,True,True,True,False,14.512911304694759,0.00451935685435761,5,5000,45,full
0.01,1,-1.7354951660098825,300,True,True,True,False,14.669728481309052,0.004445671351934982,5,5000,45,full
0.01,2,-1.7369646578874465,300,True,True,True,False,14.669742298751384,0.004445694021653876,5,5000,45,full
0.01,3,-1.7359090292349673,300,True,True,True,False,14.669345473056813,0.004445747745575912,5,5000,45,full
0.01,4,-1.735821456233058,300,True,True,True,False,14.669485193929388,0.004445723113069061,5,5000,45,full
0.01,5,-1.7354966565790382,300,True,True,True,False,14.669716764574106,0.004445676528745815,5,5000,45,full
0.01,6,-1.5507210594370038,32,True,True,True,False,14.512911023426266,0.004519357273949987,5,5000,45,full
0.01,7,-1.7362599553249578,300,True,True,True,False,14.669134453078398,0.0044457221688197065,5,5000,45,full
0.01,8,-1.7355651248261967,300,True,True,True,False,14.669677479428842,0.004445684389704079,5,5000,45,full
0.01,9,-1.5507210589016651,32,True,True,True,True,14.512906003640797,0.004519364753290355,5,5000,45,full
0.001,0,-1.5507210596642835,27,True,True,True,False,14.512911472975594,0.004519356603219992,5,5000,45,full
0.001,1,-1.7354951652821398,300,True,True,True,False,14.66972847695448,0.004445671346177403,5,5000,45,full
0.001,2,-1.7369645765996533,300,True,True,True,False,14.66976016202536,0.004445689735369868,5,5000,45,full
0.001,3,-1.7359085252079232,300,True,True,True,False,14.66934248891241,0.004445748021999909,5,5000,45,full
0.001,4,-1.7358295064685103,300,True,True,True,False,14.669471404794065,0.004445725290304525,5,5000,45,full
0.001,5,-1.7354969824599433,300,True,True,True,False,14.669716165530224,0.004445676731811203,5,5000,45,full
0.001,6,-1.5507210594406515,32,True,True,True,False,14.512911031251386,0.004519357262287204,5,5000,45,full
0.001,7,-1.7362457172657668,300,True,True,True,False,14.669094060297297,0.004445727415646367,5,5000,45,full
0.001,8,-1.73555638843981,300,True,True,True,False,14.66968147869875,0.004445683909861637,5,5000,45,full
0.001,9,-1.5507210589120874,32,True,True,True,False,14.512905963875395,0.004519364812489871,5,5000,45,full
0.0001,0,-1.5507210596246626,27,True,True,True,False,14.512911398451262,0.004519356714356837,5,5000,45,full
0.0001,1,-1.735495165406753,300,True,True,True,False,14.66972847753725,0.004445671344965771,5,5000,45,full
0.0001,2,-1.73696454178856,300,True,True,True,False,14.6697621593816,0.004445689245957018,5,5000,45,full
0.0001,3,-1.7359078860577117,300,True,True,True,False,14.669341642262403,0.0044457481185402456,5,5000,45,full
0.0001,4,-1.7358302451682108,300,True,True,True,False,14.669470059194753,0.004445725496468989,5,5000,45,full
0.0001,5,-1.7354970198023483,300,True,True,True,False,14.669716100109293,0.004445676753722931,5,5000,45,full
0.0001,6,-1.5507210594391556,32,True,True,True,False,14.512911027837758,0.004519357267374297,5,5000,45,full
0.0001,7,-1.7362446186659488,300,True,True,True,False,14.669090763477826,0.0044457278484452255,5,5000,45,full
0.0001,8,-1.735555760437595,300,True,True,True,False,14.669681764068786,0.004445683877574017,5,5000,45,full
0.0001,9,-1.55072105891323,32,True,True,True,False,14.512905959590036,0.004519364818871124,5,5000,45,full
0.01,0,-1.7088853635927679,300,True,True,True,False,13.922884658974052,0.004667557069672909,5,5000,46,full
0.01,1,-1.7100994964155944,300,True,True,True,False,13.922610452561024,0.004667696784851701,5,5000,46,full
0.01,2,-1.7089013785509504,300,True,True,True,False,13.922901785978516,0.004667556648877163,5,5000,46,full
0.01,3,-1.708892387908984,300,True,True,True,False,13.921661606331769,0.004667905317318744,5,5000,46,full
0.01,4,-1.708903703408876,300,True,True,True,False,13.922905364217016,0.004667556135934402,5,5000,46,full
0.01,5,-1.708846161021562,300,True,True,True,False,13.922166941393234,0.004667723334073829,5,5000,46,full
0.01,6,-1.708618365348382,300,True,True,True,False,13.922711136589385,0.004667612599390856,5,5000,46,full
0.01,7,-1.708906911498209,300,True,True,True,False,13.921749591795173,0.0046678598930373905,5,5000,46,full
0.01,8,-1.523680028077962,32,True,True,True,False,13.793715788952028,0.004747624589798254,5,5000,46,full
0.01,9,-1.5236800279921086,39,True,True,True,True,13.793716074583768,0.004747623814031536,5,5000,46,full
0.001,0,-1.7088929001326076,300,True,True,True,False,13.92288533664102,0.004667558045909927,5,5000,46,full
0.001,1,-1.7100955667679547,300,True,True,True,False,13.922615317025954,0.004667695251319824,5,5000,46,full
0.001,2,-1.7089005581961805,300,True,True,True,False,13.922900430341668,0.004667556896491708,5,5000,46,full
0.001,3,-1.708873186526032,300,True,True,True,False,13.921686435227075,0.0046679028208085485,5,5000,46,full
0.001,4,-1.7089023612136731,300,True,True,True,False,13.922903296134661,0.004667556432081768,5,5000,46,full
0.001,5,-1.7088500128280646,300,True,True,True,False,13.922137741194398,0.0046677322869047855,5,5000,46,full
0.001,6,-1.7086186632569678,300,True,True,True,False,13.922711571847257,0.004667612567377938,5,5000,46,full
0.001,7,-1.7089071314484714,300,True,True,True,False,13.92174943955096,0.0046678600512997295,5,5000,46,full
0.001,8,-1.5236800280864513,32,True,True,True,False,13.793715765341052,0.004747624653846748,5,5000,46,full
0.001,9,-1.5236800280685638,38,True,True,True,False,13.793715815788902,0.00474762451642138,5,5000,46,full
0.0001,0,-1.7089027203737561,300,True,True,True,False,13.922862858639016,0.004667565879496761,5,5000,46,full
0.0001,1,-1.71009515088364,300,True,True,True,False,13.922615870004373,0.004667695075287601,5,5000,46,full
0.0001,2,-1.708900506105533,300,True,True,True,False,13.922900331353778,0.004667556924207883,5,5000,46,full
0.0001,3,-1.708871530561558,300,True,True,True,False,13.92168897110435,0.00466790252881723,5,5000,46,full
0.0001,4,-1.7089022269148424,300,True,True,True,False,13.922903087510468,0.004667556460405804,5,5000,46,full
0.0001,5,-1.7088504178460007,300,True,True,True,False,13.922134667066466,0.004667733232057301,5,5000,46,full
0.0001,6,-1.708618694832024,300,True,True,True,False,13.922711617467122,0.004667612564011509,5,5000,46,full
0.0001,7,-1.708907153597609,300,True,True,True,False,13.921749425745906,0.004667860066821923,5,5000,46,full
0.0001,8,-1.5236800280873903,32,True,True,True,False,13.793715762825018,0.004747624660670848,5,5000,46,full
0.0001,9,-1.5236800280493679,38,True,True,True,False,13.793715873291719,0.0047476243603130856,5,5000,46,full
0.01,0,-1.6710914864892743,300,True,True,True,False,14.072854145061974,0.004579322228645751,5,5000,47,full
0.01,1,-1.6697773192644942,300,True,True,True,False,14.07555449452143,0.0045784325800949065,5,5000,47,full
0.01,2,-1.6701044725792231,300,True,True,True,False,14.075100321847263,0.004578595368251243,5,5000,47,full
0.01,3,-1.6697789558180554,300,True,True,True,False,14.075706621327388,0.004578385483586465,5,5000,47,full
0.01,4,-1.6718675847081366,300,True,True,True,False,14.202036545193707,0.004526710917011451,5,5000,47,full
0.01,5,-1.669845307932605,300,True,True,True,False,14.076873705470769,0.004578095429653426,5,5000,47,full
0.01,6,-1.6702683727577168,300,True,True,True,False,14.07288123304033,0.004579112731270629,5,5000,47,full
0.01,7,-1.4822106360923133,28,True,True,True,False,13.965313866812373,0.004656313481618051,5,5000,47,full
0.01,8,-1.4822106355163152,37,True,True,True,False,13.965313585731922,0.004656320158406459,5,5000,47,full
0.01,9,-1.4822106354374247,39,True,True,True,True,13.965313613625531,0.004656319536607136,5,5000,47,full
0.001,0,-1.6710895648250759,300,True,True,True,False,14.07285283292722,0.004579322961230954,5,5000,47,full
0.001,1,-1.6697772985525121,300,True,True,True,False,14.075551398769916,0.004578433725597681,5,5000,47,full
0.001,2,-1.6701078792971995,300,True,True,True,False,14.075039151386553,0.004578608277057428,5,5000,47,full
0.001,3,-1.6697788464846515,300,True,True,True,False,14.075702170456628,0.004578387145995672,5,5000,47,full
0.001,4,-1.634206659529787,300,True,True,True,False,14.360309142293362,0.003124833485052616,5,5000,47,full
0.001,5,-1.6698569685269162,300,True,True,True,False,14.077005595865415,0.004578060497608939,5,5000,47,full
0.001,6,-1.6702696463659539,300,True,True,True,False,14.072876353424594,0.0045791143894615095,5,5000,47,full
0.001,7,-1.4822106362708753,28,True,True,True,False,13.965313887916183,0.004656312954751173,5,5000,47,full
0.001,8,-1.4822106356816704,36,True,True,True,False,13.965313544433172,0.004656321071107506,5,5000,47,full
0.001,9,-1.4822106356262579,38,True,True,True,False,13.965313557509011,0.004656320799678214,5,5000,47,full
0.0001,0,-1.6710893652416472,300,True,True,True,False,14.072852705146534,0.0045793230317479824,5,5000,47,full
0.0001,1,-1.669777296700098,300,True,True,True,False,14.07555110466236,0.004578433836296253,5,5000,47,full
0.0001,2,-1.6701082090491988,300,True,True,True,False,14.075033360592942,0.004578609499507706,5,5000,47,full
0.0001,3,-1.669778836044514,300,True,True,True,False,14.075701763494054,0.004578387303741299,5,5000,47,full
0.0001,4,-1.6342064796186628,300,True,True,True,False,14.360610728431398,0.0031237478000645516,5,5000,47,full
0.0001,5,-1.6698582528836505,300,True,True,True,False,14.077019170812537,0.00457805693752413,5,5000,47,full
0.0001,6,-1.6702698016995026,300,True,True,True,False,14.07287569633468,0.004579114598011927,5,5000,47,full
0.0001,7,-1.4822106362916418,28,True,True,True,False,13.965313890209355,0.004656312896981644,5,5000,47,full
0.0001,8,-1.4822106356497922,36,True,True,True,False,13.965313551329668,0.0046563209175127076,5,5000,47,full
0.0001,9,-1.4822106356116256,38,True,True,True,False,13.965313560935291,0.004656320723063062,5,5000,47,full
0.01,0,-1.6945998375843951,300,True,True,True,False,14.378353527313218,0.004592196962385552,5,5000,48,full
0.01,1,-1.6945786089466393,219,True,True,True,False,14.378461839542888,0.0045921767255206435,5,5000,48,full
0.01,2,-1.6945985478811818,300,True,True,True,False,14.378359932184463,0.00459219524546766,5,5000,48,full
0.01,3,-1.5024117179210414,29,True,True,True,True,14.278485032807863,0.004666002800574558,5,5000,48,full
0.01,4,-1.6945786884448086,283,True,True,True,False,14.378468321941885,0.004592176580356994,5,5000,48,full
0.01,5,-1.694779483686879,234,True,True,True,False,14.376983774921042,0.004592544297211077,5,5000,48,full
0.01,6,-1.695517277621379,300,True,True,True,False,14.375935094990254,0.004592844884031186,5,5000,48,full
0.01,7,-1.6955438725198628,300,True,True,True,False,14.377385606483553,0.004592367883016852,5,5000,48,full
0.01,8,-1.6955888256896334,300,True,True,True,False,14.378163167330287,0.004592099482700889,5,5000,48,full
0.01,9,-1.6952164649106853,300,True,True,True,False,14.378085586329108,0.004592112638331183,5,5000,48,full
0.001,0,-1.694599861285906,300,True,True,True,False,14.37835328571571,0.0045921969984624965,5,5000,48,full
0.001,1,-1.6945786171392183,227,True,True,True,False,14.378462332540497,0.004592176795170855,5,5000,48,full
0.001,2,-1.694598540742287,300,True,True,True,False,14.378360034055016,0.004592195226293952,5,5000,48,full
0.001,3,-1.5024117179353884,29,True,True,True,False,14.278485044798682,0.004666002758662512,5,5000,48,full
0.001,4,-1.6945786879859726,284,True,True,True,False,14.378468224072401,0.0045921765892302955,5,5000,48,full
0.001,5,-1.6947795219814807,245,True,True,True,False,14.376985073140975,0.004592543158529137,5,5000,48,full
0.001,6,-1.6955131557577168,300,True,True,True,False,14.375899193249223,0.004592852898020007,5,5000,48,full
0.001,7,-1.6955431520261315,300,True,True,True,False,14.377387050724398,0.004592367746618252,5,5000,48,full
0.001,8,-1.6955911540728075,300,True,True,True,False,14.378151277041603,0.0045921024606730395,5,5000,48,full
0.001,9,-1.6952164816002493,300,True,True,True,False,14.378086024305482,0.004592112545497652,5,5000,48,full
0.0001,0,-1.6945998633075567,300,True,True,True,False,14.378353266504728,0.004592197001418201,5,5000,48,full
0.0001,1,-1.6945786212642706,227,True,True,True,False,14.378462138097017,0.0045921768351037335,5,5000,48,full
0.0001,2,-1.6945985398084114,300,True,True,True,False,14.378360047224827,0.004592195223954691,5,5000,48,full
0.0001,3,-1.5024117179334138,29,True,True,True,False,14.278485043179028,0.004666002764331612,5,5000,48,full
0.0001,4,-1.6945786883643685,284,True,True,True,False,14.378468196850058,0.004592176593213307,5,5000,48,full
0.0001,5,-1.6947795261836616,246,True,True,True,False,14.376985189830515,0.004592543052899201,5,5000,48,full
0.0001,6,-1.6955127276362396,300,True,True,True,False,14.375895608512742,0.004592853577802579,5,5000,48,full
0.0001,7,-1.6955430808403815,300,True,True,True,False,14.3773871949425,0.00459236773272359,5,5000,48,full
0.0001,8,-1.6955914402664005,300,True,True,True,False,14.37814978286635,0.004592102834552181,5,5000,48,full
0.0001,9,-1.6952164853420129,300,True,True,True,False,14.378086117070737,0.004592112525387031,5,5000,48,full
0.01,0,-1.6752353830039766,300,True,True,True,False,14.170761937251177,0.004666080704468885,5,5000,49,full
0.01,1,-1.6752401762474227,300,True,True,True,False,14.170763896008687,0.004666083454188155,5,5000,49,full
0.01,2,-1.676737190019561,300,True,True,True,False,14.290943490768887,0.004635509617814669,5,5000,49,full
0.01,3,-1.675234420384393,214,True,True,True,False,14.17073927457267,0.004666081940268767,5,5000,49,full
0.01,4,-1.6752574538780358,300,True,True,True,False,14.170666621186726,0.004666107377213686,5,5000,49,full
0.01,5,-1.6752669874696067,300,True,True,True,False,14.171376584380301,0.00466586623352226,5,5000,49,full
0.01,6,-1.6398399548418476,103,True,True,True,True,14.255101126530857,0.0031665235978767365,5,5000,49,full
0.01,7,-1.6398399602725895,139,True,True,True,False,14.253544597984384,0.0031674488956504594,5,5000,49,full
0.01,8,-1.6753025589068922,300,True,True,True,False,14.17152909993297,0.004665809538056813,5,5000,49,full
0.01,9,-1.6762856269961515,300,True,True,True,False,14.169414368405256,0.0046662235845365795,5,5000,49,full
0.001,0,-1.6752353753713571,300,True,True,True,False,14.170761966262123,0.004666080674009493,5,5000,49,full
0.001,1,-1.675240177518829,300,True,True,True,False,14.170763497992247,0.004666083543104593,5,5000,49,full
0.001,2,-1.6767425118232515,300,True,True,True,False,14.297984179646129,0.004635921577081215,5,5000,49,full
0.001,3,-1.6752344291777956,211,True,True,True,False,14.170736429205453,0.004666083771178822,5,5000,49,full
0.001,4,-1.6752562149320869,300,True,True,True,False,14.170674321990631,0.004666105627563123,5,5000,49,full
0.001,5,-1.6752447791584133,300,True,True,True,False,14.171194770532466,0.004665930838249423,5,5000,49,full
0.001,6,-1.639839955106309,103,True,True,True,False,14.255242219878609,0.003166420316475132,5,5000,49,full
0.001,7,-1.6398399641345571,138,True,True,True,False,14.253432287501933,0.0031675149160029716,5,5000,49,full
0.001,8,-1.6752939688754855,300,True,True,True,False,14.17144241228598,0.00466583775006641,5,5000,49,full
0.001,9,-1.6762286194082736,300,True,True,True,False,14.169816896933275,0.0046661251445698415,5,5000,49,full
0.0001,0,-1.6752353747441142,300,True,True,True,False,14.170761969917235,0.004666080670946552,5,5000,49,full
0.0001,1,-1.6752401773564751,300,True,True,True,False,14.170763458993246,0.004666083551619033,5,5000,49,full
0.0001,2,-1.6767431046795536,300,True,True,True,False,14.298767178724072,0.004635966078535813,5,5000,49,full
0.0001,3,-1.6752344326177708,212,True,True,True,False,14.17073691585632,0.004666083747091853,5,5000,49,full
0.0001,4,-1.6752560990328598,300,True,True,True,False,14.170675035866482,0.004666105464748926,5,5000,49,full
0.0001,5,-1.6752442954381908,300,True,True,True,False,14.17119130966317,0.004665932283237278,5,5000,49,full
0.0001,6,-1.6398399551552798,103,True,True,True,False,14.2552563806561,0.0031664099030368187,5,5000,49,full
0.0001,7,-1.639839964397864,138,True,True,True,False,14.253402275958344,0.0031675359882497043,5,5000,49,full
0.0001,8,-1.675293213859549,300,True,True,True,False,14.17143452114226,0.004665840298213692,5,5000,49,full
0.0001,9,-1.6762175196273048,300,True,True,True,False,14.1699079961435,0.004666103339373788,5,5000,49,full
0.01,0,-1.5088584641582112,40,True,True,True,False,13.696961506811098,0.004945147518170463,5,5000,50,full
0.01,1,-1.7055884026979269,300,True,True,True,False,13.699525284891067,0.004895956095707928,5,5000,50,full
0.01,2,-1.7046684428575956,300,True,True,True,False,13.700135898133901,0.0048961166735810606,5,5000,50,full
0.01,3,-1.704553270646967,300,True,True,True,False,13.700851710995725,0.004895843369072093,5,5000,50,full
0.01,4,-1.5088584640020715,42,True,True,True,False,13.696962317554643,0.004945148014875596,5,5000,50,full
0.01,5,-1.7058293624308705,300,True,True,True,False,13.701380630577397,0.004895861351333039,5,5000,50,full
0.01,6,-1.705566682292161,300,True,True,True,False,13.700157184094394,0.004896030631896105,5,5000,50,full
0.01,7,-1.7046240694787738,300,True,True,True,False,13.700645196745098,0.004896064700232125,5,5000,50,full
0.01,8,-1.7046550704507117,300,True,True,True,False,13.701274914191108,0.0048959118992520645,5,5000,50,full
0.01,9,-1.5088584639202938,44,True,True,True,False,13.69696279362157,0.004945148306702658,5,5000,50,full
0.001,0,-1.5088584640195664,58,True,True,True,False,13.696962220236973,0.0049451479553682745,5,5000,50,full
0.001,1,-1.705464233377301,300,True,True,True,False,13.699750953945797,0.00489593134394213,5,5000,50,full
0.001,2,-1.7046684632542553,300,True,True,True,False,13.700135872553178,0.0048961166670476045,5,5000,50,full
0.001,3,-1.7045531452459162,300,True,True,True,False,13.700851919433363,0.00489584319105832,5,5000,50,full
0.001,4,-1.5088584639097853,44,True,True,True,True,13.69696285826949,0.004945148346332064,5,5000,50,full
0.001,5,-1.705798865734101,300,True,True,True,False,13.701344752601212,0.004895869429981427,5,5000,50,full
0.001,6,-1.7055678045056268,300,True,True,True,False,13.700162464041107,0.004896028801007451,5,5000,50,full
0.001,7,-1.7046232933122611,300,True,True,True,False,13.700635765031329,0.0048960660879026315,5,5000,50,full
0.001,8,-1.704654108774726,300,True,True,True,False,13.701266691927914,0.004895914108176376,5,5000,50,full
0.001,9,-1.5088584641352991,46,True,True,True,False,13.696961619380147,0.004945147587018122,5,5000,50,full
0.0001,0,-1.7047108814023686,300,True,True,True,False,13.699753089502725,0.004895906911462214,5,5000,50,full
0.0001,1,-1.7054503569612771,300,True,True,True,False,13.699779640246419,0.004895927839059417,5,5000,50,full
0.0001,2,-1.7046684652148771,300,True,True,True,False,13.700135869221658,0.004896116666311826,5,5000,50,full
0.0001,3,-1.7045531327420247,300,True,True,True,False,13.700851940547999,0.004895843173121815,5,5000,50,full
0.0001,4,-1.5088584639678153,44,True,True,True,False,13.696962511819576,0.004945148133950101,5,5000,50,full
0.0001,5,-1.7057951701442053,300,True,True,True,False,13.70133977743966,0.0048958704158977105,5,5000,50,full
0.0001,6,-1.7055679279032319,300,True,True,True,False,13.700163046710681,0.004896028599857977,5,5000,50,full
0.0001,7,-1.7046232184186212,300,True,True,True,False,13.700634852147232,0.0048960662193714526,5,5000,50,full
0.0001,8,-1.7046540184581365,300,True,True,True,False,13.70126589225888,0.00489591432346218,5,5000,50,full
0.0001,9,-1.5088584643251368,46,True,True,True,False,13.696960743626313,0.004945147050534408,5,5000,50,full
0.01,0,-1.5331216425708483,23,True,True,True,False,14.060635854398159,0.004850177929486446,5,5000,51,full
0.01,1,-1.723749668153052,300,True,True,True,False,14.075488780880365,0.0048106270173123205,5,5000,51,full
0.01,2,-1.7237485215801804,231,True,True,True,False,14.075484007937433,0.004810627527412138,5,5000,51,full
0.01,3,-1.5331216427238352,35,True,True,True,False,14.060635834736914,0.0048501774929387825,5,5000,51,full
0.01,4,-1.5331216418251956,37,True,True,True,True,14.060636281097029,0.0048501838613063345,5,5000,51,full
0.01,5,-1.5331216425499168,26,True,True,True,False,14.060635870330893,0.004850177993840161,5,5000,51,full
0.01,6,-1.7238574080331355,300,True,True,True,False,14.075162541755482,0.004810647834377653,5,5000,51,full
0.01,7,-1.7241281665292172,300,True,True,True,False,14.075147122273158,0.004810632779206407,5,5000,51,full
0.01,8,-1.5331216427204035,26,True,True,True,False,14.060635835299319,0.004850177502188628,5,5000,51,full
0.01,9,-1.533121642315224,37,True,True,True,False,14.060635925967429,0.004850178770377864,5,5000,51,full
0.001,0,-1.53312164187187,20,True,True,True,False,14.06063552388829,0.004850183856225117,5,5000,51,full
0.001,1,-1.7237496903034863,300,True,True,True,False,14.075487514658873,0.004810627082781979,5,5000,51,full
0.001,2,-1.7237485313003997,234,True,True,True,False,14.07548244133291,0.004810627606236598,5,5000,51,full
0.001,3,-1.5331216426848848,36,True,True,True,False,14.060635842470347,0.0048501776007615575,5,5000,51,full
0.001,4,-1.5331216419274087,36,True,True,True,False,14.060636342016421,0.004850184753757676,5,5000,51,full
0.001,5,-1.533121642459001,26,True,True,True,False,14.060635890730913,0.0048501782785611664,5,5000,51,full
0.001,6,-1.7238477481570942,300,True,True,True,False,14.075165946365892,0.004810646691297279,5,5000,51,full
0.001,7,-1.724185080573114,300,True,True,True,False,14.075382924146995,0.004810578863422918,5,5000,51,full
0.001,8,-1.5331216425619851,26,True,True,True,False,14.060635867920281,0.0048501779574487685,5,5000,51,full
0.001,9,-1.533121642288937,37,True,True,True,False,14.060635932856359,0.004850178867304726,5,5000,51,full
0.0001,0,-1.533121641876531,21,True,True,True,False,14.06063609905783,0.004850184252260076,5,5000,51,full
0.0001,1,-1.7237496924940199,300,True,True,True,False,14.075487383019937,0.00481062708960445,5,5000,51,full
0.0001,2,-1.7237485334552929,234,True,True,True,False,14.075482387582497,0.004810627608051141,5,5000,51,full
0.0001,3,-1.533121642250553,37,True,True,True,False,14.060635943198667,0.004850179012917168,5,5000,51,full
0.0001,4,-1.5331216419095657,36,True,True,True,False,14.060636333448688,0.004850184628076722,5,5000,51,full
0.0001,5,-1.5331216424515537,26,True,True,True,False,14.06063589244936,0.00485017830255341,5,5000,51,full
0.0001,6,-1.7238468313313646,300,True,True,True,False,14.075166314683425,0.004810646585433308,5,5000,51,full
0.0001,7,-1.724244940373345,300,True,True,True,False,14.075487557474412,0.004810543923186643,5,5000,51,full
0.0001,8,-1.5331216425477958,26,True,True,True,False,14.060635870991536,0.004850178000366803,5,5000,51,full
0.0001,9,-1.533121642286223,37,True,True,True,False,14.060635933580265,0.004850178877505868,5,5000,51,full
0.01,0,-1.7002005670423395,135,True,True,True,False,12.85887008373773,0.005183332295729783,5,500,42,full
0.01,1,-1.5081257394646321,32,True,True,True,True,12.879651980254108,0.005199829996476736,5,500,42,full
0.01,2,-1.6968779737799253,190,True,True,True,False,17.848468957669503,0.00518354047786559,5,500,42,full
0.01,3,-1.69979034994724,300,True,True,True,False,12.861562794901198,0.005183637927790676,5,500,42,full
0.01,4,-1.6966390313969437,246,True,True,True,False,12.848822617240492,0.00518390960079992,5,500,42,full
0.01,5,-1.69978764372477,126,True,True,True,False,12.861327764741079,0.005183628199869058,5,500,42,full
0.01,6,-1.6985379466395436,273,True,True,True,False,12.852476210882768,0.005183524333409347,5,500,42,full
0.01,7,-1.6966392291034063,105,True,True,True,False,12.848822747582036,0.0051839098338107795,5,500,42,full
0.01,8,-1.6966392180339964,147,True,True,True,False,12.84882287961768,0.005183909845639737,5,500,42,full
0.01,9,-1.5081257673883322,30,True,True,True,False,12.879642054426208,0.0051998238217099875,5,500,42,full
0.001,0,-1.7002005812102263,137,True,True,True,False,12.858853285725573,0.005183332645499924,5,500,42,full
0.001,1,-1.5081257397994798,32,True,True,True,False,12.879651710260523,0.005199829825437378,5,500,42,full
0.001,2,-1.696877987073676,127,True,True,True,False,17.843490428434933,0.005183540451514293,5,500,42,full
0.001,3,-1.6997903409916186,300,True,True,True,False,12.861562287765109,0.00518363790430059,5,500,42,full
0.001,4,-1.6966390336104413,245,True,True,True,False,12.848822584617565,0.005183909596237816,5,500,42,full
0.001,5,-1.699787651662264,126,True,True,True,False,12.861329337688927,0.005183628246372515,5,500,42,full
0.001,6,-1.6985379441673623,232,True,True,True,False,12.852481564657161,0.005183524605532037,5,500,42,full
0.001,7,-1.696639244213394,105,True,True,True,False,12.848822571303876,0.005183909817600352,5,500,42,full
0.001,8,-1.6966392180130465,146,True,True,True,False,12.848822879533294,0.005183909845667665,5,500,42,full
0.001,9,-1.5081257633833691,30,True,True,True,False,12.8796430128127,0.005199824405887062,5,500,42,full
0.0001,0,-1.7002005884454552,137,True,True,True,False,12.858845893784311,0.00518333277333353,5,500,42,full
0.0001,1,-1.5081257398314976,32,True,True,True,False,12.879651685459343,0.005199829809734552,5,500,42,full
0.0001,2,-1.6968779829047158,122,True,True,True,False,17.844992717218602,0.0051835404595575165,5,500,42,full
0.0001,3,-1.6997903404656018,300,True,True,True,False,12.86156225794742,0.005183637902920403,5,500,42,full
0.0001,4,-1.6966390320395148,245,True,True,True,False,12.848822638958111,0.00518390960819211,5,500,42,full
0.0001,5,-1.6997876524066218,126,True,True,True,False,12.861329484175434,0.005183628251030765,5,500,42,full
0.0001,6,-1.6985379413111867,228,True,True,True,False,12.852481682025797,0.00518352455671702,5,500,42,full
0.0001,7,-1.6966392458701358,105,True,True,True,False,12.848822551977358,0.005183909815823282,5,500,42,full
0.0001,8,-1.6966392155234313,146,True,True,True,False,12.848822908512767,0.005183909848339864,5,500,42,full
0.0001,9,-1.508125762917171,30,True,True,True,False,12.879643128617298,0.005199824476647724,5,500,42,full
0.01,0,-1.6751915109512345,189,True,True,True,False,14.405155640239625,0.004690851852108551,5,500,43,full
0.01,1,-1.675191626517807,123,True,True,True,False,14.405137401885984,0.004690852018820213,5,500,43,full
0.01,2,-1.4901184817396318,36,True,True,True,False,14.368680319062182,0.004708856111260721,5,500,43,full
0.01,3,-1.6751916218873484,112,True,True,True,False,14.405137299587054,0.004690852082344762,5,500,43,full
0.01,4,-1.680934819726475,151,True,True,True,False,14.406844857899307,0.004691267035476911,5,500,43,full
0.01,5,-1.6751916001484308,56,True,True,True,False,14.405140514838562,0.004690852859432915,5,500,43,full
0.01,6,-1.675191630652767,99,True,True,True,False,14.405137494598147,0.00469085198115255,5,500,43,full
0.01,7,-1.6781238503403575,300,True,True,True,False,14.403077599549318,0.004690737620069937,5,500,43,full
0.01,8,-1.67519162275282,155,True,True,True,False,14.40513732668166,0.004690852078364676,5,500,43,full
0.01,9,-1.6751916306581158,156,True,True,True,False,14.405137522314611,0.004690851992161481,5,500,43,full
0.001,0,-1.6751915203156404,187,True,True,True,False,14.405157241025714,0.0046908516839604735,5,500,43,full
0.001,1,-1.6751916061794094,125,True,True,True,False,14.405136855129115,0.004690852191113124,5,500,43,full
0.001,2,-1.490118481031866,36,True,True,True,False,14.368678593775387,0.004708855556765137,5,500,43,full
0.001,3,-1.6751916132094127,112,True,True,True,False,14.405137065006889,0.004690852153789396,5,500,43,full
0.001,4,-1.6751915796149077,243,True,True,True,False,14.40514970497915,0.00469085130049411,5,500,43,full
0.001,5,-1.675191600365069,58,True,True,True,False,14.405139332789057,0.0046908526298203345,5,500,43,full
0.001,6,-1.6751916230373933,99,True,True,True,False,14.405137293523017,0.004690852044294177,5,500,43,full
0.001,7,-1.6780616532737,300,True,True,True,False,14.403545336854572,0.004690718939575948,5,500,43,full
0.001,8,-1.6751916251683054,153,True,True,True,False,14.405137390387281,0.004690852057966805,5,500,43,full
0.001,9,-1.675191607403619,157,True,True,True,False,14.405136897209012,0.004690852186201854,5,500,43,full
0.0001,0,-1.675191528362197,186,True,True,True,False,14.405158540790222,0.004690851545783384,5,500,43,full
0.0001,1,-1.6751916107777736,125,True,True,True,False,14.405136980976435,0.004690852151697448,5,500,43,full
0.0001,2,-1.49011848097977,36,True,True,True,True,14.36867842311801,0.004708855501995023,5,500,43,full
0.0001,3,-1.6751916122329795,112,True,True,True,False,14.405137038387066,0.004690852161925541,5,500,43,full
0.0001,4,-1.6751915805584774,242,True,True,True,False,14.405147646258563,0.004690851415302458,5,500,43,full
0.0001,5,-1.6751916061557826,58,True,True,True,False,14.405139463791338,0.004690852574690094,5,500,43,full
0.0001,6,-1.6751916224542946,99,True,True,True,False,14.405137278017778,0.004690852049180477,5,500,43,full
0.0001,7,-1.6780300514572903,300,True,True,True,False,14.403726899367713,0.004690712893848061,5,500,43,full
0.0001,8,-1.6751916194663892,153,True,True,True,False,14.405137237657087,0.004690852104515788,5,500,43,full
0.0001,9,-1.675191608131555,157,True,True,True,False,14.40513691716532,0.004690852179956213,5,500,43,full
0.01,0,-1.690898548750265,194,True,True,True,False,13.853101470270198,0.005002449240674547,5,500,44,full
0.01,1,-1.6913154141035862,271,True,True,True,False,13.854752115308182,0.0050021934963867185,5,500,44,full
0.01,2,-1.6898757698769558,240,True,True,True,False,13.856265210143327,0.005002621533775088,5,500,44,full
0.01,3,-1.6913438326519636,300,True,True,True,False,13.852676979181568,0.005002324726300189,5,500,44,full
0.01,4,-1.6914639946775893,44,True,True,True,False,13.852945859809472,0.005002488599992567,5,500,44,full
0.01,5,-1.6892669581272879,232,True,True,True,False,13.854199785068996,0.005002672953594481,5,500,44,full
0.01,6,-1.6892679637441423,300,True,True,True,False,13.854160597562808,0.00500267208895214,5,500,44,full
0.01,7,-1.483821699782585,26,True,True,True,False,13.819927544491575,0.005023710427003436,5,500,44,full
0.01,8,-1.6913154584739885,110,True,True,True,False,13.854746888372807,0.005002195697666511,5,500,44,full
0.01,9,-1.6892669634950537,232,True,True,True,False,13.854199379772766,0.0050026729502532594,5,500,44,full
0.001,0,-1.6908985451687295,192,True,True,True,False,13.853101070234963,0.00500244922632018,5,500,44,full
0.001,1,-1.691315426010802,267,True,True,True,False,13.85475164880769,0.005002193430898753,5,500,44,full
0.001,2,-1.6898757520463696,242,True,True,True,False,13.85626598510589,0.0050026214873606705,5,500,44,full
0.001,3,-1.6913426128179518,300,True,True,True,False,13.852684656378065,0.005002328159541387,5,500,44,full
0.001,4,-1.6914639894711003,42,True,True,True,False,13.852949275456426,0.005002487884261967,5,500,44,full
0.001,5,-1.6892669584951954,232,True,True,True,False,13.854199757245647,0.005002672953364805,5,500,44,full
0.001,6,-1.6892669339887412,300,True,True,True,False,13.854203021384462,0.005002672941285755,5,500,44,full
0.001,7,-1.483821699986305,28,True,True,True,False,13.819927854968213,0.005023710122124418,5,500,44,full
0.001,8,-1.6913154710329912,110,True,True,True,False,13.854746178283381,0.005002195539701925,5,500,44,full
0.001,9,-1.6892669470323654,233,True,True,True,False,13.85420062747077,0.005002672960557999,5,500,44,full
0.0001,0,-1.6908985290291003,192,True,True,True,False,13.853101315046516,0.005002449119215097,5,500,44,full
0.0001,1,-1.6913154080971584,267,True,True,True,False,13.854752337048488,0.005002193536361643,5,500,44,full
0.0001,2,-1.689875755375325,242,True,True,True,False,13.856265835729214,0.0050026214962530695,5,500,44,full
0.0001,3,-1.6913425349053122,300,True,True,True,False,13.852685197446752,0.0050023284025523754,5,500,44,full
0.0001,4,-1.6914639854045876,42,True,True,True,False,13.852948840396262,0.005002487840347496,5,500,44,full
0.0001,5,-1.689266958548572,232,True,True,True,False,13.854199753209665,0.0050026729533314785,5,500,44,full
0.0001,6,-1.689266950911509,299,True,True,True,False,13.85420183553719,0.005002672928429094,5,500,44,full
0.0001,7,-1.4838216995232216,28,True,True,True,True,13.819927057116232,0.0050237108995169946,5,500,44,full
0.0001,8,-1.6913154724165993,110,True,True,True,False,13.85474610240731,0.0050021955236110175,5,500,44,full
0.0001,9,-1.6892669485552059,233,True,True,True,False,13.854200511413435,0.0050026729595988055,5,500,44,full
0.01,0,-1.6292652463740873,167,True,True,True,False,386.3283774445447,0.0035771158453772166,5,500,45,full
0.01,1,-1.6333182158067767,73,True,True,True,False,14.889479370696478,0.004446198358868782,5,500,45,full
0.01,2,-1.6306813287587876,79,True,True,True,False,45.4619439715958,0.00444605190935561,5,500,45,full
0.01,3,-1.6332036918236494,215,True,True,True,False,14.889778942127334,0.004445971418847746,5,500,45,full
0.01,4,-1.630681310146454,70,True,True,True,False,45.40825657778769,0.00444603449614644,5,500,45,full
0.01,5,-1.6327572090760483,75,True,True,True,False,24.773249656080633,0.004445196814942471,5,500,45,full
0.01,6,-1.6362120412681584,160,True,True,True,False,18.98430819841878,0.004445617368128399,5,500,45,full
0.01,7,-1.6362648443149426,300,True,True,True,False,14.90285442285174,0.004445374459872161,5,500,45,full
0.01,8,-1.630681321593317,68,True,True,True,False,45.393740854636356,0.0044460356699074525,5,500,45,full
0.01,9,-1.4413488817513946,30,True,True,True,False,14.883512395347134,0.004469165737899171,5,500,45,full
0.001,0,-1.6292652469493452,169,True,True,True,False,386.3378527181661,0.003577011673314328,5,500,45,full
0.001,1,-1.6333182132352162,75,True,True,True,False,14.889479426160038,0.004446198207163944,5,500,45,full
0.001,2,-1.6306813376827578,165,True,True,True,False,45.437161786497825,0.004446050774753931,5,500,45,full
0.001,3,-1.63320367490405,215,True,True,True,False,14.889778499041874,0.004445971549175494,5,500,45,full
0.001,4,-1.6306813084908962,71,True,True,True,False,45.410456979181035,0.004446034305903534,5,500,45,full
0.001,5,-1.6327572057419508,74,True,True,True,False,24.77354108871277,0.004445196785831688,5,500,45,full
0.001,6,-1.6362120486470428,156,True,True,True,False,18.982790795113576,0.004445617429815304,5,500,45,full
0.001,7,-1.6362665628767035,300,True,True,True,False,14.902914181829983,0.0044453576076584535,5,500,45,full
0.001,8,-1.630681318922026,69,True,True,True,False,45.39586452450889,0.004446034932884271,5,500,45,full
0.001,9,-1.441348881707468,30,True,True,True,False,14.883512666121883,0.004469165650662061,5,500,45,full
0.0001,0,-1.6292652453130054,169,True,True,True,False,386.3112845529206,0.0035773033203053872,5,500,45,full
0.0001,1,-1.633318221473952,75,True,True,True,False,14.889479519413449,0.004446198194672463,5,500,45,full
0.0001,2,-1.630681320872367,167,True,True,True,False,45.45550969438811,0.004446048944747821,5,500,45,full
0.0001,3,-1.6332036742354608,215,True,True,True,False,14.889778481421065,0.0044459715543555866,5,500,45,full
0.0001,4,-1.6306813103221123,71,True,True,True,False,45.40759587955308,0.004446034335223181,5,500,45,full
0.0001,5,-1.6327572049350594,74,True,True,True,False,24.773662207701694,0.004445196775026396,5,500,45,full
0.0001,6,-1.6362120388444388,156,True,True,True,False,18.984806130715853,0.004445617350981566,5,500,45,full
0.0001,7,-1.6362667342784567,300,True,True,True,False,14.902920318676001,0.004445355866799222,5,500,45,full
0.0001,8,-1.63068132094756,69,True,True,True,False,45.39286272333489,0.004446034922581183,5,500,45,full
0.0001,9,-1.4413488817039803,30,True,True,True,True,14.883512690825006,0.004469165642702061,5,500,45,full
0.01,0,-1.6074187546018117,83,True,True,True,False,15.547730720113163,0.004634449783327237,5,500,46,full
0.01,1,-1.6059854501799937,225,True,True,True,False,1440.705674872593,0.0011329443483093775,5,500,46,full
0.01,2,-1.6070987969866444,70,True,True,True,False,15.543514935859612,0.004636143039285871,5,500,46,full
0.01,3,-1.607931366864273,253,True,True,True,False,15.543111738881386,0.00463619715483396,5,500,46,full
0.01,4,-1.6103970094903135,112,True,True,True,False,15.558819459541352,0.004632762894180433,5,500,46,full
0.01,5,-1.6097915904789393,192,True,True,True,False,15.562745116884905,0.004632700982953176,5,500,46,full
0.01,6,-1.6070988460973865,101,True,True,True,False,15.543507132326466,0.004636137910370478,5,500,46,full
0.01,7,-1.607931354098817,243,True,True,True,False,15.543112996290962,0.004636197286492841,5,500,46,full
0.01,8,-1.419652699286073,24,True,True,True,False,15.541862949556188,0.004659150655172685,5,500,46,full
0.01,9,-1.4196526992267415,39,True,True,True,True,15.5418627253085,0.004659150737104204,5,500,46,full
0.001,0,-1.607418735087462,84,True,True,True,False,15.547727905831817,0.004634450595330969,5,500,46,full
0.001,1,-1.6059854367520778,221,True,True,True,False,1440.7233383619746,0.0011329089380396383,5,500,46,full
0.001,2,-1.6070987987525118,67,True,True,True,False,15.543515791489533,0.004636142927923023,5,500,46,full
0.001,3,-1.6079313565726039,253,True,True,True,False,15.543112746967886,0.004636197259253891,5,500,46,full
0.001,4,-1.6103970021444118,103,True,True,True,False,15.558818173815853,0.004632762923954794,5,500,46,full
0.001,5,-1.6097916105918069,181,True,True,True,False,15.56274382121917,0.004632701144277295,5,500,46,full
0.001,6,-1.607098856752174,102,True,True,True,False,15.54350723012671,0.004636137723885779,5,500,46,full
0.001,7,-1.607931354034556,256,True,True,True,False,15.543113003152548,0.004636197287169089,5,500,46,full
0.001,8,-1.4196526993885097,24,True,True,True,False,15.541864534928454,0.004659150311880632,5,500,46,full
0.001,9,-1.4196526998302292,39,True,True,True,False,15.541867861491081,0.004659149599656196,5,500,46,full
0.0001,0,-1.6074187362707388,84,True,True,True,False,15.547728079942615,0.004634450545175828,5,500,46,full
0.0001,1,-1.605985442108636,220,True,True,True,False,1440.716290717809,0.0011329230670356937,5,500,46,full
0.0001,2,-1.6070987933218353,67,True,True,True,False,15.543514526792988,0.004636143002543985,5,500,46,full
0.0001,3,-1.6079313570899532,253,True,True,True,False,15.543112695165194,0.004636197253675273,5,500,46,full
0.0001,4,-1.6103970219347181,101,True,True,True,False,15.55882458293545,0.0046327627003281005,5,500,46,full
0.0001,5,-1.6097915826765932,181,True,True,True,False,15.56274562899459,0.0046327009191685364,5,500,46,full
0.0001,6,-1.6070988603445537,102,True,True,True,False,15.543507259924784,0.004636137663207766,5,500,46,full
0.0001,7,-1.607931353171314,257,True,True,True,False,15.543113090976089,0.004636197296891572,5,500,46,full
0.0001,8,-1.4196526993992653,24,True,True,True,False,15.541864655506215,0.004659150285836443,5,500,46,full
0.0001,9,-1.4196526999678951,39,True,True,True,False,15.541868532591746,0.004659149450889008,5,500,46,full
0.01,0,-1.5986000269270793,96,True,True,True,False,56.5615257144518,0.004308600929365045,5,500,47,full
0.01,1,-1.6000700925268485,138,True,True,True,False,64.36235263462123,0.004307480620575452,5,500,47,full
0.01,2,-1.5967131310563867,57,True,True,True,False,142.2955013649769,0.004307378027723101,5,500,47,full
0.01,3,-1.5932816882276377,66,True,True,True,False,25.50975852533694,0.004313070408307655,5,500,47,full
0.01,4,-1.5975477873718276,101,True,True,True,False,17.138641406370148,0.004308640704420687,5,500,47,full
0.01,5,-1.593281676405045,75,True,True,True,False,25.516739737139428,0.0043130713955142575,5,500,47,full
0.01,6,-1.5932816776056713,58,True,True,True,False,25.51001918918394,0.004313070604934541,5,500,47,full
0.01,7,-1.596730196835895,123,True,True,True,False,26.42012309671019,0.004314818027465395,5,500,47,full
0.01,8,-1.6088224214626055,300,True,True,True,False,17.69876556564081,0.004187396506491654,5,500,47,full
0.01,9,-1.4037967091567105,40,True,True,True,True,16.5773032776758,0.004468314910376445,5,500,47,full
0.001,0,-1.597443621037761,55,True,True,True,False,192.9714261102238,0.00430847408911159,5,500,47,full
0.001,1,-1.5932815124070518,150,True,True,True,False,25.603057741089017,0.004313088377267782,5,500,47,full
0.001,2,-1.5967131252032423,63,True,True,True,False,142.29285016429878,0.004307378121551007,5,500,47,full
0.001,3,-1.5932816727887886,67,True,True,True,False,25.51417761192988,0.004313071095312302,5,500,47,full
0.001,4,-1.597547788153242,145,True,True,True,False,17.138626963136492,0.004308640581335442,5,500,47,full
0.001,5,-1.5932816814930308,75,True,True,True,False,25.515353348434818,0.004313071186270694,5,500,47,full
0.001,6,-1.5932816648247046,59,True,True,True,False,25.51393207418832,0.004313071196081729,5,500,47,full
0.001,7,-1.5967302039215963,122,True,True,True,False,26.419493599837814,0.004314818031092945,5,500,47,full
0.001,8,-1.6088224616898015,300,True,True,True,False,17.69876935648748,0.004187392778427027,5,500,47,full
0.001,9,-1.4037967101243995,40,True,True,True,False,16.57730956382626,0.004468312943686389,5,500,47,full
0.0001,0,-1.595981537775781,90,True,True,True,False,453.8149952621275,0.004308423153958449,5,500,47,full
0.0001,1,-1.593281496040953,104,True,True,True,False,25.609907750589585,0.004313086461254379,5,500,47,full
0.0001,2,-1.596713121959641,65,True,True,True,False,142.29136812779635,0.004307378173890609,5,500,47,full
0.0001,3,-1.593281673806614,67,True,True,True,False,25.513859527309762,0.0043130710483186025,5,500,47,full
0.0001,4,-1.5974227405639572,111,True,True,True,False,17.131685249522135,0.004308793994728697,5,500,47,full
0.0001,5,-1.5932816820395583,75,True,True,True,False,25.515204752537848,0.004313071163848102,5,500,47,full
0.0001,6,-1.5932816659201408,59,True,True,True,False,25.51356658135535,0.004313071142217526,5,500,47,full
0.0001,7,-1.5967302025917283,122,True,True,True,False,26.419345802288355,0.004314818025422581,5,500,47,full
0.0001,8,-1.6088224671446694,300,True,True,True,False,17.69876989918055,0.004187392259044113,5,500,47,full
0.0001,9,-1.4037967102384308,40,True,True,True,False,16.577310221139168,0.004468312737961468,5,500,47,full
0.01,0,-1.5726140600353136,82,True,True,True,False,17.631248089205695,0.004359160280047028,5,500,48,full
0.01,1,-1.5708197486544426,175,True,True,True,False,19.93906232916421,0.00436078652409074,5,500,48,full
0.01,2,-1.5664888391437588,117,True,True,True,False,17.631866921942187,0.00435944748812856,5,500,48,full
0.01,3,-1.3826560965830401,28,True,True,True,False,16.990993392179476,0.004521096271787324,5,500,48,full
0.01,4,-1.5664888278801974,129,True,True,True,False,17.63186397452204,0.004359448143904715,5,500,48,full
0.01,5,-1.5646411085178804,124,True,True,True,False,20.4199630807514,0.004356228443788419,5,500,48,full
0.01,6,-1.3826560948506303,29,True,True,True,False,16.990991686358125,0.004521096662888233,5,500,48,full
0.01,7,-1.5718488080514381,221,True,True,True,False,17.63523040922918,0.004358667272053098,5,500,48,full
0.01,8,-1.5711060203335616,229,True,True,True,False,17.638338064056168,0.004357762988594278,5,500,48,full
0.01,9,-1.5669395109109847,129,True,True,True,False,17.63436273128899,0.004358898724236491,5,500,48,full
0.001,0,-1.5726140724818145,82,True,True,True,False,17.631249261740276,0.004359160025916398,5,500,48,full
0.001,1,-1.5708197390076999,171,True,True,True,False,19.932757432518244,0.004360786342527597,5,500,48,full
0.001,2,-1.5664888327363413,117,True,True,True,False,17.631865342837038,0.0043594478381200254,5,500,48,full
0.001,3,-1.3826560959441785,27,True,True,True,False,16.99099274682648,0.004521096419209778,5,500,48,full
0.001,4,-1.5664888276789504,129,True,True,True,False,17.631863930330194,0.00435944815359151,5,500,48,full
0.001,5,-1.5653996749890127,140,True,True,True,False,32.88703871121076,0.004356610783595259,5,500,48,full
0.001,6,-1.3826560953995115,29,True,True,True,False,16.990992231330456,0.0045210965379790325,5,500,48,full
0.001,7,-1.5718487948141797,246,True,True,True,False,17.635230153404596,0.004358667270733642,5,500,48,full
0.001,8,-1.571106034617707,198,True,True,True,False,17.638338744993607,0.004357762845879177,5,500,48,full
0.001,9,-1.5669395200481158,126,True,True,True,False,17.634365222712347,0.004358898170320563,5,500,48,full
0.0001,0,-1.5726140727631057,82,True,True,True,False,17.631249305904905,0.004359160016195034,5,500,48,full
0.0001,1,-1.5708197523462908,170,True,True,True,False,19.937632994015313,0.004360786547827603,5,500,48,full
0.0001,2,-1.5664888340810794,117,True,True,True,False,17.631865648684066,0.0043594477707858915,5,500,48,full
0.0001,3,-1.3826560940930679,27,True,True,True,True,16.99099090582048,0.004521096841149352,5,500,48,full
0.0001,4,-1.5664888275186724,129,True,True,True,False,17.631863892804606,0.004359448161861031,5,500,48,full
0.0001,5,-1.5653996790365137,140,True,True,True,False,32.88517417558674,0.00435661077207469,5,500,48,full
0.0001,6,-1.382656095457224,29,True,True,True,False,16.990992288463243,0.004521096524883891,5,500,48,full
0.0001,7,-1.5718488111667916,248,True,True,True,False,17.635231130843085,0.004358667251065136,5,500,48,full
0.0001,8,-1.5711060477334606,191,True,True,True,False,17.638339363497668,0.004357762715665481,5,500,48,full
0.0001,9,-1.56693951493497,126,True,True,True,False,17.634363866317532,0.004358898471659964,5,500,48,full
0.01,0,-1.5803851019232509,300,True,True,True,False,18.048131198950752,0.00412719646971901,5,500,49,full
0.01,1,-1.5759990320975639,138,True,True,True,False,18.044723308521988,0.004127991052687057,5,500,49,full
0.01,2,-1.3928356270365279,22,True,True,True,False,17.338972384702014,0.004307107855070644,5,500,49,full
0.01,3,-1.5801438267917927,131,True,True,True,False,18.033052158623786,0.004130182398257289,5,500,49,full
0.01,4,-1.5746662430736786,226,True,True,True,False,497.6862648468194,0.004128783623737429,5,500,49,full
0.01,5,-1.3928356415815484,38,True,True,True,False,17.338983523460985,0.0043071028516196656,5,500,49,full
0.01,6,-1.580018152028524,300,True,True,True,False,18.039291982041064,0.004128287109611591,5,500,49,full
0.01,7,-1.5780961718045958,300,True,True,True,False,18.031060390780205,0.004130746185339585,5,500,49,full
0.01,8,-1.5759988526041844,87,True,True,True,False,18.092350641371628,0.004127946430001168,5,500,49,full
0.01,9,-1.574666220312229,184,True,True,True,False,497.6998451104965,0.004128783617801818,5,500,49,full
0.001,0,-1.5803736885265434,300,True,True,True,False,18.047181805885444,0.004127400702205668,5,500,49,full
0.001,1,-1.5759990502677603,149,True,True,True,False,18.04472641909904,0.0041279902514763335,5,500,49,full
0.001,2,-1.3928356079007798,24,True,True,True,False,17.338958715255377,0.0043071166785018655,5,500,49,full
0.001,3,-1.5801437988931901,133,True,True,True,False,18.0330477303168,0.0041301832791538415,5,500,49,full
0.001,4,-1.5746662394040407,228,True,True,True,False,497.6884534420332,0.004128783622783725,5,500,49,full
0.001,5,-1.3928356442200103,40,True,True,True,False,17.338984611989222,0.004307102233449069,5,500,49,full
0.001,6,-1.5800181162388476,300,True,True,True,False,18.039291433571076,0.004128287242191507,5,500,49,full
0.001,7,-1.5780961858209082,300,True,True,True,False,18.031060021159636,0.004130746245204474,5,500,49,full
0.001,8,-1.5744522763556423,117,True,True,True,False,36.826753746349745,0.004127219033221511,5,500,49,full
0.001,9,-1.5746662472420383,184,True,True,True,False,497.68377918544314,0.004128783624819269,5,500,49,full
0.0001,0,-1.5803734364096036,300,True,True,True,False,18.047161662930193,0.004127405037243451,5,500,49,full
0.0001,1,-1.5759990351989328,150,True,True,True,False,18.044727387401934,0.004127990098340874,5,500,49,full
0.0001,2,-1.392835607179569,24,True,True,True,True,17.338956483068493,0.0043071179337759065,5,500,49,full
0.0001,3,-1.580143800162301,133,True,True,True,False,18.033047805292284,0.0041301832617130245,5,500,49,full
0.0001,4,-1.5746662459561296,228,True,True,True,False,497.68454594706117,0.004128783624485704,5,500,49,full
0.0001,5,-1.3928356485063749,40,True,True,True,False,17.338986305326127,0.004307101272258611,5,500,49,full
0.0001,6,-1.5800181126469828,300,True,True,True,False,18.03929137853172,0.00412828725549604,5,500,49,full
0.0001,7,-1.5780961886087121,300,True,True,True,False,18.031059947920557,0.004130746257063572,5,500,49,full
0.0001,8,-1.574452268681444,122,True,True,True,False,36.829735498150704,0.004127219043553842,5,500,49,full
0.0001,9,-1.5746662488115233,184,True,True,True,False,497.6828433768651,0.004128783625226064,5,500,49,full
0.01,0,-1.6220361297265584,120,True,True,True,False,15.92249126300555,0.004261493569332348,5,500,50,full
0.01,1,-1.6207052346702582,63,True,True,True,False,15.916724340292456,0.004262353467797053,5,500,50,full
0.01,2,-1.6220361323067676,155,True,True,True,False,15.92249083652288,0.004261493579508185,5,500,50,full
0.01,3,-1.620705237413537,89,True,True,True,False,15.91672654749666,0.004262353555016477,5,500,50,full
0.01,4,-1.6158904074195841,80,True,True,True,False,525.5377877029318,0.0025863453504608985,5,500,50,full
0.01,5,-1.4386336372364574,42,True,True,True,False,15.438012079854147,0.004431058048575016,5,500,50,full
0.01,6,-1.6215317223287915,300,True,True,True,False,15.903687325717334,0.0042624000841210465,5,500,50,full
0.01,7,-1.6200425102200975,79,True,True,True,False,15.917553420131725,0.004261614877017753,5,500,50,full
0.01,8,-1.6171571097369644,137,True,True,True,False,72.89124238928426,0.004261836605252012,5,500,50,full
0.01,9,-1.6224388910820733,171,True,True,True,False,17.743342501876636,0.004261941738279649,5,500,50,full
0.001,0,-1.6220361581636071,121,True,True,True,False,15.922489953678168,0.0042614935684568925,5,500,50,full
0.001,1,-1.6207052270582274,64,True,True,True,False,15.916723743050557,0.0042623534740110856,5,500,50,full
0.001,2,-1.6220361557748373,153,True,True,True,False,15.922489733191465,0.004261493579617178,5,500,50,full
0.001,3,-1.6207052271274347,94,True,True,True,False,15.916725656481061,0.004262353567207274,5,500,50,full
0.001,4,-1.615890406422341,77,True,True,True,False,525.5373416992774,0.0025863459061077317,5,500,50,full
0.001,5,-1.4386336354268079,41,True,True,True,True,15.438015587155009,0.004431058841780395,5,500,50,full
0.001,6,-1.621532928235748,300,True,True,True,False,15.903706236841723,0.00426239854906949,5,500,50,full
0.001,7,-1.6200425214978489,80,True,True,True,False,15.91755399506992,0.004261614877126397,5,500,50,full
0.001,8,-1.617157131092309,137,True,True,True,False,72.8669810267963,0.004261836622211894,5,500,50,full
0.001,9,-1.6224389119021474,167,True,True,True,False,17.737266882490275,0.004261941900648864,5,500,50,full
0.0001,0,-1.6220361315442662,122,True,True,True,False,15.922491167952606,0.0042614935696082155,5,500,50,full
0.0001,1,-1.6207052285077377,64,True,True,True,False,15.916723858550087,0.004262353470260967,5,500,50,full
0.0001,2,-1.6220361520103903,153,True,True,True,False,15.922489909019694,0.004261493579539868,5,500,50,full
0.0001,3,-1.620705238076713,94,True,True,True,False,15.916726664170868,0.004262353553313613,5,500,50,full
0.0001,4,-1.6158904027389807,77,True,True,True,False,525.5356934512286,0.0025863479610724123,5,500,50,full
0.0001,5,-1.4386336357348526,41,True,True,True,False,15.438014922410376,0.004431058691445923,5,500,50,full
0.0001,6,-1.62153309068232,300,True,True,True,False,15.90370880536966,0.004262398341018577,5,500,50,full
0.0001,7,-1.62004252524974,80,True,True,True,False,15.917554161592028,0.004261614878639132,5,500,50,full
0.0001,8,-1.617157133663434,137,True,True,True,False,72.86407244719736,0.004261836624241375,5,500,50,full
0.0001,9,-1.6224389007435365,167,True,True,True,False,17.73844110593778,0.004261941917779511,5,500,50,full
0.01,0,-1.6700157596981986,283,True,True,True,False,16.386099016360436,0.004002950266636186,5,500,51,full
0.01,1,-1.6698500187165213,203,True,True,True,False,16.38578460265395,0.004002957956793472,5,500,51,full
0.01,2,-1.669850037724116,140,True,True,True,False,16.385785278164388,0.004002957925230503,5,500,51,full
0.01,3,-1.5016816377989208,33,True,True,True,False,16.026560971739336,0.004128951895611217,5,500,51,full
0.01,4,-1.5016816521825413,53,True,True,True,False,16.02654011737299,0.004128945877963173,5,500,51,full
0.01,5,-1.6764094009434662,217,True,True,True,False,16.39000880368114,0.004002744417972816,5,500,51,full
0.01,6,-1.6700157339944834,149,True,True,True,False,16.38610021470604,0.004002950245638127,5,500,51,full
0.01,7,-1.6763373384708649,164,True,True,True,False,16.39634505268029,0.004002168615616569,5,500,51,full
0.01,8,-1.5016816590074515,68,True,True,True,False,16.026535927041508,0.004128944680353261,5,500,51,full
0.01,9,-1.6753204853264971,155,True,True,True,False,96.92943270424263,0.004002568520186677,5,500,51,full
0.001,0,-1.6700157635758242,279,True,True,True,False,16.386099080660454,0.004002950263081581,5,500,51,full
0.001,1,-1.6698500240956353,205,True,True,True,False,16.38578478765737,0.004002957947575379,5,500,51,full
0.001,2,-1.6698500308837145,144,True,True,True,False,16.385785046504186,0.004002957936537106,5,500,51,full
0.001,3,-1.5016816377810513,33,True,True,True,False,16.02656086484519,0.004128951864462389,5,500,51,full
0.001,4,-1.5016816581808732,52,True,True,True,False,16.02653639736149,0.0041289448146818305,5,500,51,full
0.001,5,-1.6764094086181403,216,True,True,True,False,16.39000870372171,0.004002744412290769,5,500,51,full
0.001,6,-1.6700157522049544,139,True,True,True,False,16.386100715234036,0.004002950222504085,5,500,51,full
0.001,7,-1.676337314924384,161,True,True,True,False,16.39634339007567,0.004002168756059229,5,500,51,full
0.001,8,-1.5016816533055202,70,True,True,True,False,16.026539373293843,0.004128945665083334,5,500,51,full
0.001,9,-1.6753204618427369,158,True,True,True,False,96.9448313472991,0.004002568500417912,5,500,51,full
0.0001,0,-1.6700157534232771,279,True,True,True,False,16.386098910708533,0.00400295027249564,5,500,51,full
0.0001,1,-1.669850030964896,205,True,True,True,False,16.385785020777586,0.004002957935984703,5,500,51,full
0.0001,2,-1.6698500127088658,145,True,True,True,False,16.385784419745942,0.004002957967619693,5,500,51,full
0.0001,3,-1.5016816377790343,33,True,True,True,True,16.026560852256434,0.004128951860795335,5,500,51,full
0.0001,4,-1.5016816579036412,52,True,True,True,False,16.026536557130623,0.004128944860305284,5,500,51,full
0.0001,5,-1.6764094054166319,216,True,True,True,False,16.390008745735514,0.0040027444146767815,5,500,51,full
0.0001,6,-1.6700157388201249,139,True,True,True,False,16.386100349560085,0.004002950239372988,5,500,51,full
0.0001,7,-1.6763372990957495,161,True,True,True,False,16.396342228163178,0.004002168814028717,5,500,51,full
0.0001,8,-1.501681654310739,70,True,True,True,False,16.026538727970067,0.00412894548055099,5,500,51,full
0.0001,9,-1.6753204878789192,158,True,True,True,False,96.92774633823123,0.004002568522335276,5,500,51,full
